aardvark	99
abacus	87
abalone	122
abandon	83
abandoner	119
abandonment	103
abase	146
abasement	151
abate	144
abatement	151
abattoir	152
abbacy	145
abbess	154
abbey	131
abbot	121
abbreviate	100
abbreviated	105
abbreviation	91
abdicate	126
abdication	149
abdomen	86
abdominal	102
abduct	113
abduction	119
abductor	111
abeam	134
aberrant	133
aberration	127
abet	122
abettor	156
abeyance	150
abhor	138
abhorrent	121
abide	95
abiding	103
ability	88
abject	140
abjuration	171
abjure	146
ablation	133
ablaze	108
able	78
ablution	136
abnormal	100
abnormality	116
aboard	87
abode	121
abolish	104
abolition	133
abolitionism	118
abolitionist	126
abominable	89
abominate	150
abomination	112
aboriginal	148
aborigine	126
aborning	132
abort	122
abortion	132
abortionist	150
abortive	139
abound	116
about	51
above	45
aboveboard	130
aboveground	80
abovementioned	142
abracadabra	69
abrade	140
abrasion	120
abrasive	122
abrasiveness	121
abreaction	158
abreast	131
abridge	144
abridged	126
abridgement	123
abroad	102
abrogate	152
abrupt	110
abruption	118
abruptness	124
abscess	131
abscond	134
absconder	166
absence	77
absent	65
absentee	110
absenteeism	134
absentminded	108
absentmindedness	96
absinthe	163
absolute	85
absolutely	71
absoluteness	127
absolution	117
absolve	129
absolver	136
absorb	88
absorbent	103
absorber	103
absorption	109
abstain	130
abstention	152
abstinence	127
abstract	115
abstraction	136
abstractionist	147
abstruse	146
absurd	105
absurdist	130
absurdity	132
abundance	104
abundant	128
abuse	86
abuser	99
abusive	96
abusiveness	105
abut	131
abutment	153
abuzz	130
abysm	152
abysmal	138
abyss	110
abyssal	173
ac	108
acacia	142
academe	133
academia	137
academic	97
academician	152
academicism	150
academy	90
acanthus	152
accede	143
accelerando	145
accelerant	128
accelerate	107
accelerated	101
acceleration	98
accelerator	103
accent	86
accentuate	132
accept	67
acceptable	98
acceptance	86
acceptant	119
access	91
accessibility	110
accessible	99
accession	122
accessorize	114
accessory	112
accident	53
accidental	68
acclaim	121
acclamation	140
acclimate	142
acclimatization	161
acclimatize	140
accolade	124
accommodate	99
accommodation	96
accommodative	152
accompaniment	112
accompanist	128
accompany	108
accomplice	98
accomplish	78
accomplishment	90
accord	96
accordance	118
according	84
accordion	86
accost	134
account	83
accountability	122
accountable	117
accountancy	148
accountant	117
accounting	120
accoutrement	139
accreditation	155
accredited	139
accrete	140
accrual	150
accrue	141
accumulate	123
accumulation	105
accumulative	125
accumulator	139
accuracy	97
accurate	94
accursed	127
accusation	102
accusative	133
accusatory	112
accuse	91
accuser	117
accustom	120
ace	88
acerb	157
acerbic	166
acerbity	158
acetaminophen	135
acetate	128
acetic	138
acetone	140
acetyl	163
acetylcholine	163
acetylene	169
acetylsalicylic	177
ache	58
achievable	99
achieve	85
achievement	88
achiever	91
achiness	101
achy	81
acid	96
acidic	112
acidity	128
acidophilus	174
acidosis	168
acidulous	154
acknowledge	91
acknowledgement	100
acme	95
acne	114
acolyte	138
aconitum	110
acorn	60
acoustic	124
acoustical	129
acoustics	113
acquaintance	105
acquaintanceship	142
acquiesce	142
acquiescence	136
acquiescent	142
acquire	99
acquirer	118
acquisition	136
acquisitive	142
acquisitiveness	144
acquit	132
acquittal	124
acre	98
acreage	131
acrid	141
acrimonious	163
acrimony	148
acrobat	80
acrobatic	94
acrobatics	90
acronym	116
acrophobia	144
acropolis	154
across	66
acrostic	148
acrylic	116
act	64
actinic	156
action	67
actionable	125
activate	111
activation	98
activator	115
active	65
activism	119
activist	118
activity	65
actor	72
actress	62
actual	69
actuality	124
actualization	138
actualize	136
actually	73
actuarial	158
actuary	173
actuation	147
actuator	137
acuity	139
acumen	144
acupressure	144
acupuncture	118
acupuncturist	146
acute	116
acuteness	130
acyclovir	126
ad	82
adage	162
adagio	126
adamant	143
adamantine	159
adapt	90
adaptability	116
adaptable	94
adaptation	114
adapter	118
adaption	124
adaptive	113
adaptor	102
add	51
addendum	156
adder	121
addict	112
addiction	121
addictive	103
addictiveness	116
addition	58
additional	90
additive	123
addle	131
addled	120
address	52
addressee	100
adduce	130
adductor	142
adenoidal	153
adenoma	138
adenosine	163
adept	125
adeptness	144
adequacy	125
adequate	104
adhere	108
adherence	122
adherent	142
adhesion	135
adhesive	92
adiabatic	185
adipose	157
adiposity	159
adjacent	110
adjective	86
adjoining	118
adjourn	126
adjournment	143
adjudge	152
adjudicate	152
adjudication	163
adjudicator	165
adjunct	131
adjuration	160
adjure	131
adjust	84
adjustability	120
adjustable	90
adjuster	113
adjustment	97
adjustor	133
adjutant	139
adjuvant	142
admin	139
administer	94
administrate	125
administration	111
administrative	115
administrator	122
admirable	114
admiral	87
admiralty	114
admiration	90
admire	74
admirer	88
admissibility	138
admissible	131
admission	88
admit	76
admittance	104
admixture	141
admonish	134
admonition	139
ado	119
adobe	122
adolescence	104
adolescent	110
adopt	78
adoptable	92
adopter	102
adoption	78
adoptive	92
adorability	118
adorable	69
adorableness	83
adoration	118
adore	80
adoring	85
adorn	116
adornment	123
adrenal	142
adrenalin	116
adrenaline	116
adrift	112
adroit	128
adroitness	152
adulation	127
adult	47
adulterant	129
adulterate	138
adulterer	116
adulteress	122
adulterous	116
adultery	118
adulthood	100
adumbration	165
advance	84
advanced	90
advancement	109
advantage	93
advantageous	126
advent	104
adventure	57
adventurer	78
adventuresome	104
adventuress	104
adventurist	87
adventurous	100
adventurousness	118
adverb	81
adverbial	131
adversarial	140
adversary	127
adverse	107
adversity	118
advert	142
advertise	96
advertisement	77
advertiser	110
advertising	100
advice	86
advisable	108
advise	89
advisee	129
advisement	125
adviser	108
advisor	112
advisory	116
advocacy	141
advocate	111
aegis	170
aerate	134
aeration	124
aerial	115
aerialist	141
aerie	130
aero	114
aerobatics	95
aerobic	102
aerobics	110
aerodynamic	134
aerodynamics	115
aeronaut	129
aeronautical	144
aeronautics	124
aerosol	95
aerospace	121
aesthete	149
aesthetic	157
aesthetics	151
afar	82
afeard	109
affability	141
affable	134
affair	109
affaire	114
affect	96
affectation	138
affection	85
affectionate	85
affective	117
affectless	136
affiant	140
affidavit	157
affiliate	120
affiliation	123
affinity	122
affirm	122
affirmation	126
affirmative	107
affix	119
afflict	115
affliction	113
afflictive	144
affluence	139
affluent	132
afford	75
affordability	109
affordable	82
affray	130
affright	128
affront	124
afghan	91
aficionado	139
afire	119
aflame	112
afloat	93
afoot	115
aforementioned	146
aforesaid	144
aforethought	137
afoul	118
afraid	44
afro	96
aft	139
after	60
afterbirth	141
afterburner	107
aftercare	116
afterdeck	159
aftereffect	121
afterglow	125
afterimage	137
afterlife	81
aftermarket	142
aftermath	120
afternoon	46
afterschool	69
aftershave	104
aftershock	103
aftertaste	100
afterthought	128
afterwards	77
afterworld	104
again	58
against	80
agate	130
agave	146
age	44
ageism	171
ageist	158
ageless	103
agency	106
agenda	100
agent	96
ageratum	133
agglomerate	157
agglutinate	149
aggrandize	148
aggrandizement	148
aggravate	83
aggravated	86
aggravation	91
aggregate	137
aggregation	146
aggress	121
aggression	93
aggressive	83
aggressiveness	111
aggressor	115
aggrieved	124
aghast	120
agile	119
agility	101
aging	74
agitate	102
agitated	101
agitation	115
agitator	118
agitprop	166
agleam	147
aglitter	137
aglow	101
agnate	165
agnostic	138
ago	71
agog	147
agonist	151
agonize	116
agonizing	109
agony	92
agora	137
agoraphobia	144
agoraphobic	146
agrarian	148
agree	77
agreeable	84
agreement	82
agribusiness	181
agricultural	101
agriculturalist	128
agriculture	103
ague	152
ahead	55
ahoy	76
aid	73
aide	78
aider	129
aids	89
aigrette	150
aikido	141
ail	97
aileron	147
ailing	106
ailment	104
aim	67
aimer	98
aimless	103
air	39
airbag	123
airbase	104
airboat	108
airborne	98
airbrush	121
aircraft	76
aircraftsman	117
aircrew	102
airdrome	151
airdrop	92
airfare	103
airfield	86
airflow	124
airfoil	146
airforce	68
airhead	102
airiness	114
airless	100
airlift	121
airline	87
airliner	99
airlock	116
airmail	120
airman	106
airmattress	94
airmobile	127
airplane	39
airplay	129
airport	68
airship	108
airsick	115
airsickness	102
airspace	115
airspeed	109
airstream	122
airstrike	128
airstrip	82
airtight	98
airtime	118
airwave	114
airway	112
airworthy	133
airy	103
aisle	60
ajar	97
aka	109
akimbo	141
akin	127
alabaster	137
alacrity	152
alarm	64
alarmclock	58
alarming	98
alarmist	131
alarum	124
alas	98
albacore	145
albatross	116
albinism	142
albino	98
album	67
albumen	154
albumin	142
alcalde	110
alchemical	156
alchemist	120
alchemy	134
alcohol	90
alcoholic	100
alcoholism	116
alcove	121
alder	141
alderman	142
ale	102
alehouse	138
aleph	137
alert	89
alertness	94
alexandrine	142
alfalfa	88
alfresco	153
alga	133
algebra	115
algebraic	111
alginate	149
algorithm	146
algorithmic	153
alias	95
alibi	125
alien	75
alienate	130
alienation	135
alienist	141
aliens	86
alight	114
align	98
alignment	118
alike	61
alimentary	132
alimony	145
alit	127
alive	51
alkali	144
alkaline	137
alkaloid	141
alky	142
alkyd	166
all	42
allay	158
allegation	118
allege	128
alleged	120
allegiance	84
allegiant	152
allegorical	124
allegory	142
allegro	131
allele	145
allergen	116
allergic	77
allergist	122
allergy	81
alleviate	114
alley	73
alleyway	81
alliance	113
allied	108
alligator	48
alliteration	139
alliterative	152
allocate	138
allocation	124
allocution	152
allograft	152
allot	137
allotment	133
allow	53
allowable	96
allowance	70
alloy	145
allude	131
allure	118
alluring	129
allusion	130
alluvial	168
ally	96
almanac	106
almandine	172
almightiness	89
almighty	85
almond	77
almoner	130
almost	55
alms	99
almshouse	178
aloe	90
aloft	98
aloha	102
alone	49
aloneness	91
along	54
alongshore	116
aloof	134
alopecia	179
aloud	62
alp	118
alpaca	108
alpha	122
alphabet	42
alphabetical	63
alphabetize	71
alphanumeric	130
alphorn	150
alpine	113
alright	63
also	66
altar	72
altarpiece	112
alter	95
alteration	102
altercation	117
alternate	88
alternating	120
alternation	123
alternative	101
alternator	113
although	81
altimeter	141
altitude	96
alto	102
altogether	84
altruism	158
altruist	155
altruistic	138
alum	131
alumina	118
aluminum	73
alumna	140
alumnus	140
alveolar	150
alveolus	145
always	63
amah	140
amalgam	152
amalgamated	151
amalgamation	169
amandine	153
amanita	155
amanuensis	120
amaranth	157
amaretto	146
amaryllis	154
amass	120
amassment	148
amateur	105
amateurish	126
amateurism	129
amaze	75
amazed	72
amazement	92
amazing	52
ambassador	110
ambassadorial	127
ambassadorship	134
amber	93
ambergris	175
ambiance	148
ambidextrous	118
ambience	133
ambient	128
ambiguity	141
ambiguous	137
ambition	113
ambitious	110
ambivalence	134
ambivalent	121
amble	119
ambrosia	138
ambrosial	171
ambulance	62
ambulation	154
ambulatory	126
ambush	93
ameliorate	137
amelioration	162
amen	58
amenable	141
amend	114
amendment	101
amends	102
americanize	124
amethyst	122
amiability	132
amiable	131
amicable	130
amice	121
amicus	154
amid	115
amidst	104
amino	138
amiss	113
amity	131
ammeter	168
ammo	81
ammonia	110
ammonium	124
ammunition	97
amnesia	106
amnesiac	126
amnesic	137
amnesty	130
amniocentesis	144
amniotic	139
amoeba	126
amoebic	137
among	77
amongst	90
amontillado	144
amoral	117
amorality	150
amorous	137
amorphous	148
amortization	173
amortize	159
amount	66
amour	127
amp	121
amperage	121
ampersand	132
amphetamine	155
amphibian	83
amphibious	109
amphitheater	118
amphora	154
ample	116
amplification	114
amplifier	114
amplify	121
amplitude	124
amputate	96
amputation	119
amputee	110
amuck	112
amulet	115
amuse	90
amused	78
amusement	88
amusing	84
amyl	157
amylase	182
anabolic	155
anachronism	143
anachronistic	158
anaconda	101
anaerobic	131
anaesthetize	142
anagogic	153
anagram	114
anal	132
analeptic	156
analgesia	154
analgesic	149
analog	136
analogous	144
analogue	122
analogy	113
analysis	113
analyst	118
analytic	126
analytical	124
analyzable	113
analyze	114
analyzer	114
anapestic	157
anaphylactic	163
anaphylaxis	170
anarchic	142
anarchism	125
anarchist	126
anarchistic	160
anarchy	139
anathema	130
anatomic	125
anatomical	120
anatomist	142
anatomize	142
anatomy	119
ancestor	86
ancestors	90
ancestral	112
ancestry	101
anchor	57
anchorage	120
anchorite	150
anchorman	81
anchorwoman	112
anchovy	93
ancient	83
ancillary	138
and	46
andiron	125
androgynous	158
androgyny	165
android	139
anecdotal	125
anecdote	143
anemia	120
anemic	134
anemone	131
anent	170
aneroid	118
anesthesia	125
anesthesiologist	130
anesthetic	130
anesthetist	133
anesthetize	128
aneurism	152
aneurysm	150
anew	106
angel	40
angelfish	74
angelic	83
angelical	114
anger	60
angina	159
angiogram	150
angiography	157
angioplasty	173
angle	80
angler	115
angleworm	102
anglophile	171
angora	151
angry	44
angst	131
anguish	115
anguished	121
angular	113
anhydride	168
aniline	168
animalistic	126
animate	85
animated	70
animation	85
animator	102
anime	139
animosity	126
animus	151
anion	134
anise	141
anisette	166
ankh	148
ankle	49
anklebone	74
anklet	91
annals	143
annatto	147
annex	125
annexation	138
annihilate	113
annihilation	121
anniversary	73
annotate	151
annotator	154
announce	95
announcement	78
announcer	68
annoy	72
annoyance	95
annoyed	77
annoyer	95
annoying	65
annual	93
annuity	159
annul	126
annular	142
annulment	124
annunciation	120
anode	150
anodic	140
anodized	144
anodyne	151
anoint	92
anointed	126
anomalous	151
anomaly	124
anonymity	134
anonymous	103
anorectic	148
anorexia	131
anorexic	121
anosmatic	147
another	50
anoxia	148
answer	54
answerable	94
ant	43
antacid	129
antagonism	118
antagonist	112
antagonistic	139
antagonize	123
ante	117
anteater	85
antebellum	175
antecedent	153
antechamber	158
antediluvian	149
antelope	84
antenatal	175
antenna	70
anterior	141
anteroom	156
anthem	94
anther	117
anthill	70
anthology	145
anthracite	141
anthrax	143
anthropoid	143
anthropological	149
anthropologist	126
anthropology	146
anti	94
antiaircraft	121
antibacterial	116
antibiotic	95
antibiotics	96
antibody	125
antic	116
antichrist	128
anticipate	106
anticipation	100
anticipatory	139
anticlimactic	142
anticlimax	149
anticline	107
anticoagulant	145
anticoagulation	164
anticommunism	135
anticommunist	129
anticorrosive	136
antics	96
antidemocratic	137
antidepressant	140
antidotal	147
antidote	101
antiestablishment	148
antifascist	158
antifeminist	126
antifreeze	100
antifungal	120
antigen	136
antigovernment	124
antigravity	114
antigun	136
antihistamine	129
antihuman	111
antimatter	148
antimilitary	128
antimissile	147
antimony	121
antinuclear	132
antioxidant	145
antipasto	163
antipathy	132
antipersonnel	130
antiperspirant	113
antiphonal	160
antipsychotic	137
antiquarian	138
antiquated	136
antique	80
antiques	110
antiquity	132
antiseptic	100
antiseptics	108
antiserum	138
antislavery	111
antisocial	115
antispasmodic	160
antitank	138
antithesis	134
antithetical	149
antitoxin	136
antitrust	149
antivenin	138
antiviral	151
antivirus	132
antivivisection	161
antivivisectionist	150
antiwar	124
antler	64
antsy	91
anus	112
anvil	108
anxiety	82
anxious	102
any	60
anybody	51
anyhow	77
anyone	54
anything	61
anytime	59
anyway	63
aorta	131
aortal	138
aortic	131
apache	105
apart	66
apartheid	154
apartment	78
apartments	66
apartness	98
apathetic	146
apathy	142
apatite	124
ape	59
apelike	95
aperitif	152
aperture	149
apex	126
aphasia	166
aphasic	147
aphid	107
aphis	166
aphorism	162
aphrodisiac	133
apiary	153
apish	126
aplenty	132
aplomb	147
apnea	156
apocalypse	128
apogee	170
apolitical	172
apollonian	154
apologetic	98
apologia	140
apologist	124
apologize	57
apology	56
apoplectic	149
apoplexy	155
apostate	126
apostle	95
apostolate	168
apostrophe	84
apothecary	145
apothegm	155
apotheosis	156
app	183
appalled	115
appalling	122
appaloosa	117
apparatchik	158
apparatus	109
apparel	108
apparent	102
apparition	119
appeal	102
appear	67
appearance	88
appease	118
appeasement	131
appeaser	131
appellant	142
appellate	135
appellation	162
append	133
appendage	116
appendectomy	119
appendicitis	120
appendix	106
apperception	138
appetite	88
appetizer	91
appetizing	107
applaud	71
applause	62
apple	42
applecart	88
applejack	74
applesauce	43
appliance	88
applicability	146
applicable	134
applicant	118
application	94
applicator	107
apply	92
appoint	103
appointee	135
appointment	75
appraisal	129
appraise	145
appraiser	130
appreciable	102
appreciate	88
appreciation	85
appreciative	99
appreciator	118
apprehend	115
apprehensibility	142
apprehension	112
apprehensive	114
apprentice	106
apprenticeship	144
apprise	143
approach	85
approachable	100
approbation	152
appropriate	92
appropriateness	104
appropriation	129
approval	80
approve	79
approximate	107
approximation	126
apricot	62
apriority	143
apron	68
apse	127
apt	125
aptitude	124
aqualung	148
aquamarine	99
aquaplane	135
aquarium	68
aquatic	94
aquatics	94
aquavit	148
aqueduct	116
aqueous	118
aquifer	133
arabesque	130
arable	130
arachnid	119
arachnophobia	124
aragonite	147
arbiter	164
arbitrage	171
arbitrary	141
arbitrate	147
arbitration	142
arbitrator	144
arbor	110
arboreal	144
arboretum	136
arborist	135
arc	94
arcade	78
arcane	149
arch	83
archaeological	94
archaeologist	97
archaeology	100
archaeopteryx	140
archaic	145
archaism	154
archangel	115
archbishop	104
archdeacon	152
archdiocese	119
archduchess	131
archduke	116
arched	99
archenemy	113
archer	92
archery	91
archetypal	163
archetype	139
archiepiscopal	160
archimandrite	183
archipelago	132
architect	101
architectonic	141
architectural	122
architecture	101
archival	112
archive	130
archives	109
archivist	138
archon	182
archway	101
arcsine	139
arctic	78
ardency	166
ardent	133
ardor	138
arduous	139
area	66
areal	142
arena	96
areola	133
argent	137
argentine	133
argillaceous	150
argon	152
argosy	133
argot	158
argue	46
argument	76
argumentative	115
aria	138
arid	114
aridity	129
arioso	151
arise	69
aristocracy	110
aristocrat	119
aristocratic	121
arithmetic	72
arithmetical	110
ark	72
arm	33
armada	135
armadillo	86
armageddon	118
armament	137
armature	143
armband	100
armchair	66
armed	87
armful	96
armistice	140
armless	87
armload	90
armoire	124
armor	72
armored	95
armorial	152
armory	110
armpit	60
armrest	66
arms	37
army	72
aroma	95
aromatherapy	151
aromatic	110
around	59
arousal	129
arouse	126
arpeggio	138
arraign	124
arraignment	164
arrange	83
arrangement	99
arranger	124
arrant	115
array	108
arrears	166
arrest	75
arrestee	121
arrestment	109
arrhythmia	163
arrhythmic	138
arrival	81
arrive	63
arrogance	117
arrogant	100
arrow	61
arrowroot	120
arsenal	118
arsenic	118
arsenical	146
arsine	142
arson	112
arsonist	114
art	62
arterial	145
arteriogram	171
arteriosclerosis	166
artery	131
artful	96
arthritic	123
arthritis	117
arthropod	129
arthroscopic	151
artichoke	100
article	86
articular	134
articulate	130
articulation	126
artifact	103
artifice	128
artificial	102
artificiality	118
artillery	107
artilleryman	130
artisan	130
artist	68
artiste	123
artistic	92
artistry	106
artless	138
arts	60
artsy	108
artwork	73
arty	96
arugula	168
as	61
asbestos	140
ascend	107
ascendancy	160
ascendant	137
ascending	108
ascension	127
ascent	107
ascertain	127
ascertainable	156
ascetic	144
ascorbic	126
ascribe	153
aseptic	141
asexual	160
ash	66
ashamed	71
ashcan	107
ashen	125
ashes	71
ashore	91
ashram	166
ashtray	60
ashy	86
aside	79
asinine	127
asininity	164
asker	79
askew	110
asleep	45
asp	107
asparagus	68
aspect	104
aspen	100
asperse	142
aspersion	144
asphalt	89
asphyxia	141
asphyxiate	131
asphyxiation	151
aspic	163
aspidistra	180
aspirant	128
aspirate	144
aspiration	115
aspire	118
aspirin	80
aspiring	110
ass	78
assail	122
assailable	132
assailant	124
assassin	113
assassinate	101
assassination	90
assassinator	110
assault	102
assaultive	149
assay	150
assegai	182
assemblage	143
assemble	87
assembly	69
assemblyman	129
assent	113
assert	108
assertion	122
assertive	104
assertiveness	114
assess	114
assessment	120
assessor	148
asset	118
asshole	95
assiduity	165
assiduous	132
assign	86
assignation	129
assignment	70
assimilate	130
assimilation	151
assist	88
assistance	88
assistant	86
associate	108
association	108
associative	140
assorted	93
assortment	87
assuage	152
assume	82
assumption	102
assurance	123
assure	121
assuredness	129
aster	130
asterisk	119
asteroid	86
asthma	104
asthmatic	87
astigmatism	135
astonish	122
astonished	106
astonishing	91
astonishment	101
astound	124
astounded	114
astraddle	126
astral	132
astray	103
astringent	139
astrobiology	164
astrodome	127
astrolabe	135
astrologer	111
astrological	100
astrologist	114
astrology	95
astronaut	63
astronautics	121
astronomer	98
astronomic	125
astronomical	125
astronomy	90
astrophysical	142
astrophysicist	131
astrophysics	133
astute	147
astuteness	130
asylum	131
asymmetric	123
asymmetrical	121
asymmetry	117
asymptomatic	137
at	40
atavism	162
atavistic	174
atelier	150
atheism	127
atheist	122
atheistic	154
atheneum	143
athlete	71
athletic	86
athleticism	100
athletics	84
atilt	122
atlas	79
atmosphere	98
atmospheric	101
atoll	146
atom	97
atomic	102
atomize	132
atomizer	128
atonal	128
atonality	165
atone	121
atonement	118
atrabilious	175
atremble	110
atrium	120
atrocious	120
atrocity	134
atrophy	155
atropine	158
attach	64
attache	143
attachment	101
attack	66
attacker	65
attain	108
attainability	137
attainable	94
attainment	138
attar	170
attempt	77
attempted	87
attend	77
attendance	71
attendant	98
attendee	114
attention	68
attentive	94
attentiveness	121
attenuate	161
attenuation	145
attest	140
attic	52
attire	112
attitude	68
attitudinal	148
attorney	110
attract	88
attraction	96
attractive	86
attractiveness	100
attractor	109
attributable	147
attribute	127
attribution	111
attributive	139
attrition	141
attune	114
attunement	150
atypical	129
auburn	107
auction	107
auctioneer	92
audacious	143
audacity	130
audible	110
audience	70
audio	93
audiologist	137
audiology	160
audiophile	151
audiotape	99
audiovisual	114
audit	135
audition	84
auditor	147
auditorium	69
auditory	128
auger	136
augment	140
augmentation	142
augur	153
augury	162
august	56
aunt	38
auntie	47
aura	117
aural	154
aureole	143
auricle	156
auricular	137
auriferous	170
aurora	127
auscultation	162
auspices	149
auspicious	139
austere	138
austerity	168
austral	141
australopithecine	128
auteur	150
authentic	84
authenticate	124
authentication	126
authenticator	137
authenticity	121
author	71
authoress	132
authorial	155
authoritarian	130
authoritarianism	134
authoritative	117
authority	75
authorization	111
authorize	98
authorship	106
autism	142
autistic	144
auto	72
autobiographer	100
autobiographical	93
autobiography	98
autobus	113
autoclave	156
autocracy	133
autocrat	137
autocratic	144
autodidactic	157
autoerotic	154
autogenesis	143
autogiro	159
autograph	69
autographed	69
autohypnosis	167
autoimmune	130
autolysis	147
automaker	114
automat	108
automate	118
automated	111
automatic	90
automation	121
automatism	140
automaton	144
automobile	71
automotive	79
autonomic	135
autonomous	126
autonomy	138
autopilot	104
autopsy	117
autosuggestion	167
autumn	60
autumnal	131
auxiliary	140
avail	121
availability	90
available	85
avalanche	96
avarice	136
avaricious	160
avariciousness	154
avast	135
avatar	135
ave	103
avenge	107
avenger	106
avenging	113
avenue	70
aver	120
average	89
averse	137
aversion	119
avert	107
avian	124
aviary	120
aviation	103
aviator	90
aviatrix	127
avid	111
avionics	143
avocado	93
avocation	159
avoid	85
avoidable	92
avoidance	117
avoidant	124
avoider	103
avouch	161
avow	137
avowal	132
avulsion	159
avuncular	150
await	90
awake	47
awaken	72
awakener	118
awakening	109
award	75
aware	68
awareness	93
awash	114
away	51
awe	91
awed	104
aweigh	134
aweless	104
awesome	73
awesomeness	110
awestruck	103
awful	63
awfulness	97
awhile	71
awkward	86
awkwardness	99
awl	108
awn	109
awning	111
awry	116
ax	63
axe	61
axial	116
axiom	162
axiomatic	125
axis	121
axle	108
axon	141
axonal	138
ayatollah	155
aye	97
azalea	130
azimuth	157
azure	125
babble	72
babe	66
baboon	91
babushka	131
baby	38
babycarriage	55
babyhood	78
babyish	68
babysit	59
babysitter	59
baccalaureate	152
baccarat	138
bacchanal	172
bacchanalia	154
bachelor	120
bachelorette	133
bachelorhood	134
bacillary	180
bacillus	133
back	53
backache	79
backbeat	126
backbencher	150
backbend	94
backbiter	115
backbiting	133
backboard	86
backbone	70
backbreaker	116
backchat	104
backcountry	93
backcourt	115
backdoor	61
backdrop	98
backer	131
backfield	115
backfire	105
backflow	140
backgammon	100
background	87
backgrounder	111
backhand	87
backhanded	100
backhoe	87
backlash	104
backless	118
backlit	132
backlog	124
backpack	54
backpacker	104
backpedal	110
backplane	120
backrest	84
backroom	100
backscatter	156
backscratcher	66
backseat	51
backside	56
backslapper	109
backslash	126
backslid	113
backslide	130
backspin	119
backstab	105
backstabber	104
backstage	92
backstairs	92
backstop	96
backstreet	111
backstretch	113
backstroke	86
backswing	117
backtalk	79
backtrack	118
backup	111
backward	58
backwardness	75
backwards	60
backwash	93
backwater	128
backwoods	103
backyard	34
bacon	50
bacteria	93
bacterial	106
bacteriological	139
bacterium	126
badass	121
baddie	86
baddy	90
badge	61
badger	87
badinage	145
badly	66
badminton	109
badmouth	82
badness	56
baffle	103
baffling	113
bag	43
bagatelle	134
bagel	89
bagful	58
baggage	75
baggie	71
baggy	68
bagman	119
bagpipe	93
bagpiper	90
baguette	138
bail	102
bailer	121
bailiff	119
bailiwick	143
bairn	120
bait	71
baits	78
bake	55
baker	60
bakery	72
bakeshop	87
baklava	157
balaclava	148
balalaika	162
balance	99
balanced	81
balancer	85
balcony	81
bald	73
baldachin	175
baldhead	62
balding	84
baldness	66
baldy	85
bale	82
baleen	148
baleful	133
baler	115
balk	129
ballad	112
ballade	139
balladeer	158
ballast	152
ballerina	53
ballet	72
balletic	119
ballgame	56
ballista	170
ballistic	156
ballistics	130
balloon	44
balloonist	99
ballot	88
balloting	117
ballpark	52
ballplayer	74
ballpoint	84
ballroom	74
ballsy	106
ballyhoo	114
balm	103
balmy	109
balsa	120
balsam	144
balsamic	149
balsawood	125
bam	55
bamboo	93
bamboozle	144
bamboozled	112
ban	101
banal	165
banality	119
banana	38
band	62
bandage	59
bandaid	46
bandanna	86
bandbox	114
bandicoot	134
bandit	82
banditry	135
banditti	165
bandleader	103
bandmaster	120
bandoleer	137
bandstand	90
bandwagon	110
bandwidth	149
bandy	124
bane	96
baneful	133
bang	57
banger	111
bangle	86
bangtail	97
banish	99
banishment	105
banister	100
banjo	84
bank	64
bankable	128
bankbook	115
banker	69
banking	90
banknote	122
bankroll	111
bankrupt	113
bankruptcy	111
banner	92
bannister	84
bannock	174
banns	122
banquet	84
banquette	101
banshee	121
bantam	142
bantamweight	159
banter	112
banyan	108
banzai	128
baobab	153
bap	118
baptism	66
baptismal	92
baptize	67
baptizer	97
bar	69
barb	99
barbarian	98
barbaric	118
barbarism	116
barbarity	131
barbarous	127
barbecue	78
barbed	100
barbedwire	84
barbell	112
barber	67
barbershop	69
barbet	132
barbican	131
barbiturate	145
barbwire	72
bard	129
bare	58
barebacked	121
barefaced	109
barefoot	52
barefooted	54
barely	72
barf	78
bargain	87
bargainer	118
bargaining	103
barge	93
barista	174
barite	140
baritone	112
barium	143
bark	52
barkeep	144
barkeeper	113
barley	98
barleycorn	126
barmaid	125
barman	133
barmy	128
barn	45
barnacle	116
barnstorm	128
barnstormer	123
barnyard	54
barometer	119
barometric	122
baron	116
baroness	123
baronet	115
baronial	122
barony	138
baroque	135
barouche	149
barrack	108
barracuda	99
barrage	102
barratry	172
barrel	77
barrelful	114
barrelhead	122
barrelhouse	156
barren	111
barrenness	117
barrette	67
barricade	112
barrier	91
barrister	150
barroom	130
barstool	80
bartend	114
bartender	89
barter	107
bas	90
basal	114
basalt	132
base	64
baseball	48
baseboard	107
baseless	130
baseline	116
baseman	88
basement	67
baseness	123
bash	88
basher	119
bashful	69
bashfulness	90
basic	91
basics	65
basil	101
basilar	160
basilica	139
basilisk	141
basin	100
basis	110
bask	110
basket	57
basketball	53
basketful	86
basophilic	179
bass	86
basset	110
bassinet	92
bassist	117
basso	168
bassoon	104
bastard	104
bastardize	127
baste	110
bastinado	160
bastion	154
bat	48
batboy	86
batch	67
bated	93
bath	32
bathe	50
bather	77
bathhouse	117
bathing	38
bathmat	58
bathrobe	79
bathroom	30
bathtub	32
bathwater	48
bathysphere	150
batik	170
baton	79
batsman	111
battalion	120
batten	129
batter	70
battered	101
battering	104
battery	56
battle	70
battleaxe	107
battledress	131
battlefield	82
battlefront	100
battleground	84
battlement	130
battlements	125
battler	96
battleship	76
battlewagon	103
batty	97
batwing	90
bauble	109
baud	138
bauxite	130
bawd	150
bawdy	144
bawl	106
bay	87
bayberry	116
bayonet	110
bayou	115
bayous	136
bazaar	99
bazooka	105
be	51
beach	48
beachball	50
beachcomber	116
beachfront	92
beachhead	124
beachside	93
beachwear	77
beacon	114
bead	56
beaded	84
beadwork	83
beady	104
beagle	74
beak	54
beaker	112
beam	88
beamer	133
beamish	133
bean	34
beanbag	61
beanery	143
beanie	107
beanpole	70
beanstalk	60
bear	36
bearable	86
beard	48
bearded	72
beardless	80
beardy	72
bearer	87
bearings	102
bearish	116
bearlike	65
bearskin	89
beast	57
beastliness	119
beastly	94
beat	62
beatable	88
beater	80
beatific	148
beatnik	117
beau	122
beauteous	106
beautician	101
beautification	112
beautiful	57
beautify	97
beauty	50
beaver	52
beaverboard	118
bebop	120
becalmed	128
because	44
beck	118
beckon	111
becloud	127
become	58
bedbug	68
bedchamber	117
bedclothes	90
bedding	67
bedfellow	119
bedim	147
bedlam	128
bedlamite	143
bedmate	110
bedpan	112
bedpost	66
bedridden	111
bedrock	107
bedroll	87
bedroom	39
bedside	77
bedsit	115
bedsore	107
bedspread	77
bedspring	92
bedstead	119
bedtime	40
bee	50
beech	117
beef	66
beefalo	153
beefsteak	103
beefy	85
beehive	75
beekeeper	89
beekeeping	92
beeline	126
beep	53
beeper	106
beer	61
beerhouse	125
beeswax	85
beet	66
beetle	53
beetroot	107
befall	106
before	55
befoul	128
befriend	85
befuddled	115
beg	58
beget	142
beggar	76
beggary	117
begin	48
beginner	67
beginning	54
begonia	113
begrudge	129
beguile	129
beguilement	156
beguiling	136
beguine	142
behalf	92
behave	43
behavior	70
behavioral	119
behaviorist	152
behead	117
behemoth	122
behest	139
behind	49
behold	106
beholden	129
beholder	111
behoove	147
behooved	146
beige	77
being	60
belabor	138
belated	114
belay	130
belch	62
beldame	105
beleaguer	149
beleaguered	138
belfry	113
belie	116
belief	73
believability	108
believable	85
believe	58
believer	66
belike	134
belittle	129
bell	39
belladonna	147
bellboy	80
belle	104
bellhop	112
bellicose	150
belligerence	125
belligerency	142
belligerent	129
bellman	101
bellow	111
bellows	132
belly	40
bellyache	66
bellyband	133
bellybutton	38
bellyful	57
belong	65
belongings	92
beloved	99
below	58
belt	46
belter	106
beltless	96
beltline	119
beltway	122
beluga	108
bemoan	138
bemused	147
bemusement	134
bench	42
benchmark	123
benchmarking	136
benchwarmer	102
bend	56
bended	97
bendy	77
beneath	57
benediction	141
benefaction	144
benefactor	112
benefactress	149
beneficent	151
beneficial	108
beneficiary	151
benefit	92
benevolence	148
benevolent	140
bengaline	118
benighted	136
benign	109
benison	180
benthic	128
bentwood	120
benzene	142
benzoate	155
bequeath	137
bequest	148
berate	140
bereaved	120
bereavement	145
bereft	147
beret	103
beriberi	151
berkelium	197
berretta	130
berry	52
berserk	109
berserker	128
berth	112
beryllium	152
beseech	129
beset	136
beside	72
besiege	134
besieger	129
besmirch	141
besom	140
bespeak	136
bespectacled	113
best	41
bestial	139
bestiality	153
bestow	135
bestowment	155
bestride	129
bestseller	100
bestselling	94
bet	70
beta	139
betake	131
bethink	131
betide	113
betoken	156
betray	94
betrayal	98
betrayer	92
betroth	122
betrothal	137
better	50
betterment	116
betterness	97
bettor	116
between	55
betweens	87
beverage	66
bevy	135
beware	80
bewilder	103
bewildered	116
bewildering	124
bewilderment	131
bewitch	106
bewitcher	132
bewitchment	100
beyond	63
bezant	158
bezel	156
bezique	165
biannual	95
bias	107
biased	110
biathlon	133
bib	45
bible	50
biblical	69
bibliography	110
bibliomania	133
bibulous	173
bicarbonate	158
bicentennial	112
bicep	87
biceps	94
bicker	89
biconvex	147
bicultural	139
bicuspid	125
bicycle	43
bid	98
bidder	93
bidding	96
biddy	121
bide	136
bidet	129
biennial	136
bier	112
biff	117
bifocal	114
bifocals	107
bifurcate	168
bifurcation	160
bigamist	144
bigamous	149
bigamy	132
biggie	73
biggish	73
bigheaded	103
bighearted	94
bighorn	110
bight	141
bigmouth	70
bigness	83
bigot	122
bigoted	128
bigotry	134
bigwig	90
bijou	144
bike	48
biker	73
bikini	83
bilateral	137
bilberry	140
bile	117
bilge	125
bilingual	117
bilious	143
bilk	139
bill	64
billable	130
billabong	151
billboard	77
billet	132
billeting	160
billfold	94
billiard	111
billiards	106
billing	109
billion	84
billionaire	97
billionth	89
billon	101
billow	104
billowy	109
bimanual	138
bimbo	122
bimodal	164
bin	47
binary	134
bind	102
binder	104
binding	110
bindle	148
binge	152
bingo	70
binman	135
binnacle	140
binocular	73
binoculars	68
binomial	138
bio	98
bioassay	149
biochemical	119
biochemist	127
biochemistry	139
biodegradable	123
biodiversity	145
bioelectric	151
bioelectrical	141
bioelectricity	142
biofeedback	152
biogenetic	136
biogenetics	167
biogenic	156
biographer	104
biographical	100
biography	95
biohazard	117
biologic	118
biological	110
biologist	109
biology	94
bioluminescence	159
bioluminescent	157
biomass	164
biomechanical	148
biomedical	132
biometric	138
biometrics	153
biomorphic	155
bionic	140
biophysical	141
biophysicist	168
biophysics	151
biopic	146
biopsy	151
biorhythm	135
biosphere	131
biosynthesis	156
biotech	141
biotechnology	142
biparental	135
bipartisan	162
biped	126
bipedal	124
biplane	149
bipolar	150
biracial	98
birch	108
bird	35
birdbath	60
birdbrain	82
birdcage	56
birdhouse	54
birdie	66
birdman	96
birdseed	67
birdshot	118
birdsong	96
birefringence	146
biretta	150
birth	52
birthing	109
birthmark	68
birthplace	69
birthrate	106
birthright	134
birthstone	92
biscuit	46
bisect	117
bisection	141
bisexual	128
bisexuality	145
bishop	105
bison	81
bisque	140
bistro	118
bit	65
bitch	101
bitchery	139
bitchiness	126
bitchy	114
bite	36
biter	60
bitsy	61
bitter	88
bittern	145
bitterness	97
bittersweet	118
bitty	74
bitumen	168
bituminous	130
bivouac	148
biz	99
bizarre	85
blab	80
blabber	104
blabbermouth	75
black	36
blackball	109
blackberry	90
blackbird	61
blackboard	54
blackcurrant	132
blacken	90
blackened	98
blackface	130
blackfish	113
blackguard	136
blackhead	108
blackjack	104
blacklist	118
blackmail	100
blackmailer	118
blackness	70
blackout	97
blacksmith	98
blacksnake	93
blacktop	77
bladder	108
blade	67
bladed	94
blah	90
blain	136
blame	65
blameful	101
blameless	97
blamer	109
blanch	131
blancmange	135
bland	84
blandish	133
blandishments	148
blandness	118
blank	60
blanket	36
blankness	92
blare	102
blarney	135
blase	126
blaspheme	108
blasphemer	136
blasphemous	112
blasphemy	107
blast	71
blaster	89
blastoff	66
blat	132
blatant	123
blather	128
blaze	75
blazer	96
blazon	145
bleach	80
bleak	109
bleakness	127
bleary	119
bleat	129
bleed	43
bleeder	98
bleep	95
blemish	110
blench	145
blend	102
blender	68
bless	53
blessed	61
blessedness	102
blessing	76
blessings	71
bleu	134
blight	117
blighter	138
blimp	66
blind	70
blindfold	81
blinding	72
blindness	72
blindside	131
blindworm	105
blink	56
blinker	89
blintz	128
blip	113
bliss	102
blissful	100
blister	67
blistering	98
blithe	161
blithering	119
blitz	104
blitzkrieg	156
blizzard	79
bloat	116
bloated	107
bloater	110
blob	62
blobby	78
block	48
blockade	106
blockage	89
blockbuster	117
blocker	91
blockhead	88
blockheaded	103
blockhouse	106
blocky	114
blog	166
bloke	139
blond	67
blonde	61
blondeness	104
blondish	105
blondness	104
blood	49
bloodbath	112
bloodcurdling	127
bloodhound	113
bloodless	108
bloodline	104
bloodlust	143
bloodmobile	130
bloodroot	138
bloodshed	114
bloodshot	113
bloodstain	70
bloodstained	76
bloodstream	90
bloodsucker	96
bloodthirsty	96
bloodworm	130
bloody	58
bloom	68
bloomer	106
bloomers	92
blooming	72
blooper	89
blossom	66
blot	84
blotch	93
blotchy	111
blotter	115
blotto	130
blouse	66
blouson	168
blow	40
blowback	137
blower	83
blowfish	92
blowgun	109
blowhard	133
blowhole	93
blowjob	118
blowout	94
blowpipe	118
blowtorch	99
blowup	71
blowzy	141
blub	81
blubber	78
blubbery	98
bludgeon	135
blue	35
bluebeard	97
bluebell	93
blueberry	62
bluebird	54
blueblood	124
bluebonnet	106
bluebook	133
bluebottle	151
bluefish	88
bluegrass	103
bluejacket	116
bluejay	58
blueness	92
bluenose	142
bluepoint	121
blueprint	94
blues	98
bluesman	134
bluesy	121
bluff	88
bluffer	121
bluish	82
blunder	106
blunderbuss	121
blunderer	108
blunt	110
blunted	117
bluntness	111
blur	90
blurb	116
blurriness	93
blurry	73
blurt	88
blush	80
blusher	94
bluster	118
blustery	94
boa	96
boar	98
board	64
boarder	94
boarding	90
boardinghouse	110
boardroom	108
boardwalk	89
boast	82
boaster	111
boastful	90
boastfulness	106
boat	38
boater	71
boathouse	102
boating	84
boatload	110
boatman	87
boatswain	146
boatyard	86
bob	62
bobbin	99
bobble	101
bobcat	71
bobolink	175
bobsled	94
bobsledder	76
bobsleigh	87
bobtail	96
bobwhite	114
bocce	128
bodacious	140
bode	109
bodega	137
bodice	145
bodiless	112
bodily	82
bodkin	108
body	43
bodybuilder	108
bodybuilding	106
bodyguard	100
bodysurf	93
bodywork	123
bog	94
bogey	107
bogeyman	62
boggle	120
boggy	110
bogus	99
bogyman	56
bohemian	154
boil	66
boiler	89
boilermaker	130
boilerplate	136
boisterous	116
bold	92
boldface	117
boldfaced	109
boldness	98
bolero	139
boliviano	168
bollix	133
bollocks	149
bolo	127
bolshevism	144
bolster	125
bolt	73
bolus	156
bomb	80
bombard	120
bombardier	131
bombardment	114
bombast	123
bombastic	156
bombazine	190
bomber	88
bombing	77
bombproof	106
bombshell	112
bombsight	118
bona	147
bonanza	98
bonbon	93
bond	102
bondage	151
bonder	111
bonding	114
bondmaid	137
bondman	135
bondservant	137
bondsman	138
bone	55
bonehead	94
boneless	79
boner	119
boneshaker	128
boney	88
bonfire	88
bong	142
bongo	84
bonhomie	152
bonk	56
bonkers	83
bonnet	68
bonny	101
bonsai	112
bonus	82
bony	95
boo	38
boob	82
booby	73
boodle	131
booger	46
boogeyman	43
boogie	97
boogieman	51
boohoo	43
book	37
bookcase	56
bookend	89
bookie	136
bookish	109
bookkeeper	92
bookkeeping	110
bookless	101
booklet	73
bookmaker	100
bookmark	83
bookmarker	68
bookmobile	103
bookseller	74
bookshelf	77
bookshop	69
bookstore	64
bookwork	84
bookworm	58
boom	56
boomer	121
boomerang	98
boomtown	132
boon	129
boondoggle	143
boor	121
boorish	132
boorishness	164
boost	79
booster	90
boot	39
bootblack	125
booth	72
bootie	69
bootlace	102
bootleg	131
bootlegger	130
bootless	81
bootlicker	141
boots	49
bootstrap	99
booty	97
booze	104
boozer	121
boozy	132
bop	63
bopper	99
borax	142
bordelaise	130
bordello	162
border	68
bordereau	152
borderland	149
borderline	102
bore	89
borealis	132
bored	62
boredom	77
borehole	139
borer	135
boric	151
boring	53
boringness	91
born	47
borough	114
borrow	70
borrower	88
borscht	152
borzoi	120
bosh	119
bosom	125
bosomy	130
boss	62
bossy	71
botanic	118
botanical	108
botanist	106
botany	127
botch	105
both	48
bother	65
botheration	152
bothersome	107
bottle	36
bottleneck	118
bottlenose	105
bottler	103
bottling	96
bottom	53
bottomland	119
bottomless	83
botulism	136
boudoir	130
bouffant	137
bougainvillea	169
bough	118
bouillabaisse	158
bouillon	134
boulder	79
boulevard	92
boulevardier	155
bounce	62
bouncer	127
bounciness	72
bouncy	46
bound	90
boundary	84
bounden	171
bounder	102
bounding	102
boundless	120
bounteous	136
bountiful	105
bounty	94
bouquet	87
bourbon	110
bourgeois	164
bourgeoisie	146
bourn	144
bout	118
boutique	98
boutonniere	130
bovine	124
bow	50
bowel	97
bowels	98
bower	128
bowery	124
bowl	43
bowlegged	96
bowler	106
bowlful	71
bowline	114
bowling	70
bowtie	79
bowwow	43
box	43
boxcar	85
boxer	80
boxful	84
boxing	72
boxingglove	78
boxy	102
boy	37
boycott	128
boyfriend	69
boyhood	86
boyish	102
boysenberry	94
bozo	62
bra	82
brace	79
bracelet	57
bracer	118
braces	86
brachial	149
brachiosaurus	96
bracken	148
bracket	86
brackish	152
brae	119
brag	78
braggadocio	151
braggart	126
bragger	70
braid	72
braille	90
brain	58
brainchild	138
brainer	110
brainless	84
brainpan	103
brainpower	90
brainstem	143
brainstorm	96
brainwash	115
brainwasher	130
brainwave	102
brainwork	106
brainy	79
braise	136
braised	138
brake	60
brakeman	122
braless	101
bran	100
branch	51
branchy	115
brand	77
brandied	147
brandish	124
brandy	121
brash	115
brashness	110
brass	90
brasserie	138
brassiere	110
brassy	118
brat	62
brattle	160
bratty	63
bratwurst	97
bravado	129
brave	60
braveness	83
bravery	83
braw	121
brawl	92
brawler	118
brawn	101
brawny	123
braze	106
brazen	122
brazier	132
breach	117
bread	36
breadbasket	86
breadbin	97
breadboard	108
breadbox	68
breaded	91
breadfruit	133
breadline	125
breadth	114
breadwinner	115
break	53
breakable	82
breakage	112
breakaway	118
breakdown	101
breaker	98
breakfast	35
breakneck	132
breakout	90
breakthrough	115
breakup	92
breakwater	123
breast	66
breastbone	108
breastfeed	107
breastfeeding	103
breastplate	124
breasts	80
breaststroke	100
breath	58
breathable	112
breathalyzer	148
breathe	41
breather	81
breathless	96
breathlessness	95
breathtaking	110
breathy	128
breech	118
breeches	121
breed	90
breeder	115
breeding	93
breeze	62
breezeway	112
breezy	64
brethren	100
breviary	150
brevity	135
brew	91
brewer	110
brewery	107
brewing	104
briar	96
bribable	130
bribe	97
bribery	106
brick	64
brickbat	117
bricklayer	95
bricklaying	93
brickwork	112
brickyard	104
bridal	85
bride	51
bridegroom	113
bridesmaid	85
bridge	56
bridgehead	133
bridgeless	108
bridgework	103
bridle	104
brie	127
brief	84
briefcase	64
briefing	126
brier	116
brig	128
brigade	116
brigadier	150
brigand	134
brigandage	135
brigantine	131
bright	66
brighten	71
brightness	72
brilliance	105
brilliancy	118
brilliant	80
brilliantine	138
brim	107
brimstone	112
brindle	127
brine	142
bring	44
bringer	94
brink	105
brinksmanship	141
briny	122
brio	136
brioche	154
briquette	137
brisk	102
brisket	121
bristle	106
bristly	121
brittle	98
bro	92
broach	107
broad	105
broadband	138
broadbill	114
broadcast	93
broadcaster	92
broadcasting	95
broadcloth	127
broaden	96
broadloom	137
broadminded	131
broadside	119
broadsword	132
brocade	144
broccoli	52
broche	128
brochure	96
brogue	104
broil	86
broiler	96
brokenhearted	105
broker	109
brokerage	158
bromeliad	163
bromide	140
bronchial	130
bronchitis	120
bronchodilator	143
bronchus	132
bronco	90
broncobuster	131
brontosaurus	82
bronze	100
bronzed	100
bronzer	135
bronzy	107
brooch	107
brood	105
brooder	117
broodiness	134
brooding	127
broody	115
brook	84
broom	55
broomstick	61
broth	90
brothel	149
brother	36
brotherhood	94
brotherly	78
brouhaha	117
brow	98
browbeat	134
brown	42
brownie	48
brownish	77
brownnose	122
brownnoser	117
brownout	148
brownstone	127
browse	99
browser	140
bruise	54
bruising	94
brumby	158
brummagem	132
brunch	87
brunette	86
brunt	125
brush	38
brushfire	96
brushless	105
brushstroke	93
brushwood	128
brushwork	112
brusque	148
brut	131
brutal	102
brutality	120
brutalize	118
brute	108
brutish	131
bubble	38
bubblegum	58
bubbly	82
bubby	86
bubo	135
buboes	185
bubonic	106
buccaneer	88
buccaneering	145
buck	77
buckaroo	91
buckboard	126
bucket	56
bucketful	70
buckeye	125
buckhorn	140
buckle	64
bucko	78
buckram	165
bucksaw	136
buckshot	96
buckskin	101
bucktooth	98
bucktoothed	87
buckwheat	87
bucolic	120
bud	70
buddhist	104
budding	105
buddle	127
buddy	54
budge	92
budgerigar	90
budget	100
budgetary	145
budgie	126
buff	117
buffalo	67
buffer	124
buffet	76
buffo	159
buffoon	92
buffoonery	134
bug	38
bugaboo	111
bugger	105
buggery	131
buggy	70
bughouse	101
bugle	89
bugler	101
build	44
builder	60
building	62
buildup	96
bulb	66
bulbar	154
bulbous	134
bulbul	172
bulge	81
bulgur	126
bulgy	116
bulimia	129
bulimic	133
bulk	102
bulkhead	131
bulky	105
bull	45
bulldog	73
bulldoze	81
bulldozer	56
bullet	67
bulletin	103
bulletproof	94
bullfight	91
bullfighter	88
bullfighting	93
bullfrog	63
bullheaded	120
bullheadedness	121
bullhorn	106
bullion	129
bullish	129
bullpen	99
bullring	107
bullshit	100
bullwhip	110
bully	60
bullyboy	109
bullyrag	130
bulwark	154
bum	81
bumbershoot	140
bumble	73
bumblebee	41
bumbler	116
bummer	73
bump	44
bumper	73
bumpiness	89
bumpkin	104
bumptious	162
bumpy	51
bun	58
bunch	49
bund	154
bundle	71
bundler	112
bung	116
bungalow	126
bungee	112
bunghole	111
bungle	91
bungler	134
bungling	111
bunion	104
bunk	56
bunkbed	65
bunker	95
bunkhouse	102
bunkmate	107
bunko	165
bunkum	129
bunny	45
bunt	87
bunter	124
bunting	112
buoy	98
buoyancy	118
buoyant	126
burble	130
burden	91
burdensome	108
bureau	120
bureaucracy	120
bureaucrat	127
bureaucratic	140
burg	122
burgee	150
burgeoning	136
burger	52
burgh	128
burglar	70
burglarize	109
burglary	91
burgle	101
burgomaster	172
burial	92
burl	120
burlap	103
burlesque	147
burliness	129
burly	105
burn	47
burner	80
burnout	121
burp	47
burr	93
burrito	94
burro	107
burrow	84
burrower	113
bursa	158
bursar	163
burse	120
bursitis	160
burst	77
burthen	146
bury	63
bus	38
busboy	102
busby	140
bush	49
bushel	76
bushman	114
bushmaster	120
bushwhack	122
bushwhacker	112
bushy	73
business	75
businesslike	106
businessman	94
businessperson	98
businesswoman	111
buskin	162
busload	75
busman	119
bust	92
bustard	158
buster	84
bustle	120
bustling	109
busty	114
busy	60
busybody	95
busyness	89
busywork	91
but	46
butane	144
butch	113
butcher	79
butcherbird	154
butchery	113
butler	75
butt	37
butter	58
butterball	89
buttercup	69
butterfat	118
butterfly	37
buttermilk	76
butternut	105
butterscotch	68
buttery	62
buttock	104
buttocks	77
button	48
buttonhole	68
buttonhook	107
buttress	128
buxom	124
buy	56
buyable	94
buyer	69
buyout	111
buzz	71
buzzard	98
buzzer	57
buzzword	146
by	54
bye	33
bygone	124
bylaw	139
byline	124
bypass	99
byproduct	133
bystander	111
byte	136
byway	122
byword	142
byzantine	146
cab	69
cabal	158
cabala	180
cabalism	130
cabalist	157
cabalistic	157
caballero	132
cabana	131
cabaret	126
cabbage	58
cabbie	94
cabdriver	86
caber	130
cabernet	153
cabin	64
cabinet	61
cable	92
cablegram	133
cabling	124
cabman	88
caboodle	105
caboose	64
cabriole	152
cabriolet	163
cabstand	107
cacciatore	176
cache	150
cachet	151
cackle	86
cacophonous	154
cacophony	170
cactus	67
cadastre	162
cadaver	130
cadaveric	166
cadaverous	155
caddie	98
cadence	131
cadenza	146
cadet	97
cadge	152
cadmium	149
cadre	154
caduceus	185
caesarean	135
cafe	87
cafeteria	72
caffeine	92
caftan	145
cage	51
cagey	139
cahoots	122
cairn	153
caisson	172
cajole	126
cake	33
cakewalk	96
cakey	98
calabash	168
calaboose	127
calamari	132
calamine	82
calamite	162
calamitous	137
calamity	110
calcification	149
calcify	154
calcite	143
calcium	99
calculate	93
calculation	88
calculative	103
calculator	82
calculus	140
caldera	148
calendar	59
calendula	152
calf	66
calfskin	127
caliber	111
calibrate	129
calibration	124
calico	108
calif	137
californium	141
caliginous	160
caliph	148
calk	141
call	47
callback	109
caller	68
calligrapher	111
calligraphic	114
calligraphy	129
calliope	124
callous	108
callousness	112
callow	132
callus	99
calm	63
calmness	82
calomel	136
caloric	128
calorie	114
calorific	146
calorimeter	154
calumnious	137
calve	88
calypso	146
calzone	127
cam	92
camaraderie	122
cambric	160
camcorder	116
camel	51
camelback	104
camellia	131
camembert	157
cameo	111
camera	60
cameraman	103
camerawork	111
camion	114
camisole	137
camouflage	75
camp	58
campaign	126
campaigner	134
campanile	144
camper	67
campfire	51
campground	78
camphor	134
camping	53
camporee	102
campout	63
campsite	71
campstool	136
campus	108
campy	119
camshaft	142
can	43
canal	76
canalization	128
canape	164
canard	152
canary	73
canasta	132
cancan	123
cancel	79
cancellation	100
canceller	134
cancer	84
cancerous	118
candelabrum	122
candid	108
candidacy	123
candidate	104
candidness	143
candle	54
candleholder	78
candlelight	70
candlelit	90
candlepower	86
candlestick	56
candor	119
candy	40
cane	57
canebrake	117
canine	84
canister	88
canker	104
cannabis	133
canned	76
cannelloni	134
cannery	112
cannibal	91
cannibalism	123
cannibalistic	126
cannibalize	111
canning	84
cannon	79
cannonade	150
cannonball	64
cannot	48
canny	139
canoe	66
canoeing	74
canola	127
canon	98
canoness	140
canonical	146
canonize	150
canoodle	136
canopener	70
canopy	98
cantabile	117
cantaloupe	72
cantankerous	138
cantata	143
cantatrice	160
canteen	90
cantilever	152
cantina	135
cantle	153
canto	136
cantonal	160
canvas	82
canvasback	139
canvass	113
canyon	84
cap	55
capability	94
capable	92
capacious	140
capacitance	150
capacitor	121
capacity	98
cape	69
caped	82
caper	124
capful	75
capillarity	149
capillary	132
capital	81
capitalism	114
capitalist	126
capitalistic	144
capitalization	85
capitalize	78
capitulate	144
capitulation	129
caplet	105
capo	137
capon	119
caporal	130
capper	124
cappuccino	124
capricious	155
capricorn	108
capsaicin	163
capsicum	159
capsize	102
capstan	110
capstone	135
capsular	133
capsule	104
captain	61
captaincy	155
captainship	103
caption	89
captivate	104
captivating	107
captivation	106
captive	94
captivity	91
captor	91
capture	64
capuchin	146
car	34
carabao	170
caracal	150
carafe	112
caramel	66
caramelize	136
carapace	158
carat	132
caravan	93
caravansary	150
caravel	144
caraway	143
carbide	144
carbine	135
carbohydrate	108
carbolic	150
carbon	106
carbonaceous	163
carbonate	117
carbonation	122
carbonic	118
carboniferous	156
carboxylic	166
carboy	123
carbuncle	182
carburetion	138
carcass	122
carcinogen	144
carcinogenic	140
carcinoma	152
card	62
cardamom	149
cardboard	54
cardholder	112
cardiac	117
cardigan	101
cardinal	80
cardiogram	149
cardiograph	135
cardiologist	134
cardiology	136
cardiopulmonary	155
cardiovascular	133
cardsharp	126
care	56
careen	116
career	100
carefree	99
careful	51
caregiver	88
careless	84
carelessness	66
carer	101
caress	109
caretaker	98
caretaking	102
careworn	124
carfare	111
carful	76
cargo	95
carhop	113
caribou	121
caricature	123
caricaturist	136
carillon	169
carjack	123
carjacker	118
carless	109
carload	78
carmagnole	133
carmaker	91
carmine	156
carnage	125
carnal	123
carnality	141
carnation	102
carnauba	140
carnelian	151
carnival	70
carnivora	146
carnivore	110
carnivorous	97
carob	154
carol	73
carom	165
carotene	151
carotid	171
carousal	81
carouse	132
carousel	67
carp	114
carpal	139
carpel	145
carpenter	74
carpentry	98
carpet	60
carpetbag	114
carpetbagger	131
carpeting	64
carpool	100
carport	112
carriage	58
carrier	83
carrion	130
carronade	152
carry	52
carryall	118
carryon	94
carsick	56
carsickness	93
cart	62
cartage	141
carte	119
cartel	141
cartilage	109
cartilaginous	141
cartload	77
cartographer	125
cartographic	140
cartographical	148
cartography	128
carton	70
cartoon	31
cartoonist	76
cartouche	148
cartridge	110
cartwheel	59
carve	64
carwash	68
casaba	156
cascade	123
cascara	141
case	67
casebook	102
casein	135
caseload	129
casement	123
casework	132
caseworker	102
cash	48
cashbook	122
cashbox	95
casher	98
cashew	87
cashier	67
cashmere	130
casing	115
casino	96
cask	131
casket	83
casque	119
cassava	174
casserole	73
cassette	64
cassis	123
cassock	149
cast	72
castanet	112
castaway	91
caste	131
castellated	155
caster	123
castigate	164
castle	58
castled	94
castoff	102
castrate	124
castrati	142
castration	119
casual	98
casualness	110
casualty	128
casuistic	168
casuistry	171
cat	37
cataclysm	133
cataclysmic	123
catacomb	118
catalepsy	146
cataleptic	162
catalog	86
cataloger	116
catalogue	78
cataloguer	145
catalpa	150
catalyst	126
catalytic	140
catalyze	143
catamaran	156
catamite	157
catamount	140
cataplexy	160
catapult	106
cataract	149
catarrh	170
catarrhal	170
catastasis	157
catastrophe	112
catastrophic	121
catatonia	151
catatonic	136
catbird	114
catch	46
catchable	96
catcher	76
catchment	120
catchphrase	112
catchy	87
catechism	110
categorical	117
categorization	104
categorize	95
category	82
cater	108
caterer	122
cateress	120
caterpillar	52
caterwauling	158
catfight	95
catfish	66
catgut	145
catharsis	144
cathartic	151
cathedral	106
catheter	144
catheterization	148
cathode	146
cathodic	155
catholic	78
catholicism	98
cathouse	113
catlike	94
catnap	72
catnip	69
catsup	66
cattery	128
cattiness	112
cattle	65
cattleman	84
catty	112
catwalk	103
caucus	149
caudate	133
cauldron	96
cauliflower	62
causable	129
causal	96
causality	121
causation	139
causative	136
cause	58
causer	124
causeway	118
caustic	150
cauterization	151
cauterize	148
caution	62
cautionary	97
cautious	82
cautiousness	100
cava	146
cavalcade	129
cavalier	125
cavalry	92
cavalryman	95
cave	67
caveat	161
caveman	63
cavern	88
cavernous	106
caviar	128
caving	101
cavity	75
cavort	121
cavy	145
cay	147
cayenne	128
cease	93
ceasefire	116
ceaseless	121
cecum	172
cedar	99
cede	155
ceiling	48
celadon	145
celandine	190
celeb	112
celebrant	122
celebrate	62
celebration	70
celebratory	101
celebrity	81
celeriac	167
celerity	154
celery	58
celeste	140
celestial	110
celiac	179
celibacy	124
celibate	119
cell	100
cellar	89
cellblock	125
cellist	116
cellmate	108
cello	99
cellophane	115
cellphone	147
cellular	115
cellulite	136
celluloid	141
cellulose	132
cellulosic	153
cement	69
cemetery	78
cenobite	163
censor	97
censorable	120
censorship	130
censure	130
census	111
cent	60
centaur	94
centavo	130
centenary	131
centennial	102
center	66
centerboard	123
centerfold	108
centerline	107
centerpiece	89
centerpieces	96
centigrade	105
centigram	119
centime	132
centimeter	86
centipede	74
central	80
centralization	146
centralize	118
centralized	117
centralizer	122
centrifugal	131
centrifugation	146
centrifuge	152
centripetal	145
centrist	164
centurion	130
century	70
cephalic	153
cephalopod	136
ceramic	84
ceramics	95
cereal	44
cerebellum	144
cerebral	125
cerebrate	104
cerebration	162
cerebrospinal	155
cerebrum	128
ceremonial	109
ceremonious	116
ceremony	71
cerise	165
cerium	156
cert	130
certain	82
certainly	72
certainty	101
certifiable	111
certificate	84
certification	116
certified	106
certify	111
certiorari	147
certitude	141
cerulean	130
cervical	140
cervix	147
cesarean	116
cesium	144
cessation	154
cesspit	156
cesspool	136
cetacean	130
chafe	117
chaff	102
chaffer	162
chaffinch	80
chagrin	134
chagrined	139
chain	52
chainsaw	70
chair	34
chairlady	122
chairlift	121
chairman	108
chairmanship	122
chairperson	110
chairwoman	130
chaise	133
chalet	138
chalice	114
chalk	45
chalkboard	58
chalky	80
challenge	76
challenger	84
chalybeate	138
chamber	93
chambered	137
chambermaid	117
chameleon	102
chamois	145
champ	75
champagne	103
champion	86
championship	94
chance	78
chancellery	136
chancellor	114
chancery	121
chanciness	131
chancre	125
chancy	118
chandelier	86
chandelle	100
chandlery	162
change	43
changeable	104
changefulness	124
changeless	116
changelessness	122
changeling	123
changeover	103
changer	112
channel	58
chanson	155
chant	69
chanter	124
chanterelle	163
chanteuse	154
chantey	115
chanticleer	130
chantry	134
chaos	100
chaotic	85
chap	100
chaparral	160
chapbook	114
chapeau	149
chapel	70
chaperon	92
chaplain	122
chaplet	151
chapter	64
char	93
character	65
characteristic	105
characteristics	99
characterization	112
characterize	106
charade	96
charbroil	122
charcoal	80
chard	140
chardonnay	162
charge	75
charger	106
chariot	91
charioteer	126
charisma	118
charismatic	125
charitable	105
charity	76
charlady	130
charlatan	124
charlatanism	149
charm	81
charmer	108
charming	63
charmless	109
charnel	133
charred	102
chart	76
charter	103
chartreuse	140
charwoman	114
chase	55
chaser	112
chasm	143
chasse	120
chassis	122
chaste	131
chasten	146
chastened	123
chastise	125
chastisement	116
chastity	118
chat	73
chateau	132
chateaubriand	160
chattel	146
chatter	76
chatterbox	93
chatty	82
chauffer	102
chauffeur	98
chauvinism	134
chauvinist	127
chauvinistic	133
chaw	121
cheap	71
cheapen	94
cheapie	97
cheapish	108
cheapjack	106
cheapness	98
cheapo	97
cheapskate	88
cheat	51
cheater	61
check	55
checkbook	87
checker	69
checkerboard	67
checkered	93
checkers	61
checklist	78
checkmark	93
checkmate	90
checkout	64
checkpoint	130
checkroom	124
checksum	142
checkup	61
cheddar	71
cheek	51
cheekbone	72
cheekiness	112
cheeky	106
cheep	66
cheer	50
cheerful	77
cheerfulness	82
cheerleader	60
cheerless	92
cheers	86
cheery	72
cheese	43
cheeseboard	98
cheeseburger	48
cheesecake	81
cheesecloth	132
cheesy	62
cheetah	82
chef	83
chela	150
chemical	95
chemicals	97
chemise	129
chemist	89
chemistry	99
chemo	142
chemosynthesis	158
chemotherapeutic	161
chemotherapy	125
chenille	147
cheongsam	175
cherish	89
cheroot	145
cherry	56
chert	135
cherub	122
cherubic	119
chervil	146
chess	54
chessboard	84
chessman	108
chest	50
chestnut	66
chesty	123
chevalier	143
cheviot	170
chevron	108
chew	40
chewable	64
chewer	70
chewy	67
chiaroscuro	147
chiasm	144
chic	95
chicane	136
chicanery	128
chichi	129
chick	55
chickadee	98
chicken	33
chickenpox	60
chickweed	134
chicory	125
chid	102
chide	123
chief	75
chieftain	108
chiffon	138
chigger	108
child	51
childbearing	104
childbed	80
childbirth	92
childhood	79
childish	63
childishness	88
childless	94
childlike	81
childproof	80
children	41
chili	66
chiliastic	133
chilidog	76
chill	64
chiller	99
chilliness	65
chilling	86
chilly	64
chime	78
chimney	66
chimp	72
chimpanzee	73
chin	42
chinaware	100
chinchilla	127
chine	103
chink	105
chinless	82
chintz	125
chintzy	131
chinwag	122
chip	59
chipmunk	47
chipper	82
chippie	143
chirography	160
chiropodist	176
chiropody	149
chiropractic	140
chiropractor	127
chirp	46
chirpy	91
chirrup	141
chisel	105
chiseler	92
chit	114
chitchat	96
chitin	117
chitlins	122
chivalric	153
chivalrous	120
chivalry	139
chive	111
chloral	147
chlorate	132
chlordane	187
chloride	122
chlorinate	117
chlorine	86
chloroform	140
chloromethane	170
chlorophyll	118
chlorpromazine	165
chock	107
chockablock	131
chocoholic	135
chocolate	33
chocolaty	70
choice	52
choir	65
choirboy	78
choke	61
chokecherry	135
choker	110
choky	86
choler	172
cholera	127
choleric	139
cholesterol	132
cholinesterase	164
chomp	61
chon	176
choose	47
chooser	66
choosy	84
chop	67
chophouse	115
chopper	82
choppers	106
choppy	92
chopstick	85
chopsticks	79
choral	81
chorale	115
chord	97
chore	58
choreograph	132
choreographer	122
choreography	121
chorister	129
chorizo	135
chorography	117
chorology	148
chortle	138
chorus	75
chow	79
chowder	80
chowhound	111
chowtime	80
chrestomathy	180
chrism	137
christen	84
christening	106
christmas	43
christmastree	41
chromatic	126
chromatograph	152
chromatography	169
chrome	83
chromic	138
chromium	129
chromo	110
chromosomal	134
chromosome	118
chronic	112
chronicle	94
chronicler	134
chronograph	134
chronological	117
chronologist	145
chronology	128
chronometer	142
chronometric	160
chrysalis	117
chrysanthemum	85
chub	106
chubby	78
chuck	67
chucker	109
chuckle	63
chucklehead	120
chuff	126
chug	94
chugalug	93
chukka	137
chum	92
chummy	98
chump	110
chunk	85
chunky	74
church	52
churchgoer	69
churchgoing	93
churchman	88
churchy	95
churchyard	64
churl	141
churlish	131
churn	90
chute	77
chutney	148
chutzpah	135
cicada	115
cicatrices	160
cicatrix	153
cicerone	162
cider	58
cig	116
cigar	77
cigarette	64
cigarillo	152
cilantro	123
cilia	148
ciliate	138
cinch	107
cinchona	145
cincture	143
cinder	76
cine	144
cinema	88
cinematic	113
cinematograph	138
cinematographer	135
cinematography	138
cinnamon	54
cipher	138
circ	125
circa	131
circadian	142
circle	37
circuit	118
circuitous	146
circuitry	126
circular	77
circularize	132
circulate	98
circulation	100
circulatory	132
circum	135
circumambulate	170
circumcise	122
circumcision	121
circumference	118
circumferential	125
circumnavigate	113
circumspect	142
circumspection	167
circumstance	98
circumstantial	138
circumvent	135
circus	45
cirque	144
cirrhosis	131
cirrhotic	187
cirrus	111
cisalpine	150
cistern	120
citadel	131
citation	130
cite	133
cithara	155
citizen	77
citizenry	129
citizenship	100
citrate	158
citric	121
citrus	66
city	66
cityscape	134
citywide	103
civet	113
civic	118
civics	114
civil	109
civilian	98
civility	134
civilization	100
civilize	101
civilized	99
civilizing	110
clabber	109
clack	94
clacker	93
clad	102
claim	90
claimer	130
clairaudient	161
clairsentience	150
clairvoyance	131
clairvoyant	123
clam	74
clambake	124
clamber	114
clammy	106
clamor	116
clamp	109
clampdown	130
clamshell	81
clan	110
clandestine	133
clang	95
clank	70
clannish	133
clansman	122
clap	34
clapboard	114
clapper	92
clapperboard	123
claptrap	124
claque	158
claret	157
clarification	121
clarifier	136
clarify	112
clarinet	92
clarion	155
clarity	106
clash	90
clasp	86
class	50
classic	84
classical	77
classicist	132
classics	90
classification	111
classified	116
classify	96
classis	141
classism	154
classist	158
classless	104
classmate	72
classroom	56
classy	103
clatter	87
clause	122
claustrophobia	103
claustrophobic	124
clavichord	123
clavicle	134
clavier	136
claw	47
clawless	83
claxon	121
clay	53
clean	39
cleaner	58
cleanliness	76
cleanness	66
cleanse	81
cleanser	82
cleansing	91
cleanup	51
clear	58
clearance	90
clearheaded	111
clearinghouse	125
clearness	82
clearway	139
cleat	90
cleavage	130
cleave	133
cleaver	89
clef	126
cleft	118
clemency	141
clench	99
clergy	102
clergyman	97
cleric	119
clerical	108
clerk	67
clerkship	141
clever	75
cleverness	78
clevis	137
clew	162
cliche	121
click	69
clicker	69
client	120
clientele	141
cliff	73
cliffhanger	96
climactic	132
climate	80
climatic	102
climax	108
climb	53
climbable	84
climber	80
clime	137
clinch	109
clincher	101
cling	77
clinger	105
clingy	73
clinic	94
clinical	118
clinician	134
clink	94
clinker	114
clip	66
clipboard	78
clipper	96
clipping	89
clique	124
cliquey	125
clitoral	152
clitoris	140
cloak	70
cloaking	97
cloakroom	94
clobber	85
clock	44
clockmaker	87
clockwork	88
clod	106
clodhopper	129
clodpoll	160
clog	94
cloggy	104
cloisonne	165
cloister	147
cloistered	117
clone	89
cloning	142
clop	92
close	45
closeness	73
closet	50
closetful	98
closeup	80
closure	121
clot	110
cloth	53
clothe	88
clothes	31
clotheshorse	153
clothesline	67
clothespin	78
clothier	147
clothing	42
cloud	36
cloudburst	143
cloudiness	84
cloudless	76
cloudlike	96
cloudy	55
clout	169
clove	109
cloven	116
clover	57
cloverleaf	64
clown	37
clownish	88
clownishness	95
cloy	145
cloying	146
club	59
clubby	132
clubfoot	112
clubhouse	74
clubwoman	136
cluck	52
clue	61
clueless	77
clump	86
clumpy	73
clumsiness	82
clumsy	73
clunk	82
clunker	94
clunky	82
cluster	100
clutch	102
clutter	83
coach	69
coachman	114
coadjutor	175
coagulant	142
coagulate	140
coagulation	140
coagulator	164
coal	66
coalesce	162
coalescence	160
coalition	139
coalmine	103
coarse	91
coarseness	116
coast	64
coastal	81
coaster	79
coastguard	94
coastline	90
coastwise	137
coat	36
coathanger	54
coating	86
coatroom	86
coattail	108
coauthor	106
coax	115
coaxial	149
cob	65
cobalt	135
cobber	104
cobble	100
cobbler	90
cobblestone	105
cobra	75
cobweb	75
cocaine	122
coccyx	141
cochineal	139
cochlear	151
cock	113
cockade	130
cockalorum	152
cockamamie	123
cockatiel	104
cockatoo	94
cockatrice	130
cockcrow	109
cocker	110
cockerel	126
cockeyed	100
cockfight	124
cockhorse	141
cockiness	111
cockle	142
cockney	156
cockpit	87
cockroach	62
cocksucker	124
cocksure	136
cocktail	95
cocky	105
cocoa	68
coconspirator	140
coconut	65
cocoon	90
cod	115
coda	130
coddle	129
code	81
codebook	112
codefendant	146
codeine	165
codependency	134
codependent	146
coder	126
codeword	103
codex	145
codfish	97
codger	119
codices	147
codicil	180
codify	166
coding	118
codling	117
codpiece	132
codswallop	139
coed	121
coeducational	132
coefficient	134
coelacanth	153
coenzyme	144
coequal	149
coequality	151
coerce	126
coercion	121
coercive	141
coexist	116
coexistence	128
coffee	49
coffeehouse	101
coffeemaker	78
coffeepot	55
coffer	121
cofferdam	144
coffin	78
coffle	141
cofounder	113
cog	113
cogent	141
cogitate	149
cogitation	139
cogito	176
cognac	142
cognition	152
cognitive	136
cognizance	153
cognizant	122
cognomen	132
cogwheel	122
cohabitate	146
cohabitation	128
coherence	116
coherency	144
coherent	120
cohesion	137
cohesive	122
cohort	152
coif	160
coiffeur	137
coiffure	137
coil	97
coin	42
coinage	106
coincide	111
coincidence	100
coincident	112
coincidental	109
coital	159
coitus	154
coke	47
cola	43
colander	90
cold	40
coldblooded	90
coldhearted	97
coldness	69
coleslaw	67
coleus	140
colic	131
colicky	150
coliseum	119
colitis	170
collaborate	118
collaboration	106
collaborationist	143
collaborative	123
collaborator	116
collage	83
collagen	147
collapse	92
collapsible	113
collar	66
collarbone	89
collard	124
collarless	113
collate	151
collateral	136
collation	137
colleague	124
collect	56
collectable	81
collectible	83
collection	72
collective	98
collector	80
college	84
collegial	163
collegian	144
collegiate	133
collide	98
collie	70
colliery	158
collision	90
collodion	190
colloquial	139
colloquialism	148
colloquium	141
colloquy	139
collude	143
collusion	114
collywobbles	122
cologne	83
colon	108
colonel	96
colonial	88
colonialism	123
colonialist	102
colonic	140
colonist	107
colonization	98
colonize	97
colonizer	98
colonoscopy	158
colony	82
colophon	139
color	40
colorable	81
coloration	112
coloratura	149
colorblind	97
colored	60
colorfast	133
colorful	49
coloring	35
colorist	126
colorize	119
colorless	68
colossal	90
colossus	115
colostomy	169
colporteur	135
colt	90
coltish	143
column	76
columnist	108
com	153
coma	108
comatose	142
comb	55
combat	103
combatant	119
combative	117
combativeness	121
combination	84
combine	75
combo	88
combust	106
combustible	109
combustion	114
come	33
comeback	98
comedian	89
comedic	109
comedienne	111
comedown	94
comedy	81
comely	125
comer	98
comestible	153
comet	82
comeuppance	144
comfit	148
comfort	73
comfortable	72
comforter	86
comforting	87
comfortless	99
comfrey	172
comfy	61
comic	70
comical	94
comics	59
comida	156
coming	48
comma	75
command	87
commandant	117
commandeer	119
commander	82
commanding	128
commandment	76
commando	113
commemorate	120
commemoration	140
commemorative	102
commence	114
commencement	115
commend	108
commendable	103
commendation	124
commendatory	117
commensurate	137
comment	88
commentary	119
commentate	119
commentator	108
commerce	134
commercial	62
commercialism	140
commercialization	146
commercialize	140
commie	127
commingle	136
comminuted	159
commiserate	130
commissar	136
commissariat	172
commissary	136
commission	147
commissioner	134
commit	101
commitment	93
committable	136
committal	129
committee	98
committeewoman	138
commode	106
commodious	146
commodity	135
commodore	116
common	69
commonality	132
commoner	86
commonness	120
commonplace	102
commonsense	90
commonwealth	119
commotion	96
communal	123
communalist	151
commune	120
communicability	126
communicable	124
communicate	76
communication	85
communicational	137
communicative	102
communicator	97
communion	82
communique	143
communism	117
communist	132
communistic	138
community	73
commutable	127
commutation	118
commutator	136
commute	93
commuter	124
comp	165
compact	108
compacted	110
compactor	110
companion	96
companionable	121
companionship	108
companionway	126
company	68
comparable	94
comparative	119
compare	86
comparison	93
compartment	84
compartmentalization	131
compartmentalize	149
compass	84
compassion	90
compassionate	117
compatibility	107
compatible	102
compatriot	124
compel	126
compelling	91
compendium	126
compensate	116
compensation	118
compensator	134
compensatory	142
compete	69
competence	126
competency	110
competent	118
competition	78
competitive	91
competitiveness	104
competitor	91
compilation	136
compile	108
compiler	126
complacency	135
complacent	144
complain	73
complainant	138
complainer	76
complaint	78
complaisance	149
complement	102
complementary	106
complete	66
completeness	96
completion	86
complex	112
complexion	114
complexity	122
compliance	135
compliant	119
complicate	93
complicated	84
complication	95
complicit	134
complicity	137
compliment	71
complimentary	103
comply	105
component	108
comport	144
comportment	159
compose	92
composer	93
composite	122
composition	94
compositional	145
compost	97
composure	123
compote	140
compound	113
compounder	126
comprehend	112
comprehensible	112
comprehension	100
comprehensive	127
comprehensiveness	128
compress	103
compressed	107
compression	118
compressor	123
comprise	121
compromise	91
compromiser	114
compulsion	140
compulsive	128
compulsiveness	114
compulsory	122
compunction	148
compunctious	141
computation	122
computational	123
compute	110
computer	97
computerization	132
computerize	122
computerized	101
computing	104
comrade	104
comradeship	126
con	96
concatenate	167
concatenation	149
concave	115
conceal	108
concealable	111
concealment	106
concede	120
conceit	123
conceited	121
conceivable	115
conceive	104
concentrate	82
concentration	84
concentrator	126
concentric	121
concept	114
conception	113
conceptual	133
conceptualize	153
concern	74
concerned	88
concerning	84
concert	90
concerted	149
concertina	134
concerto	129
concession	93
concessionary	144
conch	105
conchie	140
conchs	138
concierge	122
conciliation	144
conciliatory	142
concise	126
conclave	129
conclude	105
conclusion	94
conclusive	118
concoct	108
concoction	102
concomitant	162
concordance	145
concourse	139
concrete	74
concubinage	151
concubine	126
concur	117
concurrence	107
concurrent	127
concuss	130
concussion	108
concussive	139
condemn	125
condemnation	132
condensates	111
condensation	121
condense	113
condensed	121
condenser	123
condescend	118
condescending	120
condescension	141
condign	190
condiment	94
condition	84
conditional	112
conditioner	77
conditioning	106
condo	117
condole	148
condolence	124
condom	120
condominium	120
condone	122
condor	136
conducive	136
conduct	86
conduction	110
conductive	116
conductivity	142
conductor	74
conduit	131
cone	47
coned	112
coney	123
confab	162
confabulation	147
confection	101
confectionary	130
confectioner	131
confectionery	127
confederacy	110
confederate	101
confederation	109
confer	134
conference	94
conferencing	132
conferral	129
confess	71
confessant	125
confession	86
confessional	110
confessor	114
confetti	74
confidant	96
confide	112
confidence	93
confident	96
confidential	118
confidentiality	126
configuration	117
configure	121
confine	97
confinement	107
confining	114
confirm	93
confirmation	90
confiscate	108
confiscation	124
confiscatory	130
conflagration	156
conflict	96
conflicting	115
confluence	159
confluent	159
conflux	160
conform	105
conformable	128
conformance	148
conformation	118
conformational	129
conformism	128
conformist	134
conformity	146
confound	124
confounded	124
confrere	148
confront	99
confrontation	86
confrontational	116
confuse	63
confused	80
confuser	95
confusing	70
confusion	99
confute	152
conga	136
congeal	115
congee	132
congenial	126
congenital	149
congest	118
congested	94
congestion	102
congestive	112
conglomerate	133
conglomeration	129
congrats	83
congratulate	96
congratulation	79
congratulations	72
congratulatory	117
congregate	103
congregation	94
congregational	107
congress	90
congressional	125
congressman	94
congresswoman	114
congruent	139
congruity	119
conic	130
conical	123
conidial	144
conjectural	142
conjecture	131
conjugal	169
conjugate	125
conjugation	122
conjunction	97
conjunctivitis	139
conjuration	149
conjure	114
conjurer	122
conk	91
conman	121
connect	76
connectedness	120
connectible	95
connection	80
connective	118
connectivity	104
connector	90
conniption	104
connivance	140
connive	122
conniver	132
connoisseur	143
connotation	116
connote	138
connubial	167
conquer	101
conquering	100
conqueror	103
conquest	93
conquistador	119
conscience	97
conscientious	120
conscientiousness	109
conscious	107
consciousness	97
conscript	147
conscription	131
consecrate	119
consecrated	111
consecration	121
consecutive	100
consensual	126
consensus	123
consent	100
consenting	126
consequence	67
consequent	109
consequential	118
conservancy	143
conservation	108
conservationist	138
conservatism	123
conservative	140
conservatoire	137
conservator	144
conservatorship	165
conservatory	121
conserve	87
consider	93
considerable	104
considerate	82
consideration	95
consign	133
consignee	164
consignment	145
consignor	150
consist	91
consistence	110
consistency	103
consistent	100
consistory	141
consolation	120
consolatory	145
console	107
consolidate	126
consolidated	124
consolidation	149
consomme	143
consonant	88
consonantal	157
consort	128
consortium	156
conspectus	140
conspicuous	117
conspiracy	112
conspirator	114
conspiratorial	141
conspire	110
conspirer	131
constable	111
constancy	120
constant	98
constellation	96
consternation	169
constipation	99
constituency	146
constituent	149
constitute	127
constitution	90
constitutional	97
constitutionality	120
constrain	124
constraint	110
constrict	98
constriction	110
constrictive	104
constrictor	114
construct	87
construction	77
constructionist	146
constructive	94
constructor	95
construe	136
consubstantiation	150
consul	132
consular	155
consulate	143
consult	110
consultant	123
consultation	98
consume	115
consumer	112
consumerism	140
consummate	138
consummation	136
consumption	120
consumptive	125
contact	78
contagion	116
contagious	82
contain	79
containable	133
container	65
containment	113
contaminant	122
contaminate	109
contamination	114
contaminative	148
contemplate	106
contemplation	118
contemplative	130
contemporary	123
contemporize	136
contempt	124
contemptible	133
contemptuous	135
contend	124
contender	120
contending	121
content	84
contention	128
contentious	129
contentment	107
contents	85
contest	74
contestable	131
contestant	82
contestation	122
contester	116
context	100
contextual	132
contiguous	141
continent	84
continental	111
contingency	141
contingent	137
continual	106
continuance	120
continuation	100
continue	75
continuity	137
continuous	114
continuum	144
contort	104
contortion	115
contortionist	118
contour	117
contoured	144
contra	153
contraband	131
contraception	132
contraceptive	141
contract	92
contraction	129
contractor	102
contractual	131
contracture	132
contradict	109
contradiction	106
contradictory	123
contrail	156
contraire	126
contraption	114
contrapuntal	144
contrariety	132
contrariness	105
contrary	103
contrast	98
contravene	173
contravention	135
contretemps	144
contributable	125
contribute	94
contribution	112
contributor	108
contributory	137
contrite	136
contriteness	136
contrition	135
contrivance	141
contrive	128
contriver	152
control	73
controllable	74
controller	103
controversial	122
controversy	112
contumacious	185
contumely	132
contusion	128
conundrum	146
conurbation	130
convalesce	137
convalescence	139
convalescent	151
convection	126
convective	118
convector	146
convene	130
convenience	102
convenient	94
convent	96
convention	121
conventional	93
conventionality	151
conventual	130
converge	120
convergence	116
convergent	134
conversable	134
conversant	134
conversation	78
conversational	109
conversationalist	117
converse	120
conversion	104
convert	106
converter	127
convertible	85
convex	113
convey	126
conveyance	128
convict	110
conviction	108
convince	88
convincer	113
convincing	76
convivial	149
conviviality	148
convocation	140
convolution	140
convoy	123
convulse	110
convulsion	120
coo	72
cooer	133
cook	42
cookbook	72
cooker	70
cookery	104
cookhouse	107
cookie	34
cooking	51
cookout	74
cookware	94
cool	46
coolant	112
cooler	61
coolie	103
coolness	79
coon	91
coonhound	99
coonskin	98
coop	82
cooperage	141
cooperate	83
cooperation	80
cooperative	86
cooperator	108
coordinate	109
coordination	118
coordinator	110
coot	128
cootie	57
cop	49
copacetic	154
cope	94
copier	82
copilot	87
copious	146
copout	103
copper	80
copperhead	106
copperplate	96
coppery	116
coppice	166
copra	124
copter	111
copula	154
copulate	130
copulation	138
copulative	154
copy	61
copybook	104
copycat	64
copyhold	131
copyist	136
copyright	123
copywriter	109
coquette	158
coquettish	157
coral	91
cord	60
cordage	146
cordial	118
cordiality	141
cordillera	140
cordite	169
cordless	105
cordon	134
cordovan	147
corduroy	105
cordwood	132
core	76
coregent	149
corgi	129
coriander	139
cork	90
corkboard	84
corker	117
corkscrew	78
cormorant	142
corn	46
cornball	90
cornbread	64
corncob	52
corncrib	133
cornea	120
corneal	152
corned	108
cornel	125
corner	52
cornerback	128
cornerstone	117
cornfield	64
cornflake	52
cornflakes	53
cornflower	80
cornice	134
cornmeal	68
cornrow	91
cornstalk	70
cornstarch	95
cornucopia	93
corny	88
corollary	119
coronal	114
coronary	125
coronation	127
coroner	114
coronet	135
corporal	111
corporate	108
corporation	116
corporative	142
corporeal	155
corps	116
corpse	100
corpsman	127
corpulent	168
corpus	112
corpuscle	133
corpuscular	144
corral	82
correct	54
correctable	98
correction	87
correctional	115
corrective	95
correctness	87
correlate	134
correlation	134
correlative	135
correspond	118
correspondence	107
correspondent	133
corresponding	106
corridor	91
corroborate	114
corroboration	140
corroborative	143
corrode	114
corrosion	95
corrosive	102
corrugated	117
corrupt	115
corruptible	123
corruption	112
corruptness	125
corruptor	106
corsage	115
corsair	126
corset	107
corseted	133
cortege	158
cortex	124
cortical	166
cortices	195
cortisone	123
corundum	164
coruscation	170
cosign	148
cosine	129
cosmetic	108
cosmetician	120
cosmetologist	111
cosmetology	120
cosmic	92
cosmological	142
cosmologist	124
cosmology	118
cosmonaut	109
cosmopolitan	121
cosmos	106
cosponsor	131
cost	57
costal	103
costar	99
costly	92
costume	42
costumed	88
costumer	110
costumier	118
cosy	75
cot	75
coterie	137
cotillion	139
cotta	150
cottage	85
cottar	180
cotter	136
cotton	60
cottonmouth	120
cottontail	77
cottonwood	145
cottony	105
cotyledon	160
couch	37
couchant	160
cougar	81
cough	43
cougher	108
coulee	133
coulisse	151
council	106
councilman	119
councilor	99
councilwoman	116
counsel	94
counseling	100
counselor	93
countable	87
countdown	63
countenance	116
counter	71
counteract	128
counteraction	142
counteractive	126
counteragent	141
counterargument	141
counterattack	113
counterbalance	121
counterculture	132
counterespionage	128
counterfeit	108
counterfeiter	121
counterforce	119
counterinsurgency	164
counterintelligence	134
counterintuitive	125
counterirritant	166
countermand	129
countermeasure	149
countermine	127
countermove	129
counteroffensive	136
counteroffer	134
counterpane	138
counterpart	117
counterpoint	106
counterpoise	146
counterproductive	117
counterproposal	152
counterpunch	147
counterpuncher	122
counterrevolution	142
counterrevolutionary	147
countersign	152
countersignature	142
counterstrike	117
countersuit	142
countertenor	150
counterterrorism	165
counterterrorist	160
countervail	143
counterweight	132
countess	119
countless	92
country	70
countryman	111
countryside	80
countrywoman	101
county	89
coup	121
coupe	130
couple	58
coupler	125
couplet	114
coupling	118
coupon	72
courage	84
courageous	98
courant	113
courier	136
course	73
court	84
courteous	86
courtesan	129
courtesy	77
courthouse	90
courtier	128
courtly	135
courtroom	95
courtship	122
courtside	123
courtyard	100
couscous	150
cousin	50
cousinhood	94
couth	121
couture	146
couturier	148
covalent	142
covariance	158
covariant	157
cove	96
coven	124
covenant	113
covenanter	147
cover	54
coverage	109
coverall	93
coverless	113
coverlet	148
covert	126
covet	122
coveted	122
covetous	121
covetousness	151
covey	137
cow	39
coward	76
cowardice	111
cowardly	88
cowbell	74
cowboy	46
cower	108
cowgirl	67
cowhand	94
cowhide	114
cowl	135
cowlick	76
cowling	129
cowman	107
coworker	118
cowpat	94
cowpoke	87
cowpox	115
cowpuncher	129
cowshed	96
cowskin	91
cowslip	144
coxcomb	165
coxswain	174
coy	117
coyness	111
coyote	67
cozen	160
cozenage	148
cozy	92
crab	53
crabber	146
crabbiness	80
crabby	90
crabgrass	108
crabmeat	101
crack	63
crackdown	113
cracker	49
crackerjack	73
crackle	74
crackpot	119
crackup	94
cradle	52
craft	58
crafter	103
craftsman	88
craftsmanship	111
crafty	94
crag	115
craggy	134
cram	103
crambo	110
cramp	85
crampon	152
cranberry	64
crane	68
cranial	121
craniofacial	155
craniotomy	170
cranium	101
crank	112
crankcase	155
crankiness	94
crankshaft	127
cranky	62
cranny	116
crap	65
crape	107
crapehanger	145
crappy	77
crapshooter	133
crapulous	128
crash	61
crasher	90
crashworthiness	136
crass	137
crassness	131
crate	71
crateful	101
crater	81
crave	92
craven	125
craving	96
craw	126
crawdad	107
crawfish	87
crawl	39
crawler	75
crawlers	75
crawlspace	89
crayfish	94
crayon	32
craze	91
crazed	80
craziness	88
crazy	52
creak	81
creaking	77
creaky	69
cream	60
creamed	104
creamer	87
creamery	112
creamy	61
crease	78
create	71
creation	78
creationism	123
creationist	139
creative	87
creativity	83
creator	68
creature	73
creche	133
credence	131
credential	121
credentials	134
credenza	148
credibility	124
credible	131
credit	94
creditable	132
creditcard	97
creditor	122
credo	152
credulity	147
credulous	136
creed	92
creek	59
creep	80
creeper	111
creepers	86
creepy	74
cremate	118
cremation	114
cremator	142
crematorium	124
crematory	120
creosote	151
crepe	109
crepehanger	138
crepuscular	151
crepuscule	179
crescendo	138
crescent	78
cress	116
crest	104
crested	121
crestfallen	114
cretaceous	127
cretin	151
cretonne	177
crevasse	114
crevice	115
crew	76
crewman	100
crib	60
cribbage	136
crick	86
cricket	77
cricketer	148
crier	68
crime	77
criminal	68
criminalist	129
criminality	116
criminalize	135
criminological	140
criminologist	148
criminology	156
crimp	88
crimping	114
crimson	103
cringe	91
cringle	112
crinite	157
crinkle	85
crinkly	87
crinoline	148
cripple	91
crippled	79
crippler	88
crippling	93
crisis	90
crisp	72
crispiness	98
crispness	88
crispy	64
crisscross	73
criterion	141
critic	102
critical	84
criticism	102
criticize	97
critique	118
critter	71
croak	76
croaker	109
croaky	113
croc	112
crochet	90
crock	99
crockery	106
crocodile	51
crocus	112
croissant	102
crone	107
crony	128
cronyism	160
crook	78
crooked	63
crookedness	100
croon	133
crooner	124
crop	76
cropper	111
croquet	111
croquette	91
cross	47
crossbar	111
crossbeam	123
crossbones	99
crossbow	107
crossbreed	121
crosscheck	132
crosscurrent	138
crossfire	102
crosshatch	122
crossjack	136
crosslet	127
crossness	129
crossover	102
crosspatch	120
crossroad	85
crossroads	111
crosstie	127
crosswalk	66
crossway	106
crosswind	111
crosswise	108
crossword	72
crotch	89
crotchet	93
crotchety	118
crouch	85
croup	128
croupier	172
crouton	82
crow	57
crowbar	87
crowd	71
crowded	76
crowfoot	106
crown	78
crucial	107
crucible	144
cruciferous	161
crucifix	90
crucifixion	92
cruciform	156
crucify	89
crud	90
cruddy	69
crude	111
crudeness	114
crudity	137
cruel	76
cruelty	89
cruet	174
cruise	93
cruiser	103
cruller	116
crumb	59
crumble	67
crumbly	76
crumby	85
crummy	64
crumpet	118
crumple	77
crunch	56
crunchable	78
cruncher	84
crunchiness	88
crunchy	54
crusade	104
crusader	126
crush	76
crusher	85
crust	60
crustacean	104
crusty	76
crutch	72
crux	121
crybaby	64
cryobiology	167
cryogenic	161
cryogenics	147
cryonic	151
cryonics	134
crypt	107
cryptic	118
crypto	142
cryptogenic	138
cryptogram	142
cryptograph	144
cryptographer	147
cryptography	145
cryptologist	154
cryptology	148
cryptonym	140
crystal	78
crystalline	126
crystallization	120
crystallize	118
crystallography	154
crystalloid	140
cub	54
cubage	133
cubby	61
cubbyhole	65
cube	73
cubeb	170
cubic	113
cubical	112
cubicle	131
cubism	132
cubist	142
cubistic	151
cubit	134
cuckold	144
cuckoo	66
cucumber	57
cud	108
cudbear	110
cuddle	62
cuddy	128
cudgel	116
cue	109
cuff	84
cufflink	98
cuirass	159
cuisine	117
culinary	108
cull	158
culminate	138
culmination	121
culottes	135
culpa	132
culpability	128
culpable	156
culprit	106
cult	106
cultish	134
cultivar	155
cultivate	124
cultivation	116
cultivator	132
cultural	106
culture	95
cultured	110
cultureless	136
culvert	103
cumbersome	105
cumbrous	145
cumin	128
cummerbund	130
cumulative	130
cumulonimbus	146
cumulus	121
cuneiform	140
cunnilingus	163
cunning	108
cunningness	131
cunt	137
cup	36
cupboard	64
cupcake	41
cupful	64
cupidity	124
cupric	174
cur	146
curable	107
curare	157
curate	157
curative	136
curator	117
curatorship	150
curb	68
curbside	107
curbstone	108
curculio	131
curd	102
curdle	112
curdled	100
cure	96
cureless	112
curette	173
curfew	103
curia	152
curio	115
curiosity	83
curious	66
curium	162
curl	64
curler	76
curlew	146
curling	91
curmudgeon	129
currant	123
currency	92
current	89
currently	82
curricular	101
curriculum	104
currish	130
curry	133
curse	75
cursive	73
cursor	122
cursory	136
curst	121
curt	134
curtail	129
curtailment	148
curtain	50
curtsy	88
curvaceous	127
curvature	130
curve	75
curveball	91
curved	67
curvy	92
cushion	55
cushy	88
cusp	127
cuspidor	148
cuss	68
cussedness	126
custard	85
custodial	115
custodian	80
custodianship	124
custody	95
custom	84
customary	112
customer	72
customize	122
customized	106
customizer	125
customs	92
cut	44
cutaneous	147
cutaway	124
cutback	123
cute	43
cuteness	74
cutesy	74
cuticle	118
cutie	47
cutlass	118
cutlery	99
cutlet	118
cutoff	88
cutout	69
cutter	80
cutthroat	108
cuttle	116
cuttlebone	125
cuttlefish	129
cutup	99
cyan	114
cyanic	160
cyanide	140
cyanosis	171
cyanotic	162
cybernetic	161
cybernetics	153
cybersex	152
cyberspace	144
cyclamen	152
cycle	75
cycler	111
cyclic	122
cyclical	134
cyclist	86
cycloid	138
cyclone	96
cyclopedia	143
cyclotron	164
cygnet	120
cylinder	96
cylindrical	106
cymbal	99
cymbals	81
cymbidium	146
cynic	131
cynical	134
cynicism	132
cynosure	161
cyst	118
cystic	141
cytomegalovirus	194
cytoplasm	127
cytosine	145
czar	117
czardas	157
czarist	155
dab	67
dabble	102
dabbler	137
dace	142
dacha	143
dachshund	92
dactyl	141
dactylic	165
dado	132
daffodil	56
daft	123
dag	114
dagger	84
daguerreotype	167
daily	60
daimyo	140
daintiness	109
dainty	88
daiquiri	155
dairy	68
dairyman	93
dais	131
daisy	56
dale	103
dalliance	145
dalmatian	61
dam	66
damage	72
damask	140
dame	118
damn	83
damnable	122
damnation	89
damp	77
dampen	102
damper	95
damping	125
dampness	85
damsel	78
damson	164
dance	46
danceable	100
dancer	60
dancing	41
dandelion	51
dander	115
dandler	139
dandruff	107
dandy	79
dandyish	149
danger	46
dangerous	56
dangerousness	90
dangle	69
dangler	94
dank	124
danseur	155
danseuse	182
dapper	121
dappled	108
dare	66
daredevil	82
darer	91
daresay	123
daring	91
dark	37
darken	68
darkened	67
darkie	111
darkling	108
darkness	48
darkroom	117
darksome	127
darling	58
darn	80
darnedest	105
darnel	180
dart	74
dartboard	84
darter	116
darts	70
dash	77
dashboard	92
dashiki	123
dashing	93
dastardly	125
data	104
databank	155
database	142
datable	125
date	58
datebook	118
dateless	130
dater	114
dative	148
daub	102
daughter	50
daughterly	86
daunt	121
daunting	116
dauntless	138
dauphin	149
dawdle	103
dawdler	116
dawn	70
day	35
daybed	97
daybook	124
daybreak	81
daycare	67
daydream	77
daydreamer	72
daylight	49
daylong	99
daystar	108
daytime	51
daze	100
dazzle	78
dazzler	102
dazzling	92
deacon	113
deaconess	121
deaconship	119
deactivate	118
deactivation	116
deactivator	124
dead	52
deadbeat	104
deadbolt	102
deaden	107
deadfall	128
deadhead	129
deadline	96
deadliness	108
deadlock	119
deadly	61
deadpan	154
deadweight	111
deaf	68
deafen	86
deafening	110
deafness	75
deal	60
dealer	94
dealership	112
dean	138
dear	56
dearly	84
dearth	143
death	54
deathbed	95
deathly	96
deathtrap	109
debacle	124
debark	122
debarkation	144
debase	140
debasement	139
debatable	111
debate	96
debater	110
debauch	152
debauched	163
debaucher	155
debauchery	137
debenture	173
debilitating	142
debit	143
debonair	122
debone	107
debridement	180
debrief	131
debriefing	146
debris	112
debt	104
debtor	123
debug	132
debugger	144
debunk	138
debut	106
debutante	143
decade	102
decadence	122
decadent	120
decaf	102
decaffeinated	117
decal	94
decamp	136
decanter	145
decapitate	103
decapitation	107
decathlete	131
decathlon	129
decay	88
decaying	94
decease	100
deceased	108
decedent	99
deceit	110
deceitful	129
deceitfulness	105
deceive	87
deceiver	111
decelerate	132
deceleration	115
december	50
decency	90
decent	75
decentralization	143
deception	100
deceptive	108
decibel	123
decide	72
decider	88
deciduous	140
decigram	170
deciliter	126
decimal	92
decimate	127
decimation	134
decimator	125
decipher	108
decision	76
decisive	114
decisiveness	131
deck	64
declaim	122
declaration	114
declaratory	140
declare	107
declension	125
declination	151
decline	97
deco	139
decodable	135
decode	107
decoder	111
decommission	128
decommissioning	156
decompensate	135
decompose	105
decomposition	138
decompress	128
decompression	142
decongestant	123
deconsecrate	129
deconstruct	113
deconstruction	132
deconstructionist	153
decontaminate	114
decontamination	130
decontrol	125
decor	109
decorate	70
decorated	59
decoration	59
decorative	101
decorator	102
decorous	132
decorticate	139
decorum	151
decoupage	133
decoy	94
decrease	86
decree	113
decrepit	114
decrepitude	152
decrypt	121
decryption	145
decuple	160
dedicate	92
dedication	96
deduce	130
deduct	108
deductible	138
deduction	109
deductive	125
deed	97
deejay	92
deem	103
deep	55
deepen	92
deepness	80
deepwater	100
deer	52
deerstalker	122
deescalate	148
deface	123
defacement	126
defalcation	163
defamation	137
defamatory	159
defame	120
default	108
defeat	87
defeatism	141
defeatist	144
defecate	132
defecation	127
defect	103
defection	130
defective	101
defector	132
defence	78
defend	82
defendant	114
defender	90
defenestration	132
defense	88
defenseless	94
defenseman	125
defensible	108
defensive	99
defensiveness	98
defer	119
deference	129
deferens	163
deferential	144
deferment	139
defiance	124
defiant	104
defibrillate	146
defibrillation	143
defibrillator	151
deficiency	123
deficient	116
deficit	129
defilade	140
defile	125
defilement	144
defiler	144
define	85
definite	84
definitely	73
definition	84
definitive	126
deflate	88
deflation	113
deflect	101
deflection	116
deflector	116
deflower	137
defoliant	164
defoliate	141
deforestation	151
deform	113
deformation	135
deformed	76
deformity	103
defraud	124
defrauder	153
defray	144
defrock	149
defrost	78
defroster	106
deft	111
deftness	116
defunct	117
defuse	121
defy	98
degeneracy	138
degenerate	134
degeneration	146
degenerative	134
degradable	118
degradation	130
degrade	115
degree	104
dehiscence	180
dehumanization	138
dehumidify	130
dehydrate	105
dehydration	94
deify	130
deign	116
deinstitutionalization	160
deity	130
deject	123
dejected	115
dejeuner	132
delay	88
dele	155
delectable	130
delectation	127
delegate	126
delegation	133
delete	78
deleterious	170
deletion	113
delft	140
delftware	137
deli	88
deliberate	114
deliberation	138
delicacy	105
delicate	82
delicatessen	121
delicious	65
deliciousness	89
delight	87
delighted	81
delightful	97
delineate	127
delineation	160
delinquency	133
delinquent	110
delirious	108
delirium	126
deliver	66
deliverable	100
deliverance	119
deliverer	81
delivery	77
deliveryman	78
dell	85
delouse	128
delphinium	142
delta	111
delude	133
deluge	137
delusion	100
delusional	124
delusionary	129
deluxe	98
delve	115
demagnetize	126
demagogue	164
demagoguery	142
demand	78
demander	108
demarcation	139
dematerialize	120
demean	131
demeaning	116
demeanor	126
dement	152
demented	116
dementia	123
demerit	117
demigod	133
demilitarized	154
demimonde	166
demineralization	121
demise	107
demitasse	151
demiurge	156
demo	112
demobilization	132
democracy	102
democrat	112
democratic	102
democratize	126
demographic	126
demolish	91
demolition	90
demon	72
demoniac	133
demoniacal	135
demonic	103
demonism	136
demonize	130
demonologist	140
demonology	143
demonstrable	138
demonstrandum	136
demonstrate	90
demonstration	101
demonstrative	116
demonstrator	93
demoralization	150
demoralize	139
demoralizer	138
demote	129
demotic	155
demotion	126
demount	108
demur	143
demure	128
demurrer	149
demystify	134
den	57
denaturalization	153
denatured	139
dengue	123
deniability	126
deniable	100
denial	94
denigrate	142
denigration	134
denim	82
denims	80
denizen	144
denomination	106
denominational	110
denominator	112
denote	112
denouement	150
denounce	122
dense	102
denseness	118
densitometer	160
density	108
dent	73
dental	72
dentate	151
dentifrice	154
dentin	113
dentist	52
dentistry	88
dentition	154
denture	102
denudation	150
deny	78
deodorant	88
deodorize	115
deodorizer	121
deoxyribonucleic	155
depart	99
department	98
departmental	126
departure	98
depend	85
dependability	100
dependable	88
dependant	107
dependence	107
dependency	110
dependent	93
depict	115
depiction	114
depilatory	144
deplane	109
deplete	125
depletion	142
deplorable	142
deplore	124
deploy	124
deployable	135
deployment	123
depolarization	145
depopulate	133
depopulation	123
deport	126
deportation	140
deportment	143
depose	136
deposer	153
deposit	86
deposition	136
depositor	136
depository	132
depot	91
depravation	136
deprave	109
depravity	134
deprecate	138
deprecatory	150
depreciate	134
depreciation	152
depredation	152
depress	98
depressant	123
depressed	95
depressing	117
depression	107
depressive	119
depressor	102
depressurization	137
depressurize	123
deprivation	112
deprive	94
deprogram	163
deprogrammer	156
dept	80
depth	97
deputation	176
depute	146
deputize	120
deputy	64
deracinate	172
derail	107
derailment	120
derangement	143
derby	104
deregulation	150
derelict	144
dereliction	143
deride	125
derision	134
derisive	141
derivation	142
derivative	144
derive	120
derma	139
dermal	142
dermatitis	149
dermatological	130
dermatologist	126
dermatology	123
dermatome	168
dermis	139
dernier	126
derogatory	134
derriere	131
derringer	128
dervish	141
desalinization	162
descant	135
descend	92
descendant	96
descent	98
describe	77
description	88
descriptive	79
descriptor	112
desecrate	123
desecration	138
desecrator	139
desegregate	120
desegregation	123
deselect	115
desensitization	155
desensitize	137
desert	84
deserter	108
desertion	123
deserve	79
deserving	77
desiccant	153
desiccate	151
desiccated	127
desiccation	136
design	100
designate	116
designated	114
designation	118
designator	122
designee	149
designer	90
desirability	121
desirable	110
desire	100
desirous	129
desist	133
desk	56
deskbound	115
desktop	88
desolate	121
desolated	121
desolation	128
despair	96
despairing	128
desperado	128
desperate	92
desperately	99
desperateness	133
desperation	113
despicable	109
despise	124
despite	91
despoil	156
despondency	139
despondent	146
despot	135
despotism	140
dessert	56
destabilization	139
destabilize	123
destination	86
destine	125
destiny	102
destitute	114
destitution	136
destroy	67
destroyer	77
destruct	88
destructible	102
destruction	76
destructive	80
destructor	101
desultory	142
detach	92
detachable	99
detachment	125
detail	98
detailed	70
detailer	100
detain	123
detainee	138
detainment	130
detect	95
detectable	119
detection	103
detective	66
detector	94
detente	154
detention	102
deter	122
detergent	73
deteriorate	118
deteriorating	108
deterioration	126
determinate	118
determination	89
determinative	129
determine	89
determinism	137
determinist	134
deterministic	130
deterrence	141
deterrent	118
detest	105
detestable	130
detestation	128
dethrone	109
dethronement	142
detonate	101
detonation	127
detonative	156
detonator	106
detour	91
detoured	106
detox	163
detoxification	147
detoxifier	137
detoxify	146
detract	128
detrain	130
detriment	134
detrimental	122
detritus	133
detune	129
deuce	103
deuterium	161
devaluate	122
devaluation	127
devalue	127
devastate	98
devastating	111
devastation	108
devastator	112
develop	73
developer	103
development	86
developmental	96
deviance	146
deviancy	139
deviant	141
deviate	131
deviation	125
deviationism	165
device	81
devil	50
deviled	98
devilfish	132
devilish	87
devilishness	104
devilled	111
devilry	124
deviltry	146
devious	98
deviousness	119
devise	108
devoid	122
devoir	139
devolution	134
devolve	134
devote	96
devoted	96
devotee	124
devotion	118
devotional	113
devour	102
devourer	101
devout	104
devoutness	112
dew	74
dewberry	137
dewdrop	87
dewlap	123
dewy	102
dexterity	113
dexterous	147
dextral	141
dextrose	164
dhal	183
dhow	178
diabetes	107
diabetic	112
diabolic	127
diabolical	118
diabolism	169
diabolist	163
diadem	166
diagnosable	110
diagnose	107
diagnosis	123
diagnostic	129
diagnostician	165
diagonal	80
diagram	96
dial	67
dialect	115
dialectic	162
dialectical	139
dialectician	146
dialectics	153
dialer	112
dialogical	155
dialogue	110
dialysis	130
dialyze	147
diamante	140
diameter	104
diametric	129
diamond	65
diamondback	102
diapason	145
diaper	34
diaphanous	163
diaphoresis	152
diaphoretic	150
diaphragm	126
diaphragmatic	154
diarist	141
diary	77
diastole	149
diastolic	166
diathermy	153
diatomaceous	153
diatonic	142
diatribe	153
diazepam	157
diazomethane	168
dib	106
dibber	128
dibs	76
dice	64
dicer	99
dicey	126
dichotomous	161
dichotomy	152
dichromate	155
dick	109
dicker	157
dickhead	108
dictate	103
dictation	121
dictator	106
dictatorial	126
dictatorship	117
diction	131
dictionary	73
dictograph	136
dictum	164
didactic	169
didacticism	153
diddle	98
diddlysquat	96
didgeridoo	152
die	45
diehard	120
dielectric	142
diesel	117
diet	92
dietary	114
dietetic	129
diethyl	164
diethylamide	195
dietician	124
diff	106
differ	90
difference	74
different	55
differential	124
differentiate	116
differentiation	128
differing	111
difficult	58
difficulty	68
diffident	132
diffraction	141
diffuse	112
diffuser	137
diffusion	128
diffusive	134
dig	42
digest	90
digestible	95
digestion	103
digestive	104
digger	81
digit	93
digital	114
digitalization	158
digitalize	140
digitization	158
digitize	149
digits	90
dignified	109
dignify	105
dignitary	122
dignity	96
digress	146
digression	149
dihedral	155
dike	125
diktat	143
dilapidated	118
dilapidation	126
dilatation	146
dilate	130
dilation	145
dilator	145
dilatory	152
dildo	154
dilemma	107
dilettante	161
diligence	120
diligent	118
dill	82
dilute	121
dilution	130
dim	71
dime	57
dimension	103
dimensional	119
dimensionality	166
diminish	110
diminishment	135
diminuendo	145
diminution	140
diminutive	156
dimity	147
dimmer	98
dimple	78
dimpled	100
dimwit	97
dimwitted	99
dimwittedness	118
din	90
dinar	151
dine	90
diner	68
dinette	126
dingbat	94
dingdong	43
dinger	105
dinghy	107
dingle	122
dingo	113
dingus	116
dingy	86
dining	68
dinky	86
dinner	40
dinnertime	40
dinnerware	89
dinning	112
dinosaur	49
dint	98
diocesan	140
diocese	111
diode	114
diorama	112
dioramic	128
dioxide	114
dioxin	176
dip	70
diphtheria	162
diphthong	110
diphthongization	193
diplex	153
diploma	93
diplomacy	109
diplomat	110
diplomatic	122
diplomatist	147
dipper	77
dippy	87
dipsomania	136
dipsomaniac	161
dipstick	108
diptych	172
dir	159
dire	116
direct	97
direction	67
directional	85
directionality	129
directive	139
directness	110
director	85
directorate	161
directorial	138
directorship	123
directory	96
directress	106
direful	142
direness	140
dirge	142
dirham	120
dirigible	143
dirt	38
dirtiness	54
dirty	46
disability	93
disable	90
disabled	77
disabuse	131
disadvantage	104
disadvantaged	107
disadvantageous	131
disaffected	132
disagree	84
disagreeable	84
disagreement	85
disallow	112
disappear	54
disappearance	90
disappoint	70
disappointed	70
disappointing	87
disappointment	83
disapproval	89
disapprove	80
disapproving	87
disarm	101
disarmament	133
disarrange	124
disarray	124
disarticulation	180
disassemble	98
disassociate	137
disaster	82
disastrous	90
disavow	138
disband	110
disbar	141
disbarment	136
disbelief	107
disbelieve	95
disbeliever	101
disbursal	141
disburse	114
disbursement	140
disc	100
discard	104
discarnate	153
discern	128
discernable	134
discernible	126
discerning	116
discernment	136
discharge	107
disciple	82
discipleship	117
disciplinarian	127
disciplinary	90
discipline	77
disciplined	82
disclaim	129
disclaimer	139
disclose	117
discloser	145
disclosure	124
disco	105
discoloration	110
discolorations	111
discombobulate	132
discomfiture	140
discomfort	95
disconcerting	141
disconfirm	135
disconnect	79
disconnection	106
discontent	119
discontented	113
discontentment	131
discontinuation	120
discontinue	116
discord	124
discordance	132
discordant	142
discotheque	148
discount	95
discourage	93
discouragement	102
discouraging	91
discourse	124
discourteous	121
discourtesy	116
discover	76
discoverer	81
discovery	78
discredit	111
discreditable	133
discreet	119
discrepancy	139
discrete	116
discretion	127
discretionary	138
discriminate	108
discriminating	114
discrimination	109
discriminative	116
discriminator	94
discriminatory	127
discus	95
discuss	79
discussable	115
discussion	74
disdain	134
disdainful	129
disease	76
diseased	99
disembark	130
disembarkation	166
disembodied	122
disembodiment	132
disembody	122
disembogue	139
disembowel	145
disembowelment	132
disenchanted	116
disenchantment	122
disenfranchise	161
disenfranchised	157
disenfranchisement	166
disengage	126
disengagement	128
disentangle	124
disentwine	142
disequilibrium	137
disfavor	139
disfigure	113
disfigurement	126
disgorgement	141
disgrace	82
disgraceful	91
disgruntled	111
disguise	87
disguiser	91
disgust	77
disgusted	78
disgusting	61
disgustingness	104
dish	49
dishabille	145
disharmony	116
dishearten	112
dishevelment	140
dishonest	57
dishonesty	68
dishonor	115
dishonorable	105
dishpan	95
dishrag	63
dishtowel	59
dishware	94
dishwasher	72
dishwashing	64
dishwater	64
disillusion	138
disillusionment	140
disinclination	158
disinclined	127
disinfect	106
disinfectant	107
disinfection	108
disinformation	128
disingenuous	154
disinherit	121
disinheritance	134
disintegrate	114
disintegration	116
disintegrator	111
disinter	133
disinterest	90
disinterested	124
disinterestedness	136
disinterment	154
disinvite	128
disjoin	132
disjoint	117
disjointed	117
disk	75
diskette	118
dislike	54
dislocate	110
dislocation	100
dislodge	110
disloyal	106
disloyalty	110
dismal	106
dismantle	109
dismay	109
dismember	130
dismemberment	116
dismiss	82
dismissal	100
dismissible	133
dismissive	121
dismissiveness	121
dismount	98
disobedience	78
disobedient	66
disobey	66
disodium	158
disorder	88
disordered	96
disorderly	96
disorganization	111
disorganize	109
disorient	122
disorientate	132
disorientated	111
disorientation	108
disoriented	99
disown	116
disparage	149
disparagement	137
disparaging	134
disparate	160
disparity	125
dispassion	141
dispassionate	134
dispatch	110
dispatcher	127
dispel	114
dispensable	119
dispensary	135
dispensation	119
dispense	95
dispenser	79
dispersal	108
disperse	121
dispersion	130
dispirit	152
dispiritedness	147
displace	111
displacement	126
display	77
displease	81
displeasure	90
disposable	101
disposal	108
dispose	85
disposer	121
disposition	122
dispositional	138
dispositive	132
dispossess	136
dispraise	137
disproportionate	141
disprove	102
disputatious	151
dispute	120
disqualification	97
disqualify	88
disquiet	136
disquieting	135
disquietude	156
disregard	104
disremember	136
disrepair	120
disreputable	140
disrepute	126
disrespect	88
disrespectful	71
disrobe	126
disrobement	145
disrupt	92
disrupter	92
disruption	94
disruptive	88
disruptor	110
dissatisfaction	111
dissatisfied	100
dissatisfy	94
disseat	118
dissect	101
dissection	116
dissector	120
dissemble	115
dissembler	134
disseminate	133
dissemination	156
disseminator	136
dissension	158
dissent	114
dissenter	145
dissertation	147
disservice	137
disseverance	166
dissident	133
dissimilar	123
dissimilarity	133
dissimulate	138
dissimulation	154
dissipate	132
dissipation	135
dissociate	136
dissociation	129
dissociative	148
dissolute	134
dissolution	131
dissolve	92
dissonance	128
dissonant	147
dissuade	132
distain	130
distal	151
distance	68
distant	90
distaste	124
distasteful	101
distemper	138
distempered	111
distend	129
distension	129
distention	139
distil	139
distillate	132
distillation	146
distilled	96
distiller	128
distillery	146
distinct	105
distinction	104
distinctive	104
distinctiveness	112
distinguish	113
distinguishable	117
distinguished	108
distinguishing	116
distort	112
distorted	103
distortion	115
distract	87
distracter	114
distraction	96
distraught	110
distress	112
distressing	103
distributable	124
distribute	103
distributer	114
distribution	110
distributor	116
distributorship	133
district	98
distrust	101
distrustful	116
disturb	82
disturbance	93
disturber	97
disturbing	86
disulphide	139
disunite	126
disunited	122
disuse	110
disused	122
ditch	62
dither	142
ditherance	135
ditsy	109
ditto	93
ditty	103
ditz	79
ditzy	92
diuretic	149
diurnal	155
diva	136
divan	114
dive	72
diver	69
diverge	126
divergence	148
divergent	137
diverse	120
diversification	131
diversify	131
diversion	126
diversionary	151
diversity	108
divert	113
diverter	142
diverticulitis	161
divertissement	167
divertive	139
divest	140
divestiture	142
divide	72
dividend	128
divider	97
dividers	84
divination	122
divine	102
divining	111
divinity	104
divisibility	106
divisible	87
division	74
divisional	104
divisive	132
divisiveness	151
divorce	89
divorcee	116
divorcement	105
divorcer	101
divulge	126
divulger	126
divvy	104
dizziness	81
dizzy	55
dizzying	87
do	36
doable	97
dobbin	120
doc	85
docent	154
docile	124
docility	148
dock	82
dockage	126
docket	130
dockhand	122
docking	87
dockside	84
dockworker	114
dockyard	120
doctor	46
doctoral	133
doctorate	138
doctrinaire	164
doctrinal	156
doctrine	119
docudrama	163
document	99
documentarian	130
documentary	116
documentation	119
dodder	119
doddering	142
doddle	88
dodecahedron	119
dodge	77
dodger	99
dodgy	139
dodo	81
doe	76
doer	123
doff	145
dogcatcher	60
doge	130
dogface	86
dogfight	89
dogfish	95
doggerel	124
doggy	37
doghouse	67
dogleg	84
dogma	129
dogmatic	139
dogsled	77
dogtrot	114
dogwatch	91
dogwood	114
doing	59
dojo	129
doldrums	119
dole	94
doll	37
dollar	51
dollhouse	49
dollop	98
dolomite	145
dolor	137
dolphin	60
dolt	112
domain	117
dome	84
domestic	106
domesticate	114
domesticated	128
domesticity	130
domicile	133
domiciliary	159
dominance	101
dominant	111
dominate	89
domination	118
dominator	103
dominatrix	160
domineer	103
dominion	124
domino	62
dominoes	77
don	116
donate	82
donation	93
donkey	60
donnybrook	142
donor	101
doodad	95
doodah	61
doodle	81
doodlebug	104
doodler	86
doohickey	76
doom	94
doomsayer	128
doomsday	111
door	30
doorbell	50
doorframe	84
doorjamb	81
doorkeeper	103
doorknob	47
doorknocker	71
doorman	93
doormat	72
doornail	81
doorpost	76
doorstep	61
doorstop	66
doorway	66
doozy	93
dopamine	155
dope	94
doper	141
dopey	88
doppelganger	157
dork	66
dorky	69
dorm	99
dormancy	124
dormant	102
dormer	141
dormitory	112
dormouse	78
dorsal	130
dosage	80
dose	101
dosimeter	150
doss	144
dossier	140
dot	43
dotage	126
dotard	143
dote	115
doting	116
dotted	60
dotter	118
dottle	144
dotty	81
double	56
doubleheader	111
doublespeak	130
doublet	132
doubletree	129
doubloon	118
doubt	88
doubter	94
doubtful	83
douche	134
dough	66
doughboy	85
doughnut	54
dour	131
dourine	168
douse	126
douser	142
dove	66
dovetail	122
dowager	150
dowdy	119
dowel	102
dower	110
dowerless	134
down	49
downbeat	118
downcast	106
downdraught	164
downer	114
downfall	115
downfield	91
downgrade	116
downhill	59
downlink	163
download	136
downloadable	137
downplay	99
downpour	73
downrange	114
downriver	84
downshift	127
downside	94
downsize	123
downstairs	39
downstate	109
downswing	120
downtime	127
downtown	64
downtrodden	122
downturn	85
downward	78
downwash	112
downy	97
dowry	146
dowse	110
dowser	128
doxology	163
doxy	146
doyen	143
doze	80
dozen	69
dozer	91
dozy	116
drab	111
drabble	121
dracaena	120
drachma	165
draconian	145
draft	76
draftee	112
draftsman	138
drafty	88
drag	88
dragger	98
dragnet	124
dragoman	105
dragon	56
dragonfly	68
dragonroot	120
dragoon	120
drain	63
drainage	108
drainer	70
drainpipe	91
drake	121
dram	131
drama	74
dramatic	87
dramatics	87
dramatist	119
dramatization	97
dramatize	114
drape	91
drapery	120
drastic	108
drat	86
draught	125
draughtsman	146
draughty	138
draw	41
drawback	96
drawbridge	91
drawer	54
drawers	61
drawing	48
drawl	112
drawstring	97
dray	146
dread	94
dreaded	105
dreadful	68
dreadnought	172
dream	49
dreamboat	102
dreamer	72
dreamland	73
dreamless	108
dreamlike	76
dreamworld	90
dreamy	88
drear	119
dreary	84
dredge	125
dredging	142
dreg	136
dregs	135
drench	94
dress	40
dresser	43
dressing	57
dressmaker	93
dressmaking	88
dressy	76
drew	54
drib	111
dribble	65
dribbler	82
drift	89
drifter	103
driftwood	95
drill	71
driller	107
drillmaster	140
drink	35
drinkable	76
drinker	85
drip	59
dripper	109
drippy	68
drivable	118
drive	53
drivel	128
driver	50
driveway	58
drizzle	76
drogue	141
droll	131
drollery	165
dromedary	123
drone	101
drool	61
droop	101
drooping	82
droopy	69
drop	33
dropkick	91
droplet	93
dropout	100
dropper	86
dropsy	130
drosophila	185
dross	172
drought	79
drove	63
drover	137
drown	70
drowse	115
drowsiness	95
drowsy	80
drudge	106
drudgery	151
drug	81
druggie	119
druggist	130
drugstore	75
druid	129
druidic	165
druidism	140
drum	46
drumbeat	82
drummer	60
drumstick	78
drunk	93
drunkard	107
drunken	94
drunkenness	119
druthers	116
dry	41
dryad	136
dryer	62
dryness	89
drywall	121
dual	86
dualism	136
dualistic	127
duality	129
dub	111
dubious	122
ducal	118
ducat	144
duchess	98
duchy	129
duck	35
ducker	83
duckling	50
ducktail	107
duckweed	132
ducky	74
duct	107
ductile	142
ductless	147
ductwork	126
dud	86
dude	79
dudgeon	116
due	75
duel	94
dueler	108
duenna	161
duet	88
duffel	101
duffer	110
dugout	87
duh	86
duke	79
dukedom	111
dulcet	152
dulcimer	140
dull	80
dullard	128
dullness	89
duly	114
duma	145
dumb	45
dumbbell	76
dumbfound	105
dumbness	76
dumbstruck	113
dumbwaiter	115
dummy	52
dump	66
dumper	96
dumpling	85
dumpster	91
dumpy	83
dun	130
dunce	92
dunderhead	119
dune	96
dung	110
dungaree	125
dungeon	76
dunghill	122
dungy	105
dunk	66
duo	79
duodenal	139
duodenum	145
dup	144
dupe	118
duplex	110
duplicate	90
duplication	121
duplicator	97
duplicitous	138
duplicity	124
durability	100
durable	118
duration	103
durbar	170
duress	140
durian	155
during	68
dusk	87
dusky	89
dust	51
dustbin	93
duster	81
dustman	109
dustpan	65
dustup	116
dusty	47
dutiable	133
dutiful	108
duty	72
duvet	150
dwarf	76
dwarfish	132
dwarfism	111
dweeb	90
dwell	108
dweller	98
dwelling	90
dwindle	112
dwindling	118
dybbuk	160
dye	76
dyke	137
dynamic	120
dynamism	149
dynamite	71
dynamiter	109
dynamo	123
dynamotor	141
dynastic	139
dynasty	105
dysentery	136
dysfunction	112
dysfunctional	115
dysgenics	184
dyslexia	123
dyslexic	133
dyslogistic	131
dyspeptic	174
dysphasia	164
dysplasia	162
dysprosium	123
dystopia	168
dystrophy	128
each	50
eager	85
eagerness	109
eagle	58
ear	36
earache	61
eardrop	92
eardrum	80
earful	83
earl	106
earldom	123
earless	93
earlobe	60
early	53
earmark	118
earmuff	70
earn	76
earner	108
earnest	102
earnestness	119
earnings	81
earphone	94
earpiece	103
earplug	76
earring	72
earshot	105
earth	54
earthbound	119
earthen	128
earthlight	142
earthling	116
earthly	94
earthman	91
earthquake	75
earthworm	54
earthy	91
earwax	64
earwig	107
ease	91
easeful	126
easel	70
easement	117
easer	96
easiness	84
east	69
eastbound	97
easterly	132
eastern	86
easternmost	115
easting	103
easy	54
easygoing	94
eatable	89
eater	59
eatery	106
eau	147
eaves	124
eavesdrop	89
eavesdropper	94
ebb	111
ebonite	114
ebony	112
ebullient	165
ebullition	167
eccentric	126
eccentricity	137
ecclesiastical	138
echelon	135
echo	80
echocardiogram	175
echogram	162
echolocate	146
echolocation	102
eclair	108
eclectic	128
eclipse	102
ecological	134
ecologist	126
ecology	127
economic	120
economical	116
economics	123
economist	123
economize	146
economy	126
ecosystem	111
ecru	122
ecstasy	135
ecstatic	133
ectoderm	155
ectopic	151
ectoplasm	132
ecumenical	146
eczema	130
eczematous	165
edam	160
edelweiss	134
edema	151
edematous	192
edge	62
edgeways	123
edgewise	105
edginess	128
edgy	92
edibility	110
edible	87
edibles	112
edict	145
edification	144
edifice	141
edify	129
edifying	134
edit	96
editing	102
edition	84
editor	101
editorial	137
editorialize	129
editorship	125
educable	163
educate	78
education	67
educational	83
educator	86
educe	153
eel	65
eerie	94
effable	167
efface	132
effacement	156
effect	93
effective	108
effectively	101
effectiveness	123
effectual	119
effeminacy	155
effeminate	135
effendi	159
effervesce	140
effervescence	135
effervescent	146
effete	157
efficacious	164
efficacy	149
efficiency	97
efficient	115
effigy	138
effleurage	185
effluent	157
effluvium	160
effort	82
effortless	98
effrontery	129
effulgence	136
effulgent	135
effusion	143
effusive	133
egalitarian	156
egg	39
eggbeater	90
eggcup	77
egghead	86
eggless	116
eggnog	74
eggplant	83
eggroll	85
eggshell	71
eglantine	180
ego	109
egocentric	143
egoism	156
egoist	135
egoistic	138
egomania	150
egomaniac	120
egomaniacal	141
egotism	137
egotist	134
egotistic	130
egotistical	142
egregious	146
egress	175
egret	138
eider	144
eiderdown	130
eidetic	168
eight	54
eightfold	127
eighth	61
eighty	59
einsteinium	143
either	63
ejaculate	133
ejaculation	132
ejaculator	143
ejaculatory	140
eject	80
ejection	105
ejector	99
eke	135
elaborate	115
elaboration	136
eland	162
elastic	88
elasticity	116
elated	119
elation	114
elbow	48
elder	77
elderberry	113
elderly	82
eldritch	130
elect	73
electability	145
election	92
elective	121
electoral	120
electorate	138
electric	64
electrical	81
electrician	88
electricity	66
electrics	80
electrification	109
electrify	98
electro	125
electrocardiogram	133
electrochemical	130
electrochemist	124
electrochemistry	145
electroconvulsive	122
electrocute	89
electrocution	92
electrode	131
electroencephalograph	158
electrolysis	149
electrolyte	136
electromagnet	129
electromagnetic	134
electromagnetism	139
electrometer	151
electromyography	164
electron	124
electronic	73
electronics	92
electrophoresis	174
electroplate	128
electroshock	122
electrostatic	128
electrostatics	145
electrotherapy	152
elegance	96
elegant	97
elegy	126
element	105
elemental	121
elementary	61
elephant	48
elephantine	143
elevate	91
elevation	100
elevator	55
eleven	58
elf	43
elfin	126
elicit	143
eligibility	114
eligible	108
eliminate	102
elimination	114
eliminator	112
elite	124
elitism	139
elitist	139
elixir	115
elk	70
ell	125
ellipsis	144
elliptical	118
elm	91
elocution	138
elocutionary	162
elongate	118
elongated	107
elongation	123
elope	114
elopement	135
eloquence	117
eloquent	117
else	65
elucidate	156
elucidation	162
elude	122
elusion	121
elusive	128
elutriation	153
elysian	159
email	115
emanate	122
emanation	160
emancipate	122
emancipation	122
emancipationist	131
emancipator	137
emasculate	145
emasculated	164
emasculation	146
embalm	128
embalmer	136
embankment	115
embarcadero	161
embargo	130
embark	110
embarkation	146
embarrass	61
embarrassed	78
embarrassing	86
embarrassment	63
embassy	120
embed	125
embellish	118
embellishment	132
ember	105
embezzle	122
embezzlement	147
embezzler	132
embitter	162
emblem	103
emblematic	127
embodiment	134
embody	108
embolden	143
embolic	146
embolism	141
embolus	170
emboss	113
embouchure	130
embrace	70
embraceable	121
embrangle	154
embrasure	137
embroider	110
embroidery	102
embroil	132
embryo	117
embryologist	172
embryology	164
embryonic	124
emcee	129
emend	149
emerald	83
emerge	98
emergence	105
emergency	59
emergent	135
emeritus	162
emersion	127
emery	109
emesis	176
emetic	158
emigrate	118
emigration	114
emigrational	134
eminence	146
eminency	119
eminent	125
emir	158
emissary	126
emission	133
emit	103
emitter	136
emolument	181
emote	134
emotion	64
emotional	94
emotionalism	149
emotionality	113
emotionless	117
emotive	127
empanada	114
empathetic	133
empathic	141
empathize	128
empathy	143
empennage	160
emperor	74
empery	150
emphasis	107
emphasize	113
emphatic	124
emphysema	136
empire	84
empiric	159
empirical	143
empiricism	141
empiricist	160
emplacement	141
employ	114
employable	115
employee	78
employer	102
employment	95
emporium	138
empower	121
empowerment	143
empress	96
emptiness	94
emption	95
empty	48
empyrean	152
emu	90
emulate	120
emulation	138
emulsification	133
emulsifier	141
emulsify	138
emulsion	155
enable	104
enablement	133
enabler	143
enact	115
enactment	108
enamel	129
enamelware	124
encamp	133
encampment	128
encapsulate	139
encase	104
encasement	127
encephalitic	180
encephalitis	168
encephalogram	158
encephalographic	186
encephalography	184
encephalon	110
encephalopathy	149
enchant	79
enchanted	70
enchanter	119
enchanting	92
enchantment	102
enchantress	123
enchilada	113
encircle	98
encirclement	127
enclave	143
enclose	88
enclosure	97
encode	132
encoder	130
encompass	119
encore	108
encounter	86
encourage	85
encouragement	77
encourager	99
encouraging	79
encroach	136
encroachment	131
encrust	139
encrustation	117
encrypt	132
encryption	140
encumbrance	149
encyclopedia	72
encyclopedic	95
end	43
endanger	94
endangerment	104
endear	119
endearing	139
endearment	122
endeavor	134
endemic	155
endgame	101
ending	52
endive	152
endless	89
endlessness	108
endocentric	165
endocrine	144
endocrinologist	166
endocrinology	159
endogenous	137
endometrial	166
endomorph	152
endoplasmic	147
endorphin	156
endorse	121
endorsement	122
endoscope	161
endoscopic	143
endoscopy	157
endoskeleton	117
endosperm	139
endothermic	157
endow	132
endowment	136
endplate	117
endpoint	107
endurable	111
endurance	105
endure	107
enduring	112
enema	136
enemy	73
energetic	69
energize	94
energizer	90
energumen	150
energy	65
enfant	149
enfilade	152
enflame	137
enfold	104
enforce	91
enforceable	111
enforcement	98
enforcer	105
enfranchisement	167
engage	104
engagement	89
engender	161
engine	63
engineer	99
engineering	121
engorgement	150
engraft	148
engrave	109
engraver	101
engraving	106
engross	116
engulf	99
enhance	100
enhancement	112
enhancer	120
enigma	142
enigmatic	140
enigmatical	147
enjoin	132
enjoy	58
enjoyable	84
enjoyment	88
enkindle	159
enlarge	83
enlargement	95
enlarger	112
enlighten	122
enlightening	125
enlightenment	113
enlist	113
enlistment	114
enliven	122
enmesh	134
enmity	157
ennoble	159
ennui	148
enormity	128
enormous	65
enormousness	90
enough	70
enplane	122
enrage	96
enrapture	121
enraptured	148
enrich	109
enrichment	111
enroll	103
enrolls	79
enrolment	93
ensconce	146
ensconced	148
ensemble	122
enshrine	123
enshrinement	140
enshroud	137
ensign	136
enslave	96
enslavement	106
enslaver	112
ensnare	114
ensue	121
ensuing	127
ensure	111
entail	117
entangle	110
entanglement	108
entendre	148
entente	140
enter	57
enteritis	162
enterprise	129
enterpriser	131
enterprising	127
entertain	75
entertainer	78
entertaining	88
entertainment	74
enthralling	137
enthronement	142
enthusiasm	90
enthusiast	88
enthusiastic	92
entice	125
enticement	119
entire	72
entirety	99
entitle	124
entitlement	126
entity	95
entomb	129
entombment	121
entomological	141
entomologist	149
entomology	128
entourage	121
entrails	141
entrainment	122
entrance	68
entranceway	104
entrant	124
entrap	111
entrapment	150
entreat	132
entreaty	136
entrechat	150
entree	112
entrepreneur	122
entrepreneurial	137
entropy	154
entrust	119
entry	70
entryway	82
entwine	112
enucleated	147
enumerate	127
enumeration	145
enunciate	116
enunciation	122
envelop	93
envelope	62
enviable	125
envious	93
environment	98
environmental	98
environmentalism	135
environmentalist	129
environs	139
envisage	126
envision	117
envoy	131
envy	84
enzymatic	141
enzyme	138
eohippus	160
eon	141
eosin	150
eparch	168
epaulet	154
epaulette	138
epergne	180
ephedrine	148
ephemera	154
ephemeral	145
epic	109
epical	142
epicenter	124
epicure	172
epicurean	162
epidemic	110
epidemiological	153
epidemiologist	156
epidemiology	162
epidermal	121
epidermis	134
epidiascope	174
epidural	130
epiglottis	157
epigram	127
epilepsy	124
epileptic	124
epilogue	124
epinephrine	148
epiphany	137
epiphenomenalism	164
epiphyte	144
episiotomy	186
episode	78
episodic	129
epistemic	162
epistemological	177
epistle	126
epitaph	126
epithalamium	172
epithelial	150
epithelium	170
epithet	146
epitome	139
epitomize	161
epoch	131
epochal	158
epoxy	121
epsilon	157
equability	138
equal	65
equality	103
equalization	110
equalize	101
equalizer	115
equalizing	126
equanimity	127
equate	107
equation	88
equator	86
equatorial	115
equerry	146
equestrian	128
equestrienne	147
equidistant	147
equilateral	127
equilibrator	161
equilibrium	127
equine	123
equinoctial	150
equinox	132
equip	108
equipage	154
equipment	75
equipoise	157
equitable	138
equitation	153
equity	155
equivalency	111
equivalent	103
equivocal	142
equivocate	146
equivocation	138
era	111
eradicate	148
eradication	137
eradicator	142
erasable	85
erase	57
eraser	50
erasure	117
erbium	167
erect	128
erectile	140
erection	131
erector	109
erg	159
ergo	154
ergonomic	143
ergot	142
ermine	136
erode	106
erodent	138
eroding	102
erogenous	133
erosion	103
erosive	118
erotic	126
erotica	144
eroticism	146
eroticize	153
err	131
errand	69
errant	142
errantry	146
errata	150
erratic	127
erratum	158
erroneous	138
error	62
errorless	113
ersatz	177
erstwhile	148
erudite	131
erudition	148
erupt	83
eruption	75
eruptive	116
erythromycin	152
erythrosine	159
escalate	109
escalating	113
escalation	128
escalator	71
escapable	98
escapade	112
escape	66
escapee	106
escaper	102
escapism	138
escapist	118
escapology	156
escargot	117
escarole	170
escarpment	145
eschew	160
escort	108
escritoire	180
escrow	154
escudo	170
escutcheon	166
eskimo	71
esophageal	158
esophagus	111
esoteric	137
especial	104
espionage	106
esplanade	150
espouse	149
espresso	133
esprit	134
esquire	129
essay	84
essence	119
essential	103
establish	106
establishment	104
estate	108
esteem	106
esteemed	131
estimable	147
estimate	88
estimation	98
estimator	115
estrange	120
estranged	124
estrangement	148
estuary	141
eta	144
etch	81
etcher	129
etching	106
eternal	83
eternity	86
ethanol	147
ether	134
ethereal	149
ethic	102
ethical	109
ethics	111
ethnic	109
ethnicity	104
ethnocentric	157
ethnographic	150
ethos	157
ethyl	148
ethylene	159
etiological	176
etiology	175
etiquette	95
etymological	160
etymology	174
eucalyptus	106
eugenics	157
eulogistic	157
eulogize	127
eulogy	125
eunuch	152
euphemism	144
euphemistic	145
euphonious	164
euphony	159
euphoria	121
euphoric	128
euro	139
euthanasia	140
euthanize	133
evacuate	89
evacuation	96
evade	111
evader	123
evaluate	91
evaluation	114
evaluator	112
evangelical	129
evangelism	124
evangelist	109
evaporate	100
evaporation	104
evaporator	118
evasion	120
evasive	125
evasiveness	131
eve	56
even	64
evenhanded	119
evening	58
evens	78
event	78
eventful	93
eventide	174
eventual	96
eventuality	127
eventually	70
eventuate	129
ever	63
everblooming	132
evergreen	90
everlasting	82
every	42
everybody	49
everyday	50
everyman	106
everyone	48
everyplace	76
everything	44
everyway	80
everywhere	56
everywoman	106
evict	107
eviction	126
evidence	106
evident	126
evidential	140
evidentiary	141
evil	67
evildoer	83
evildoing	102
evilness	85
eviscerate	150
evisceration	144
evitable	106
evocation	148
evocative	158
evoke	130
evolution	100
evolutional	129
evolutionary	105
evolutionist	133
evolve	106
evolvement	133
ewe	93
ex	87
exacerbate	139
exacerbation	166
exact	82
exacta	113
exacting	119
exaction	152
exactitude	147
exactly	75
exactness	110
exaggerate	95
exaggeration	98
exaggerator	97
exalt	126
exaltation	129
exam	82
examination	80
examine	88
examiner	120
example	74
exasperate	102
exasperated	128
exasperating	118
exasperation	118
excavate	108
excavation	109
excavator	130
exceed	100
excel	116
excellence	82
excellent	74
excelsior	134
except	65
exception	94
exceptional	95
excerpt	110
excess	96
excessive	100
exchange	84
exchanger	100
exchequer	168
excise	132
excision	133
excitability	115
excitable	98
excitation	111
excitatory	141
excite	66
excited	62
excitement	72
exciter	127
exciting	63
exclaim	89
exclamation	79
exclamatory	122
exclude	94
exclusion	104
exclusionary	140
exclusive	102
exclusiveness	126
exclusivity	138
excommunicate	115
excommunication	140
excoriation	156
excrement	121
excremental	145
excreta	128
excrete	131
excretion	112
excruciate	118
excruciating	126
exculpate	160
exculpatory	154
excursion	101
excursus	145
excusable	94
excuse	63
excuser	95
exec	119
execrable	143
execrate	151
execration	146
executable	131
execute	102
execution	90
executioner	98
executive	116
executor	126
executrix	145
exemplar	145
exemplary	131
exemplify	117
exempt	131
exemption	138
exercise	62
exerciser	98
exert	114
exertion	116
exfoliate	144
exfoliating	112
exfoliation	132
exhalation	122
exhale	84
exhaust	92
exhaustion	76
exhaustive	114
exhibit	91
exhibition	112
exhibitionism	148
exhibitionist	150
exhibitor	142
exhilarate	118
exhilarated	118
exhilarating	132
exhilaration	125
exhortation	143
exhumation	138
exhume	131
exigent	146
exiguous	164
exile	110
exist	89
existence	116
existent	112
existential	149
existentialism	164
existentialist	149
existing	86
exit	67
exobiological	179
exobiology	152
exocrine	148
exodus	104
exonerate	143
exoneration	124
exorbitant	156
exorcism	121
exorcist	121
exorcize	115
exordium	175
exoskeleton	132
exothermal	141
exothermic	136
exotic	104
exotica	144
expand	84
expandable	114
expander	107
expanse	119
expansion	111
expansionism	163
expansionist	151
expansionistic	169
expansive	121
expansiveness	111
expatriate	145
expect	87
expectable	112
expectancy	112
expectant	93
expectation	103
expectorant	154
expectoration	152
expedience	135
expediency	135
expedient	132
expedite	140
expediter	143
expedition	102
expeditionary	142
expeditious	126
expel	96
expend	131
expendable	125
expender	140
expenditure	128
expense	107
expensive	63
experience	90
experiment	86
experimental	102
experimentation	111
experimenter	106
expert	96
expertise	106
expiate	148
expiation	136
expiatory	135
expiration	92
expiratory	133
expire	77
expiry	132
explain	65
explainable	121
explainer	83
explanation	77
explanatory	105
expletive	128
explicable	122
explication	134
explicit	117
explode	70
exploder	105
exploit	123
exploitable	125
exploitation	148
exploitative	151
exploiter	131
exploitive	147
exploration	83
exploratory	129
explore	71
explorer	71
explosion	72
explosive	92
explosiveness	100
expo	109
exponent	129
exponential	138
export	110
exportation	116
exporter	120
exposable	130
expose	107
exposition	140
expositional	148
expositor	138
exposure	104
expound	129
express	88
expressible	100
expression	69
expressional	135
expressionism	144
expressionist	132
expressionistic	148
expressionless	115
expressive	88
expressiveness	100
expressway	107
expropriation	177
expulse	136
expulsion	112
expulsive	122
expunge	148
exquisite	124
extant	130
extemporaneous	152
extemporary	146
extempore	158
extend	99
extendable	121
extender	102
extensible	152
extension	86
extensive	118
extensor	135
extent	107
extenuate	138
exterior	105
exteriorize	156
exterminate	92
extermination	101
exterminator	82
extern	159
external	96
externalization	141
extinct	77
extinction	89
extinguish	90
extinguisher	74
extol	129
extort	126
extortion	132
extortionate	151
extortionist	147
extra	61
extract	110
extraction	116
extractor	134
extracurricular	103
extradite	154
extradition	138
extrajudicial	150
extralegal	138
extramarital	140
extraneous	137
extraordinaire	104
extraordinary	93
extrapolate	157
extrapolation	146
extras	81
extrasensory	128
extraterrestrial	91
extravagance	107
extravagant	97
extravaganza	107
extravehicular	151
extreme	95
extremism	142
extremist	118
extremity	113
extricate	149
extrication	137
extrovert	120
extroverted	134
extrusion	129
exuberance	134
exuberant	109
exudate	179
exudation	153
exude	133
exultant	146
exultation	134
exurban	148
eye	38
eyeball	38
eyebath	124
eyebrow	55
eyedrop	74
eyedropper	66
eyeful	86
eyeglass	63
eyeglasses	49
eyelash	58
eyeless	84
eyelid	63
eyeliner	106
eyepiece	90
eyes	34
eyeshot	119
eyesight	76
eyesore	80
eyestrain	121
eyetooth	102
eyewash	110
eyewear	88
eyewitness	93
fable	86
fabled	100
fabric	67
fabricate	117
fabrication	129
fabulous	78
fabulousness	112
facade	130
face	38
facedown	73
faceless	103
facelift	121
faceplate	124
facer	128
facet	103
facetiae	160
facetious	148
facial	103
facie	163
facile	141
facilitate	128
facilitation	144
facilitator	130
facility	93
facsimile	141
fact	65
faction	117
factitious	145
factoid	122
factor	97
factory	69
factotum	157
factual	102
faculty	102
fad	102
fade	70
fader	111
fag	97
faggot	114
fail	60
failing	81
faille	160
failsafe	114
failure	80
faint	75
fainthearted	113
faintness	99
fair	57
faire	106
fairground	72
fairlead	117
fairness	56
fairway	107
fairy	52
fairyland	82
fairytale	50
fait	160
faith	76
faithful	84
faithfulness	108
faithless	98
faithlessness	121
fake	58
faker	73
fakery	111
fakir	110
falafel	141
falchion	154
falcon	74
falconer	153
falconry	115
fall	47
fallacious	134
fallacy	138
fallback	111
faller	118
fallibility	146
fallible	121
fallopian	138
fallout	107
fallow	128
false	67
falsehood	119
falsetto	119
falsification	116
falsify	125
falsity	121
falter	133
fame	73
famed	99
familial	121
familiar	72
familiarity	121
familiarization	117
familiarize	106
family	34
famine	100
famish	94
famished	97
famous	68
fan	56
fanatic	117
fanatical	129
fanaticism	150
fanciful	124
fanciness	81
fancy	72
fandango	151
fandom	125
fane	117
fanfare	118
fang	85
fangled	108
fanjet	133
fantail	147
fantasize	96
fantastic	72
fantastical	109
fantasy	84
fanzine	158
far	49
farandole	140
faraway	74
farce	121
farceur	160
farcical	152
fare	82
farewell	84
farfetched	130
farm	38
farmer	47
farmhand	79
farmhouse	59
farming	54
farmland	79
farmstead	115
farmyard	60
faro	152
farouche	170
farrier	118
farrow	140
farseeing	110
farsighted	103
fart	58
farthing	127
farthingale	148
fascia	158
fasciculus	167
fascinate	102
fascinating	112
fascination	86
fascism	143
fascist	147
fascistic	156
fashion	82
fashionable	97
fast	37
fastback	100
fastball	71
fasten	73
fastener	87
fastidious	132
fastidiousness	149
fat	52
fatal	90
fatale	135
fatalism	139
fatalist	144
fatalistic	136
fatality	103
fatback	114
fate	103
fated	102
fateful	111
fathead	87
fatheaded	88
father	41
fatherhood	85
fatherland	114
fatherless	76
fatherly	94
fathom	114
fathometer	159
fatigability	129
fatigue	118
fatling	103
fatness	86
fatso	67
fatted	118
fatten	79
fattish	83
fatty	64
fatuity	146
fatuous	142
faucet	63
fault	69
faultless	104
faulty	96
faun	137
fauna	122
fauvism	162
faux	132
favor	69
favorable	119
favorite	57
favoritism	86
fawn	84
fax	97
fayed	114
faze	108
fealty	144
fear	48
fearful	75
fearfulness	98
fearless	94
fearlessness	90
fearsome	78
feasibility	130
feasible	131
feast	78
feat	113
feather	47
featherbed	94
featherbrain	122
featherbrained	103
feathered	81
featherhead	118
featherheaded	105
featherless	103
featherweight	107
feathery	84
feature	70
featureless	113
febrile	170
fecal	117
feces	99
feckless	134
feculent	147
fecund	160
fecundation	171
fecundity	149
fed	57
federal	135
federalize	133
federation	122
fedora	127
fee	86
feeble	94
feebleminded	116
feed	42
feedback	107
feedbag	91
feeder	73
feedlot	122
feel	51
feeler	93
feeling	53
feign	139
feint	127
feisty	92
feldspar	148
felicitate	157
felicitous	140
feline	84
fell	33
fellah	100
fellate	148
fellatio	149
feller	85
fellow	89
fellowman	115
fellowship	104
felon	107
felonious	141
felony	124
felt	61
female	59
femaleness	101
feminine	83
femininity	124
feminism	131
feminist	121
feministic	143
feminization	141
femme	137
femoral	133
femur	111
fen	166
fence	63
fencer	118
fencing	109
fend	102
fender	85
fennel	137
fenny	126
feral	129
ferment	132
fermentation	126
fermium	147
fern	87
ferocious	97
ferociousness	104
ferocity	122
ferret	85
ferrite	177
ferrous	137
ferry	80
ferryboat	86
ferryman	106
fertile	93
fertility	144
fertilization	95
fertilize	95
fertilizer	77
fervency	151
fervent	132
fervor	118
fescue	161
fess	106
fest	99
festal	144
fester	110
festival	84
festive	84
festiveness	122
festivity	98
festoon	146
feta	159
fetal	120
fetch	66
fete	145
fetid	136
fetish	134
fetishism	149
fetishist	152
fetishistic	168
fetlock	128
fetor	150
fetter	139
fettle	167
fettler	136
fettuccine	129
fetus	127
feud	103
feudal	119
feudalism	128
feudalistic	137
feuilleton	180
fever	58
fevered	91
feverish	89
feverous	101
few	60
fiacre	166
fiance	103
fiancee	85
fiasco	117
fib	65
fibber	70
fiber	108
fiberglass	108
fibril	151
fibrillation	146
fibrinogen	156
fibroblast	169
fibroid	166
fibrosis	149
fibrotic	148
fibrous	125
fibster	111
fibula	132
fibular	141
fiche	142
fichus	148
fickle	110
fico	155
fiction	72
fictional	80
fictionalize	118
fictitious	91
fiddle	83
fiddler	86
fiddlestick	98
fiddly	112
fidelity	128
fidget	85
fidgety	79
fiduciary	157
fief	127
field	61
fielder	94
fieldstrip	99
fieldwork	108
fiend	104
fiendish	120
fierce	90
fierceness	111
fiery	103
fiesta	108
fife	113
fifteen	61
fifth	54
fifty	56
fig	81
fight	55
fightable	99
fighter	69
figment	96
figural	118
figurate	128
figurative	131
figure	75
figurehead	121
figureless	108
figurer	128
figurine	90
filament	113
filbert	137
filcher	166
file	82
filer	106
filet	99
filial	153
filibuster	149
filigree	131
fill	51
filler	88
fillet	110
filling	68
filly	100
film	70
filmgoer	109
filmic	145
filmmaker	110
filmstrip	100
filmy	114
filter	80
filth	74
filthiness	70
filthy	72
filtration	114
fin	73
finagle	122
final	66
finale	77
finalist	86
finality	125
finalize	103
finance	125
financial	112
financier	140
finch	89
find	58
finder	61
fine	74
fineness	100
finery	115
finesse	124
finger	34
fingerboard	116
fingernail	40
fingerprint	76
fingertip	60
finicky	95
finis	139
finish	63
finisher	104
finite	128
fink	73
fir	88
fire	32
firearm	99
fireball	86
firebomb	103
firebox	95
firebrand	123
firebreak	138
firebug	79
firecracker	56
firefight	102
firefighter	52
firefly	64
firehose	58
firehouse	60
firehydrant	54
firelight	92
fireman	50
fireplace	74
fireplug	87
firepower	92
fireproof	87
fireside	94
firestorm	128
firetrap	106
firetruck	37
firewall	136
firewater	110
fireweed	123
firewood	66
firework	50
fireworks	50
firm	112
firma	145
firmament	131
firmamental	153
firmness	91
firmware	129
first	44
firstborn	88
firstling	107
firth	123
fiscal	149
fish	40
fishbone	76
fishbowl	55
fisherman	52
fisherwoman	71
fishery	100
fisheye	88
fishhook	68
fishing	47
fishinghook	77
fishingpole	62
fishingrod	76
fishless	87
fishmeal	116
fishmonger	136
fishnet	106
fishpond	69
fishtail	97
fishtank	59
fishwife	127
fishy	67
fissile	129
fission	147
fissionable	164
fissure	145
fist	46
fistfight	81
fistful	63
fistic	82
fisticuffs	145
fistula	160
fit	57
fitful	124
fitness	87
fitter	89
five	45
fiver	119
fix	50
fixable	83
fixate	125
fixation	113
fixedness	124
fixer	80
fixture	85
fizz	71
fizzle	86
fizzy	65
fjord	124
flab	113
flabbergasted	126
flabby	89
flaccid	149
flag	53
flagellant	150
flagellate	136
flagellation	159
flageolet	149
flagman	95
flagon	133
flagpole	64
flagrant	116
flagship	131
flagstaff	113
flagstone	116
flail	122
flair	89
flak	136
flake	60
flakiness	111
flaky	96
flam	118
flambeau	140
flamboyance	137
flamboyant	125
flame	62
flamenco	141
flameout	114
flamer	138
flamethrower	89
flaming	73
flamingo	63
flammable	101
flan	126
flange	155
flank	122
flanker	125
flannel	94
flap	72
flapdoodle	167
flapjack	85
flapper	105
flare	98
flares	114
flash	74
flashback	106
flashbulb	78
flasher	91
flashgun	144
flashiness	103
flashlight	56
flashover	136
flashpoint	145
flashy	77
flask	108
flat	57
flatbed	93
flatcar	117
flatfish	126
flatfoot	111
flathead	95
flatiron	117
flatland	95
flatlander	125
flatness	70
flatten	70
flatter	95
flattered	124
flatterer	124
flattering	101
flattery	96
flattop	93
flatulence	135
flatulent	112
flatus	140
flatware	125
flatwork	138
flatworm	93
flaunt	106
flautist	126
flavor	63
flavorful	98
flavorings	74
flavorless	93
flaw	98
flawed	97
flawless	93
flax	124
flaxseed	158
flay	123
flea	78
fleabag	81
fleck	114
fledge	138
fledgling	141
flee	83
fleece	102
fleecy	108
fleer	125
fleet	107
fleetness	145
flesh	83
fleshless	108
fleshpot	143
fleshy	128
fletch	120
flex	87
flexibility	96
flexible	76
flexor	142
flexure	165
flibbertigibbet	132
flick	76
flicker	102
flier	89
flight	75
flightless	89
flighty	119
flimflam	142
flimsy	92
flinch	79
flincher	116
fling	90
flint	96
flintlock	132
flinty	92
flip	51
flippancy	126
flippant	139
flipper	86
flipping	76
flirt	87
flirtation	105
flirtatious	137
flirter	110
flirty	100
flit	106
flitter	101
flivver	158
float	54
floatability	104
floater	95
flocculation	113
flock	72
floe	142
flog	103
flood	66
floodgate	112
floodlight	87
floodplain	128
floodwater	85
floor	44
floorboard	94
flooring	78
floorshow	105
floorwalker	125
floozy	122
flop	67
flophouse	138
flopper	124
floppy	67
flora	119
floral	88
florescence	106
florescent	110
floribunda	150
florid	129
florin	137
florist	84
floss	71
flotation	83
flotilla	141
flotsam	126
flounce	101
flouncy	128
flounder	88
flour	69
flourish	109
flourless	108
floury	88
flout	145
flow	74
flower	31
flowerbed	70
flowering	92
flowerless	95
flowerpot	66
flowery	81
flowstone	135
flu	65
flub	117
fluctuant	131
fluctuate	122
fluctuating	118
fluctuation	115
flue	109
fluent	104
fluff	48
fluffy	60
fluid	79
fluidity	136
fluke	101
flume	124
flummox	136
flummoxed	134
flunk	82
flunky	97
fluoresce	101
fluorescent	119
fluoridation	123
fluoride	97
fluorine	135
fluorite	138
fluorocarbon	138
fluoroscope	151
fluorspar	132
flurry	94
flush	52
flusher	107
fluster	122
flute	85
flutist	116
flutter	84
fluttery	102
flux	145
fly	30
flyable	100
flyaway	89
flyblown	146
flyboy	108
flyby	110
flycatcher	80
flyer	74
flyleaf	119
flyover	101
flypaper	95
flyspeck	118
flyswatter	58
flytrap	62
flyweight	119
foal	84
foam	62
foamy	74
fob	124
focal	100
focus	83
fodder	140
foe	100
fog	62
fogbound	129
fogey	108
fogginess	97
foggy	71
foghorn	89
foible	154
foil	76
foist	131
fold	50
folder	82
folderol	154
foldout	96
foliage	106
folic	142
folio	129
folk	82
folklore	96
folkloric	122
folksong	73
folksy	111
folktale	86
folkway	148
follicle	124
follicular	128
follow	51
follower	78
following	62
folly	107
foment	147
fond	92
fondant	142
fondle	130
fondness	105
fondue	108
font	115
food	32
foodie	135
foodless	76
foodstuff	112
fool	76
foolery	117
foolhardy	116
foolish	89
foolishness	90
foolproof	97
foolscap	127
foot	34
footage	94
football	48
footballer	87
footbath	85
footboard	88
footbridge	112
footer	117
footfall	124
footgear	91
foothold	112
footing	90
footlights	112
footling	129
footlocker	110
footloose	116
footman	116
footmark	105
footnote	116
footpad	111
footpath	77
footplate	113
footprint	58
footrace	91
footrest	66
footrope	118
footsie	73
footslogger	156
footstep	54
footsteps	65
footstone	111
footstool	60
footsy	92
footwear	77
footwork	106
footy	79
fop	117
foppery	120
foppish	146
foppishness	164
for	44
forage	115
foramen	126
foraminifera	160
forasmuch	137
foray	138
forbear	119
forbearance	152
forbid	85
forbidding	96
force	60
forceful	79
forceps	137
forces	76
forcible	110
ford	81
fordo	178
fore	122
forearm	86
forebear	141
foreboding	123
forebrain	128
forecast	90
forecastle	117
foreclose	135
foreclosure	155
forecourt	142
foredeck	116
forefather	94
forefinger	73
forefront	118
forego	116
foregoing	123
foregone	118
foreground	108
forehand	109
forehead	56
foreign	87
foreigner	104
foreignness	114
foreknowledge	132
forelady	140
foreleg	103
forelimb	133
forelock	129
foreman	114
foremast	117
foremost	118
forensic	133
forensics	141
foreordain	163
forepaw	90
foreplay	144
forerunner	124
foresail	152
foresee	110
foreseeable	122
foreshadow	131
foresheet	143
foreshock	136
foresight	108
foresightedness	138
foreskin	134
forest	63
forestall	118
forestation	148
forestay	116
forested	86
forester	104
forestry	99
foretaste	129
foretell	101
foreteller	113
forethought	111
foretop	159
forevermore	93
forewarn	112
forewarning	108
forewoman	133
foreword	106
foreyard	128
forfeit	104
forfeiture	132
forfend	150
forge	98
forger	110
forgery	107
forget	48
forgetful	78
forgetfulness	75
forgettable	70
forgivable	88
forgive	54
forgiveness	67
forgiver	82
forgiving	73
forint	160
fork	36
forkful	68
forklift	91
forlorn	113
form	76
formable	101
formal	105
formaldehyde	114
formalin	171
formalism	144
formality	126
formalize	115
format	115
formation	97
formative	121
former	84
formfitting	114
formic	157
formidable	113
formless	114
formula	105
formulaic	135
formulary	135
formulate	108
formulation	120
fornicate	134
fornication	124
fornicator	149
forsake	109
forsooth	120
forswear	138
forsworn	115
fort	65
forte	127
forth	72
forthcoming	127
forthright	124
forthrightness	108
fortification	127
fortify	108
fortitude	120
fortnight	105
fortress	100
fortuitous	142
fortunate	102
fortune	90
fortuneteller	80
fortunetelling	101
forty	65
fortyish	100
forum	125
forward	42
forwarder	120
forwarding	118
forwards	61
fossil	75
fossilization	103
fossilized	92
foster	90
foul	78
foulard	144
foulmouthed	91
foulness	120
found	51
foundation	109
founder	95
founding	104
foundling	122
foundry	116
fount	127
fountain	72
four	49
foursome	122
foursquare	105
fourth	47
fovea	166
fowl	79
fowling	134
fox	50
foxglove	137
foxhole	111
foxhound	93
foxhunt	99
foxhunting	104
foxtrot	124
foxy	101
foyer	117
fracas	140
fractal	120
fraction	101
fractional	108
fractious	134
fracture	98
fragile	83
fragility	99
fragment	115
fragmentary	142
fragmentation	136
fragrance	96
fragrant	96
frail	96
frailty	112
fraise	132
frame	77
framer	107
framework	88
franc	128
franchise	126
franchisee	160
francium	157
frangible	135
frangipani	155
frank	106
frankincense	101
frankness	133
frantic	107
frap	132
frappe	151
frat	148
fraternal	103
fraternity	130
fraternization	153
fraternize	147
fratricidal	160
frau	156
fraud	101
fraudulent	111
fraught	122
fray	115
frayed	104
frays	107
frazzle	114
freak	80
freakiness	90
freakish	107
freaky	76
freckle	56
freckled	66
freckles	52
free	52
freebase	149
freebie	108
freeborn	110
freedom	70
freelance	138
freelancer	136
freeloader	109
freeman	114
freemason	150
freemasonry	144
freesia	128
freestanding	106
freestyle	111
freethinker	114
freethinking	128
freeware	165
freeway	103
freewill	103
freeze	49
freezer	46
freezing	60
freight	106
freighter	105
frenetic	137
frenzied	124
frenzy	95
freq	155
frequency	98
frequent	69
frequenter	112
fresco	145
fresh	62
freshen	88
freshener	85
freshet	137
freshman	104
freshness	94
freshwater	77
fret	111
fretful	123
fretfulness	138
friable	141
friar	92
fricassee	139
friction	98
frictionless	131
fridge	47
fried	75
friend	36
friendless	80
friendliness	68
friendly	45
friendship	56
frieze	136
frig	118
frigate	144
frigging	131
fright	75
frighten	88
frightened	56
frightener	101
frightening	66
frightful	58
frigid	98
frigidity	128
frill	86
frilly	91
fringe	96
frisbee	55
frisk	102
friskiness	103
frisky	122
frit	159
frittata	138
fritter	130
fritz	116
frivolity	140
frivolous	107
frizz	90
frizzy	90
frock	96
frog	43
frogfish	112
froggy	69
frogman	88
frolic	85
frolicsome	138
from	44
frond	115
front	52
frontage	112
frontal	109
frontbencher	120
frontier	89
frontiersman	108
frosh	130
frost	52
frostbite	94
frosted	77
frosting	50
frosty	63
froth	126
frothy	107
frottage	166
froufrou	130
frown	45
frowner	74
frowzy	136
frozen	56
fructose	145
frugal	114
fruit	36
fruitcake	83
fruited	79
fruiter	106
fruitful	104
fruition	121
fruitless	123
fruity	68
frump	115
frumpy	122
frustrate	92
frustrated	80
frustrating	78
frustration	84
fry	58
fryer	86
fryingpan	68
fuchsia	113
fuck	112
fucker	109
fucking	107
fuckwit	159
fuddle	117
fudge	58
fudgy	81
fuehrer	125
fuel	72
fug	172
fugitive	106
fugue	150
fulcrum	132
fulfill	87
full	42
fullback	130
fullness	76
fulltime	92
fulminate	158
fulsome	111
fumble	81
fumbler	92
fume	87
fumigant	135
fumigate	118
fumigation	127
fumigator	128
fumy	112
fun	37
function	91
functional	89
functionality	116
functionary	125
fund	96
fundable	135
fundament	125
fundamental	99
fundamentalism	138
fundamentalist	156
funding	105
fundraiser	91
fundraising	94
funds	92
funeral	73
funerary	143
funereal	95
funfair	97
fungal	107
fungible	136
fungicidal	129
fungicide	133
fungus	84
funicular	168
funk	100
funky	86
funnel	84
funny	55
funnyman	89
fur	52
furbelow	136
furbish	136
furfural	200
furious	88
furl	122
furless	102
furlong	130
furlough	147
furnace	106
furnish	105
furnished	99
furnishings	103
furniture	59
furor	127
furring	162
furrow	130
furrowed	132
furry	57
further	67
furtherance	137
furthermost	116
furtive	145
fury	88
furze	139
fuse	108
fusel	116
fuselage	125
fusion	136
fuss	55
fussbudget	136
fusspot	101
fussy	67
futile	131
futility	136
futon	130
future	72
futurist	138
futuristic	111
futurity	126
futz	143
fuzz	71
fuzziness	77
fuzzy	50
gab	94
gabardine	138
gabber	79
gabble	137
gabbler	121
gabfest	116
gable	103
gad	108
gadabout	131
gadfly	138
gadget	86
gadgeteer	149
gadgetry	112
gadolinium	189
gadwall	160
gaff	123
gaffer	162
gag	76
gaga	69
gaggle	93
gagman	134
gagster	114
gaiety	122
gain	71
gainer	101
gainful	105
gainsay	137
gait	118
gal	62
gala	141
galactic	103
galantine	151
galaxy	77
gale	106
gall	124
gallant	103
gallantry	122
gallbladder	117
galleon	128
gallery	87
galley	127
galling	129
gallivant	125
gallon	62
gallop	83
gallows	112
gallstone	131
galoot	150
galoots	155
galore	95
galosh	114
galumph	123
galvanic	169
galvanize	136
galvanized	140
gambit	129
gamble	90
gambler	103
gambling	92
gambol	134
game	43
gamekeeper	109
gamer	116
gamesmanship	111
gamesome	145
gamete	141
gamin	170
gamine	137
gaming	99
gamma	141
gammon	145
gammy	126
gamut	171
gamy	126
gander	113
gang	92
gangbang	149
gangbuster	112
ganger	157
gangland	133
ganglion	139
gangly	120
gangplank	122
gangrene	119
gangrenous	143
gangster	85
gangway	137
ganja	142
gannet	173
gantry	146
gap	82
gape	117
gaping	98
garage	53
garb	120
garbage	49
garbanzo	129
garbled	123
garcon	146
garden	53
gardener	65
gardenia	119
gardening	64
garfish	147
gargantuan	116
gargle	86
gargoyle	102
garish	159
garishness	140
garland	109
garlic	69
garlicky	112
garment	83
garnish	133
garnishment	148
garret	120
garrison	149
garrulity	162
garrulous	141
garter	117
gas	53
gasbag	111
gaseous	117
gash	80
gashouse	105
gasification	141
gasket	109
gaskin	156
gaslight	98
gasman	89
gasmask	105
gasoline	62
gasp	80
gasser	120
gassiness	101
gassy	80
gastric	146
gastritis	175
gastroenteritis	169
gastroenterologist	159
gastrointestinal	143
gastronomic	147
gastronomical	162
gastronomy	173
gasworks	121
gat	133
gate	53
gatecrash	130
gatecrasher	119
gatehouse	117
gatekeeper	99
gateman	101
gateway	84
gather	65
gatherer	92
gator	76
gauche	155
gaucherie	146
gaucho	115
gaud	132
gaudy	121
gauge	108
gaunt	118
gauntlet	131
gauss	133
gauze	93
gauzy	108
gavel	92
gavotte	115
gawk	108
gawkiness	126
gawky	112
gawp	156
gay	93
gayness	122
gaze	90
gazebo	98
gazehound	109
gazelle	94
gazer	98
gazette	104
gazpacho	134
gear	76
gearbox	102
gearshift	109
gecko	103
geek	84
geeky	108
geezer	96
geisha	142
gel	72
gelatin	76
gelatinous	126
geld	132
gelding	126
gelignite	125
gem	77
gemstone	79
gen	132
gendarme	167
gender	70
gene	118
genealogical	139
genealogist	133
genealogy	129
general	80
generalissimo	137
generality	117
generalization	120
generalize	103
generalized	104
generate	108
generation	95
generational	127
generative	137
generator	111
generic	110
generosity	91
generous	72
genetic	107
geneticist	138
genetics	118
genial	125
geniality	135
genie	67
genital	98
genitalia	118
genitive	144
genius	72
genocidal	148
genocide	132
genome	150
genomic	133
genre	128
gent	118
genteel	120
gentile	120
gentility	133
gentle	49
gentlefolk	117
gentleman	69
gentlemanlike	106
gentlemanliness	98
gentlemanly	78
gentleness	70
gentlewoman	100
gentrification	150
gentry	141
gents	94
genuflect	124
genuine	91
genus	123
geode	116
geodesic	133
geodetic	179
geographer	97
geographic	89
geographical	107
geography	82
geologic	117
geological	107
geologist	105
geology	100
geomagnetic	160
geomancy	130
geometric	103
geometrical	97
geometry	112
geophone	130
geophysical	123
geophysics	151
geopolitical	168
geopolitics	148
geostationary	144
geosynchronous	172
geothermal	141
geranium	114
gerbil	71
geriatric	128
geriatrics	148
geriatrist	146
germ	60
germane	130
germanium	128
germfree	90
germicidal	154
germinate	128
germination	115
germinator	124
germs	53
germy	67
gerund	133
gestalt	161
gestate	129
gestation	141
gestational	144
gesticulate	137
gesture	117
get	32
getaway	95
getter	94
getup	67
geyser	101
ghastly	103
ghat	150
ghee	165
gherkin	120
ghetto	102
ghost	51
ghostlike	95
ghostly	82
ghostwrite	122
ghostwriter	121
ghoul	96
ghoulish	113
giant	47
giantess	119
gibber	117
gibberish	88
gibbet	141
gibe	133
giblet	117
giddiness	116
giddy	97
gift	50
gifted	79
gig	106
gigabyte	120
gigahertz	150
gigantic	66
gigantism	124
giggle	55
giggler	77
gigolo	139
gild	124
gilded	132
gill	74
gilt	116
gimcrack	135
gimlet	135
gimmick	119
gimmicky	109
gimp	119
gimpy	135
gin	121
ginger	80
gingerbread	60
gingerroot	135
gingersnap	91
gingham	121
gingivitis	123
gink	136
ginkgo	142
ginseng	143
gipsy	104
giraffe	50
gird	128
girder	120
girdle	102
girl	40
girlfriend	63
girlhood	95
girlie	73
girlish	81
girlishness	102
girly	68
girth	109
gist	113
give	43
giveaway	102
giver	58
gizmo	91
gizzard	106
glabrous	80
glace	116
glacial	106
glaciated	127
glacier	80
glad	58
gladden	110
glade	107
gladiator	86
gladiola	121
gladiolus	152
gladness	80
gladsome	153
glair	109
glam	110
glamorize	109
glamorous	92
glamour	91
glance	92
gland	106
glandular	146
glare	93
glary	120
glasnost	162
glass	45
glasses	43
glassful	73
glasshouse	93
glassine	153
glassmaking	93
glassware	97
glasswork	107
glassy	80
glaucoma	141
glaze	84
glazed	72
glazier	147
gleam	116
gleaming	88
glean	124
gleaner	151
glebe	150
glee	93
gleeful	109
glen	107
glengarry	143
glib	134
glibness	133
glide	77
glider	105
glimmer	102
glimpse	92
glint	125
glissando	177
glisten	92
glitch	119
glitter	52
glitterati	171
glittering	64
glittery	49
glitz	120
glitzy	102
gloaming	122
gloat	112
gloater	124
glob	74
global	98
globalization	156
globe	65
globetrotter	89
globetrotting	125
globular	138
globule	123
globulin	158
glockenspiel	131
glom	131
gloom	90
glooming	94
gloomy	93
glop	90
gloppy	105
glorification	117
glorified	95
glorify	114
glorious	82
glory	74
gloss	99
glossary	91
glossless	119
glossy	83
glottal	157
glottis	139
glove	43
gloved	69
glow	63
glowworm	92
glucose	138
glue	47
gluey	76
glum	102
gluon	153
glut	129
glutamate	177
glutathione	160
gluten	152
gluteus	135
glutinous	143
glutton	122
gluttonous	136
gluttony	108
glycerin	143
glycerine	134
glycerol	147
glycogen	144
glycol	151
glycoside	168
glyph	127
gnarl	114
gnarled	110
gnarly	115
gnash	108
gnat	101
gnaw	104
gnocchi	158
gnome	89
gnu	113
go	34
goad	131
goal	69
goalie	78
goalkeeper	80
goalkeeping	79
goalpost	98
goaltender	92
goaltending	104
goanna	137
goat	52
goatee	118
goateed	127
goatherd	88
goatskin	102
gob	118
gobbet	113
gobble	56
gobbledygook	100
gobbler	89
goblet	114
goblin	77
gobstopper	79
goby	124
god	43
godchild	81
goddamn	77
goddamned	100
goddaughter	80
goddess	84
godfather	85
godforsaken	112
godhead	140
godhood	148
godless	98
godlessness	111
godlike	76
godliness	91
godly	88
godmother	70
godparent	77
godsend	116
godson	99
gofer	88
goggle	94
goggles	70
going	54
goiter	160
gokart	88
gold	71
goldbeater	158
goldbrick	120
goldbricker	132
golden	69
goldenrod	102
goldenseal	146
goldfish	45
goldmine	86
goldsmith	102
golem	148
golf	72
golfer	72
golfing	77
golliwog	162
golly	78
gonad	117
gondola	102
gondolier	141
goner	94
gong	96
gonging	141
gonna	59
gonorrhea	149
goo	55
goober	84
good	36
goodbye	35
goodhearted	100
goodie	64
goodish	100
goodly	102
goodness	60
goods	74
goodwill	88
goody	70
gooey	68
goof	57
goofball	78
goofiness	68
goofy	48
googol	146
googolplex	158
gook	118
goon	103
gooney	108
goop	71
goopy	68
goose	52
gooseberry	94
gooseflesh	125
gooseneck	141
gopher	72
gore	102
gorge	92
gorgeous	77
gorgeousness	95
gorger	122
gorgon	135
gorgonzola	153
gorilla	57
gorse	129
gory	97
gosh	68
gospel	80
gossamer	150
gossip	92
gossipmonger	138
gossipy	107
gothic	136
gouge	102
gouger	124
goulash	89
gourd	106
gourmet	100
gout	136
gouty	148
govern	95
governance	120
governess	129
government	85
governmental	110
governor	85
governorship	110
gown	62
gowned	115
goy	157
goyim	177
grab	54
grabber	82
grabby	79
grace	73
graceful	84
gracefulness	83
graceless	118
gracious	85
graciousness	112
grackle	136
grad	109
gradation	142
grade	57
grader	79
gradient	134
gradual	90
graduate	76
graduation	73
graffiti	95
graffito	146
graft	138
grafter	122
grafting	127
grail	121
grain	74
grainy	111
gram	94
gramercy	157
grammar	64
grammarian	139
grammatical	100
gramophone	122
granary	114
grand	67
grandbaby	88
grandchild	53
granddad	36
granddaddy	43
granddaughter	47
grandee	147
grandeur	118
grandfather	44
grandiloquence	169
grandiose	133
grandiosity	156
grandmamma	31
grandmother	37
grandnephew	95
grandniece	101
grandpa	31
grandparent	55
grandsire	135
grandson	59
grandstand	108
grandstander	131
granite	122
granny	42
granola	99
grant	120
granular	119
granule	112
grape	39
grapefruit	69
grapeshot	156
grapevine	74
graph	82
graphic	107
graphical	127
graphics	95
graphite	101
graphologist	169
graphology	133
grapnel	100
grappa	165
grapple	99
grappler	146
grappling	124
grasp	82
grasper	128
grass	39
grasshopper	58
grassland	108
grassroots	148
grassy	63
grata	148
grate	89
grateful	74
gratefulness	77
grater	89
gratification	103
gratify	128
gratifying	114
gratin	144
grating	107
gratitude	83
gratuitous	141
gratuity	119
gravamen	151
grave	71
gravedigger	88
gravel	72
graveling	107
gravelly	116
graven	125
graveside	91
gravestone	74
graveyard	61
gravid	178
gravimetric	166
gravitas	131
gravitate	111
gravitation	120
gravitational	118
graviton	154
gravity	84
gravy	60
gray	57
grayish	71
graze	89
grazer	112
grazier	134
grease	73
greased	69
greasepaint	125
greaser	128
greasiness	85
greasy	64
great	50
greatcoat	84
greatness	83
greaves	109
greed	76
greedy	75
green	38
greenback	122
greenery	96
greengrocer	110
greenhorn	141
greenhouse	92
greenish	71
greenmail	140
greenness	82
greenroom	129
greens	69
greet	65
greeter	93
greeting	64
gremlin	84
grenade	97
grenadier	117
grenadine	140
greyhound	80
grid	116
griddle	87
griddlecakes	88
gridiron	126
gridlock	108
grief	84
grievance	118
grieve	100
grieving	88
grievous	113
griffon	135
grill	65
grilled	73
grillwork	132
grim	92
grimace	120
grimalkin	150
grime	87
grimy	101
grin	58
grind	84
grinder	87
grindstone	115
gringo	127
grip	67
gripe	104
gripper	109
grisly	104
grist	124
gristle	114
gristmill	122
grit	97
grits	90
gritty	102
grizzle	111
grizzled	111
grizzly	78
groan	87
groat	135
grocer	92
groceries	53
grocery	57
grog	130
groggy	113
groin	92
grommet	134
groom	78
groomer	88
groomsman	115
groove	84
groovy	77
grope	120
groper	128
grosbeak	165
gross	52
grossness	87
grot	147
grotesque	118
grotesquerie	163
grotto	120
grouch	73
grouchy	55
ground	49
grounder	119
groundhog	60
grounding	116
groundless	117
groundling	141
groundout	98
groundsheet	133
groundskeeper	104
groundsman	109
groundswell	136
groundwater	106
groundwork	122
group	59
grouper	129
groupie	121
grouping	90
grouse	130
grout	124
grove	82
grovel	125
grow	48
grower	75
growl	58
growler	106
grownup	44
growth	67
grub	90
grubber	110
grubbiness	91
grubby	108
grubstake	167
grudge	104
grudging	112
gruel	116
grueling	113
gruesome	86
gruesomeness	112
gruff	89
grumble	84
grumbler	88
grump	84
grumpy	59
grunge	119
grungy	100
grunt	88
grunting	101
gruyere	170
guacamole	97
guanine	150
guano	132
guar	158
guarantee	110
guarantor	172
guaranty	110
guard	62
guardant	128
guarder	95
guardhouse	93
guardian	94
guardianship	95
guardrail	94
guardroom	122
guardsman	103
guava	124
gubernatorial	141
guck	103
gudgeon	146
guerdon	198
guerrilla	120
guess	54
guesser	82
guesstimate	104
guesswork	112
guest	62
guesthouse	93
guestroom	78
guff	105
guffaw	126
guidance	90
guide	71
guidebook	111
guideline	81
guidepost	98
guiding	77
guidon	130
guild	129
guilder	122
guile	132
guileless	166
guillotine	118
guilt	70
guiltiness	97
guiltless	99
guilty	80
guinea	92
guiro	163
guise	131
guitar	53
guitarist	93
gulag	125
gulden	150
gules	172
gulf	94
gull	86
gullet	134
gullibility	106
gullible	108
gully	108
gulp	73
gum	49
gumball	53
gumbo	120
gumboil	152
gumdrop	55
gumminess	93
gummy	89
gumption	123
gumshoe	111
gun	56
gunboat	107
guncotton	130
gunfight	88
gunfighter	72
gunfire	75
gunk	81
gunman	89
gunmetal	138
gunnel	122
gunner	101
gunnery	97
gunny	126
gunnysack	116
gunplay	104
gunpoint	94
gunpowder	97
gunroom	94
gunrunner	121
gunrunning	139
gunship	98
gunshot	68
gunslinger	90
gunsmith	102
gunwale	136
guppy	81
gurgle	77
gurney	115
guru	139
gush	100
gusher	85
gushy	89
gusset	105
gusseted	158
gussy	122
gust	81
gustatory	158
gusto	115
gusty	92
gut	72
gutbucket	125
gutless	112
gutlessness	110
guts	70
gutsy	87
gutter	78
guttering	124
guttersnipe	117
guttural	147
gutty	124
guy	41
guzzle	103
guzzler	117
gym	60
gymkhana	160
gymnasium	66
gymnast	67
gymnastic	71
gymnastics	77
gyp	92
gypsum	143
gypsy	90
gyrate	137
gyration	156
gyre	151
gyro	117
gyrocompass	140
gyroscope	127
gyroscopic	131
habanera	123
haberdasher	143
haberdashery	128
habiliment	168
habit	77
habitability	138
habitable	122
habitant	104
habitat	94
habitation	106
habitual	115
habituate	136
hacienda	116
hack	112
hackamore	125
hackberry	145
hacker	134
hackney	162
hackneyed	147
hacksaw	115
hackwork	123
haddock	130
hade	110
hafiz	123
hafnium	160
hag	100
haggard	112
haggis	154
haggle	128
hagiographic	170
haiku	119
hail	79
hailstone	101
hailstorm	82
hair	32
hairball	83
hairbrush	47
haircut	40
haircutting	63
hairdo	64
hairdress	89
hairdresser	66
hairdressing	86
hairdryer	61
haired	99
hairless	87
hairline	97
hairnet	87
hairpiece	108
hairpin	82
hairsbreadth	136
hairsplitting	120
hairspray	78
hairstyle	71
hairstylist	85
hairy	57
hajji	177
hake	162
hakim	133
halberd	128
hale	109
half	55
halfback	97
halfcocked	119
halfpenny	111
halftime	76
halftrack	135
halfwit	110
halibut	121
halitosis	147
hall	54
hallmark	104
halloo	113
hallow	108
hallowed	112
hallucinate	105
hallucination	143
hallucinatory	144
hallucinogen	136
hallucinogenic	144
hallway	54
halo	64
halocline	142
halogen	135
haloperidol	176
halothane	140
halt	81
halter	106
halve	75
halyard	160
ham	41
hamburger	52
hamlet	113
hammer	54
hammerhead	102
hammerlock	119
hammock	71
hammy	107
hamper	68
hamster	44
hamstring	97
handbag	80
handball	87
handbill	122
handbook	89
handbrake	80
handcar	101
handcart	73
handclap	51
handclasp	108
handcraft	119
handcuff	63
handedness	114
handful	64
handgrenade	107
handgun	76
handheld	104
handhold	93
handicap	80
handicapped	74
handicapper	112
handicapping	126
handicraft	98
handiwork	108
handkerchief	72
handle	63
handlebar	63
handler	104
handmade	78
handmaid	131
handmaiden	99
handoff	88
handout	77
handover	109
handpick	92
handprint	51
handrail	70
handsaw	86
handset	115
handshake	60
handshaking	67
handsome	65
handsomeness	93
handspike	141
handspring	98
handstand	67
handwork	92
handwoven	111
handwriting	54
handwritten	64
handy	74
handyman	78
hang	67
hangar	100
hangdog	115
hanger	68
hangglider	95
hangman	83
hangnail	108
hangout	94
hangover	134
hangup	78
hank	105
hanker	122
hankering	114
hanky	87
hansom	99
haphazard	111
hapless	156
happen	53
happenstance	141
happily	56
happiness	62
harangue	160
harass	108
harasser	98
harassment	104
harbinger	161
harbor	83
harbormaster	120
hard	44
hardback	105
hardball	104
hardboiled	71
hardcopy	116
hardcore	128
hardcover	84
harden	87
hardened	69
hardhat	82
hardheaded	84
hardhearted	102
hardihood	144
hardliner	145
hardly	75
hardness	82
hardscrabble	131
hardship	103
hardtack	110
hardtop	85
hardware	86
hardwood	98
hardworking	66
hardy	92
hare	68
harebrain	112
harebrained	127
harelip	150
harem	110
hark	105
harlequin	129
harlot	127
harm	50
harmer	102
harmful	76
harmless	77
harmonic	119
harmonica	73
harmonics	124
harmonious	104
harmonium	154
harmonize	117
harmonizer	121
harmony	88
harness	78
harp	76
harpist	121
harpoon	112
harpooner	118
harpsichord	120
harpy	112
harrowing	140
harrumph	105
harsh	104
harshness	95
hart	96
harvest	74
harvester	95
hash	127
hashish	148
hasp	132
hassle	86
hassock	129
haste	90
hasten	122
hastiness	115
hasty	103
hat	33
hatband	96
hatbox	102
hatch	70
hatchback	120
hatcheck	136
hatchery	120
hatchet	82
hatchling	83
hatchway	123
hate	55
hateful	64
hatefulness	86
hater	107
hatful	88
hatless	83
hatpin	109
hatred	87
hatter	91
hauberk	147
haughty	128
haul	76
haulage	106
hauler	98
haunch	126
haunt	80
hausfrau	170
have	37
haven	91
haversack	132
havoc	105
haw	119
hawk	67
hawser	160
hawthorn	104
hay	53
hayfield	91
hayloft	76
haymaker	111
hayride	73
hayseed	119
haystack	63
haywire	107
hazard	76
hazardous	80
haze	116
hazel	71
hazelnut	94
hazmat	133
hazy	87
he	38
head	34
headache	67
headachy	94
headband	63
headboard	99
headcheese	136
headcount	82
headdress	91
header	115
headgear	108
headhunter	122
headland	95
headless	87
headlight	68
headline	81
headliner	109
headlock	100
headman	106
headmaster	103
headmastership	115
headmistress	110
headphone	102
headphones	77
headpiece	100
headpin	98
headquarter	86
headquarters	87
headrest	77
headroom	98
heads	57
headsail	131
headset	90
headshrinker	116
headsman	108
headstall	152
headstand	72
headstock	108
headstone	94
headstrong	111
headwaiter	118
headwater	136
headwaters	130
headway	111
headwear	84
headwind	131
headwork	125
heady	122
heal	75
healer	96
healing	77
health	76
healthcare	125
healthful	101
healthy	76
heap	78
hear	38
hearer	102
hearing	61
hearken	127
hearsay	128
hearse	99
heart	52
heartache	97
heartbeat	72
heartbreak	103
heartbreaker	91
heartbreaking	86
heartbroken	90
heartburn	105
hearted	100
heartedness	108
heartening	110
heartfelt	98
hearth	100
heartland	105
heartless	95
heartlessness	116
heartrending	130
heartsick	107
heartstring	107
heartthrob	102
heartwarming	87
heartworm	110
hearty	99
heat	53
heater	61
heath	105
heathen	97
heathenism	146
heather	100
heating	76
heatstroke	99
heave	90
heaven	42
heavenly	62
heaver	109
heaviness	61
heavy	40
heavyset	82
heavyweight	87
heck	70
heckle	122
heckler	125
hectare	141
hectic	100
hedge	89
hedgehog	86
hedger	127
hedgerow	99
hedonism	163
hedonist	165
hedonistic	158
heed	110
heedful	127
heedless	136
heel	78
heeler	110
heft	129
hefty	108
hegemonic	163
hegemony	159
heifer	101
height	54
heighten	112
heightened	102
heinous	112
heinousness	133
heir	96
heiress	127
heirloom	97
heist	106
helical	123
helicopter	53
heliotrope	153
helipad	109
heliport	123
helium	99
helix	117
hell	51
hellebore	150
hellfire	114
hellgrammite	145
hellhole	124
hellhound	121
hellion	129
hellish	100
hello	38
helm	109
helmet	57
helmsman	125
helot	173
help	36
helper	48
helpful	54
helpfulness	72
helpless	83
helplessness	97
helpline	113
helpmate	136
hem	84
hematite	140
hematological	165
hematologist	146
hematology	158
hematoma	148
hemisphere	98
hemistich	133
hemline	99
hemlock	122
hemodynamic	140
hemoglobin	134
hemolysis	178
hemophilia	133
hemorrhage	125
hemorrhagic	156
hemorrhoid	139
hemostat	146
hemp	129
hemstitch	130
hen	64
hence	111
henchman	103
hencoop	86
henhouse	85
henna	132
hennaed	147
henpeck	112
hep	126
heparin	177
hepatic	156
hepatitis	142
hepcat	157
her	51
herald	100
heraldry	136
herb	90
herbaceous	150
herbage	142
herbal	113
herbalist	158
herbarium	156
herbicidal	129
herbivore	119
herbivorous	115
herbless	124
herbs	89
herculean	131
herd	77
herdsman	96
here	37
hereditary	114
heredity	110
heresy	129
heretic	148
heretical	144
hereupon	122
heritage	98
herm	127
hermaphrodite	154
hermaphroditic	149
hermeneutical	172
hermetic	147
hermit	85
hermitage	128
hernia	123
herniated	151
herniation	159
hero	65
heroic	82
heroin	109
heroine	107
heroism	96
heron	104
herpes	114
herpetological	145
herpetologist	165
herpetology	152
herring	102
herringbone	128
hers	44
herself	69
hertz	130
hesitance	116
hesitancy	121
hesitant	112
hesitate	83
hesitation	96
hessian	133
het	120
hetero	131
heterodoxy	155
heterogeneous	138
heterosexual	122
heterosexuality	136
hew	127
hewn	128
hex	124
hexagon	80
hexagonal	104
heyday	106
hiatus	146
hibachi	142
hibernate	84
hibernation	77
hibiscus	139
hiccough	102
hiccup	54
hick	89
hickey	116
hickory	94
hidalgo	144
hide	45
hideaway	84
hidebound	112
hideous	95
hideousness	113
hideout	69
hie	110
hierarch	139
hierarchical	125
hierarchy	111
hieratic	165
hieroglyph	95
hieroglyphic	120
hieroglyphics	105
hierophant	178
high	46
highball	104
highborn	144
highboy	141
highbrow	136
highchair	38
highfalutin	121
highflier	106
highhanded	143
highland	112
highlander	109
highlife	133
highlight	76
highlighter	82
highness	74
highroad	116
highschool	62
hightail	112
highway	65
highwayman	117
hijack	108
hijacker	118
hike	94
hiker	85
hilarious	86
hilarity	125
hill	35
hillside	62
hilltop	80
hilly	60
hilt	144
him	34
himself	52
hind	92
hinder	111
hindmost	112
hindrance	126
hindsight	122
hinge	80
hint	60
hinterland	151
hip	62
hipbone	77
hipness	118
hipped	119
hippie	108
hippo	58
hippocampus	163
hippopotamus	70
hipster	144
hire	90
hireling	129
hirsute	176
his	37
hiss	63
hisser	102
hissy	86
histamine	162
histological	133
histology	152
historian	116
historic	85
historical	100
historiography	156
history	64
histrionic	149
histrionics	149
hit	48
hitch	94
hitcher	106
hitchhike	95
hitchhiker	77
hither	131
hitter	74
hive	69
hoard	106
hoarse	80
hoarseness	102
hoary	153
hoax	115
hoaxer	122
hob	140
hobbit	117
hobble	91
hobby	74
hobbyhorse	84
hobbyist	105
hobgoblin	104
hobnob	137
hobo	82
hock	119
hockey	54
hockshop	143
hod	160
hodgepodge	125
hoe	87
hoedown	96
hog	57
hogfish	118
hoggish	125
hogshead	97
hogtie	105
hogwash	93
hoist	113
hoister	126
hokey	90
hokum	151
hold	47
holder	68
holdout	99
holdover	123
holdup	84
hole	50
holey	85
holiday	52
holidays	50
holiness	79
holistic	152
hollandaise	126
holler	81
hollo	150
hollow	74
hollowness	86
holly	73
hollyhock	121
holmium	153
hologram	108
holograph	121
holographic	120
holster	103
holy	56
homage	137
hombre	123
hombres	135
homburg	132
home	39
homebody	113
homebound	112
homeboy	129
homebrew	121
homebuilding	87
homecoming	116
homegrown	102
homeland	94
homeless	74
homelessness	89
homelike	94
homely	113
homemade	66
homemaker	86
homemaking	112
homeostasis	169
homeowner	94
homepage	143
homeroom	83
homesick	88
homesickness	92
homespun	143
homestead	128
homesteader	114
homestretch	98
hometown	72
homeward	74
homework	59
homey	116
homicidal	126
homicide	129
homing	118
hominid	151
hominoid	122
hominy	124
homo	118
homoerotic	164
homogeneous	149
homogenous	134
homologous	141
homonym	96
homophobia	157
homophobic	147
homophonic	134
homosexual	124
homosexuality	126
homunculus	133
honcho	117
hone	127
honest	55
honesty	50
honey	54
honeybee	62
honeybunch	97
honeycomb	71
honeydew	76
honeymoon	86
honeysuckle	83
honk	54
honker	98
honky	100
honor	79
honorable	90
honorarium	149
honorary	102
honoree	116
honorific	143
hooch	131
hood	55
hooded	83
hoodlum	103
hoodlumism	127
hoodoo	118
hoodwink	127
hooey	102
hoof	69
hoofer	121
hook	63
hookah	151
hooker	118
hookup	136
hookworm	109
hooky	109
hooligan	118
hoop	61
hoopla	116
hoopoe	165
hoopskirt	109
hooray	59
hoosegow	141
hoot	78
hootenanny	130
hooter	131
hoover	92
hop	48
hope	49
hopeful	68
hopefulness	97
hopeless	82
hopelessness	97
hoper	106
hophead	140
hopscotch	58
horde	106
horehound	120
horizon	83
horizontal	82
hormonal	125
hormone	120
horn	48
hornbook	138
horned	93
hornet	73
horniness	132
hornless	92
hornpipe	133
horny	129
horologist	150
horology	177
horoscope	104
horrendous	99
horrible	58
horribleness	84
horrid	85
horrific	98
horrify	82
horrifying	76
horror	76
horse	42
horseback	70
horseflesh	120
horsehair	61
horsehide	113
horselaugh	112
horseless	102
horseman	90
horsemanship	131
horseplay	60
horseplayer	108
horsepower	88
horseradish	99
horseshit	98
horseshoe	58
horsewhip	100
horsewoman	95
horsey	57
horticultural	123
horticulturalist	154
horticulture	141
horticulturist	151
hose	53
hosiery	111
hospice	144
hospitable	126
hospitableness	127
hospital	56
hospitality	88
hospitalization	95
hospitalize	78
host	80
hostage	99
hostel	156
hostelry	130
hostess	85
hostile	99
hostility	115
hostler	137
hot	34
hotbed	108
hotbox	121
hotcake	68
hotchpotch	144
hotdog	46
hotel	60
hotelier	141
hotelkeeper	114
hothead	115
hotline	108
hotness	94
hotplate	122
hotpot	85
hotshot	98
hotspot	129
hound	57
hour	58
hourglass	86
hourly	94
house	32
houseboat	106
housebound	111
houseboy	122
housebreak	98
housebroken	87
housecleaner	80
housecoat	91
housedress	93
houseful	88
houseguest	73
household	76
househusband	134
housekeeper	76
housekeeping	75
housel	148
houseless	96
housemaid	90
housemaster	119
housemate	86
housemother	99
houseplant	75
housesit	92
housetop	68
housetops	78
housewarming	118
housewife	83
housewifery	137
housework	70
housing	87
hovel	123
hover	86
hovercraft	93
how	54
howdah	170
however	71
howitzer	149
howl	56
howler	95
howsoever	118
hoyden	167
huarache	172
hub	101
hubbub	119
hubby	97
hubcap	84
hubris	137
huckleberry	104
huckster	125
huddle	94
hue	101
huff	93
huffy	80
huge	49
hugeness	92
huggable	69
hugger	78
hula	77
hulk	91
hulking	112
hull	96
hullabaloo	100
hum	58
human	48
humane	94
humaneness	131
humanism	140
humanist	149
humanistic	157
humanitarian	126
humanitarianism	136
humanities	120
humanity	93
humanization	138
humanize	121
humanizing	142
humankind	78
humanness	99
humanoid	131
humble	89
humbleness	92
humbling	98
humbug	83
humdinger	121
humdrum	126
humerus	135
humid	86
humidification	124
humidifier	93
humidity	98
humidor	124
humiliate	89
humiliating	99
humiliation	82
humility	102
hummable	111
hummer	116
hummingbird	70
hummus	148
humongous	89
humor	72
humoresque	147
humorist	138
humorless	112
humorous	86
hump	61
humpback	82
humpbacked	82
humph	82
humpy	102
humungous	84
hunch	87
hunchback	86
hundred	55
hundredweight	132
hunger	61
hungry	36
hunk	83
hunker	106
hunky	97
hunt	61
hunter	65
hunting	73
huntress	121
huntsman	108
hurdle	88
hurdler	92
hurl	81
hurrah	95
hurray	53
hurricane	74
hurry	44
hurt	40
hurtful	78
hurtle	108
husband	55
husbandry	130
hush	44
hushed	72
husk	86
husky	102
hussar	148
hussy	120
hustings	147
hustle	97
hustler	127
hut	81
hutch	106
huzza	118
hyacinth	146
hyaline	137
hybrid	143
hybridization	149
hydrangea	132
hydrant	69
hydrate	102
hydration	127
hydraulic	130
hydraulics	141
hydrazine	164
hydro	106
hydrocarbon	147
hydrocephalic	169
hydrocephalus	158
hydrochloric	143
hydrochloride	140
hydrochlorothiazide	177
hydrocortisone	143
hydrocyanic	175
hydrodynamic	149
hydrodynamics	164
hydroelectric	148
hydrofluoric	145
hydrofoil	149
hydrogen	110
hydrogenated	146
hydrogenation	147
hydrographic	111
hydrology	149
hydrolytic	164
hydrometeor	164
hydrometer	146
hydrophobia	141
hydrophone	151
hydroplane	128
hydroponic	152
hydroponics	169
hydrosulfide	154
hydrotherapy	141
hydrothermal	140
hydrous	132
hydroxide	121
hydrozoa	128
hyena	66
hygiene	90
hygienic	114
hygienist	98
hymen	138
hymenoptera	152
hymn	75
hymnal	83
hymnody	175
hyoid	110
hype	110
hyper	80
hyperacidity	145
hyperactive	124
hyperactivity	112
hyperbaric	157
hyperbole	129
hyperbolic	152
hyperborean	153
hypercholesterolemia	170
hypercritical	138
hyperemia	145
hyperemic	143
hyperglycemic	166
hyperinflation	174
hyperkinetic	136
hyperparathyroidism	191
hyperplasia	171
hypersensitive	136
hypersensitivity	139
hypersexual	175
hypersonic	136
hyperspace	152
hypertension	163
hypertensive	172
hyperthermia	109
hyperthyroid	181
hypertonic	149
hypertrophic	159
hypertrophied	177
hypertrophy	150
hypervelocity	147
hyperventilate	116
hyperventilation	108
hyphen	85
hyphenate	113
hyphenated	99
hyphenation	100
hypnosis	94
hypnotherapist	134
hypnotherapy	135
hypnotic	117
hypnotism	103
hypnotist	103
hypnotize	99
hypo	111
hypoallergenic	134
hypochlorite	135
hypochondria	133
hypochondriac	122
hypocrisy	140
hypocrite	116
hypocritical	106
hypodermic	131
hypodermis	145
hypoglycemia	157
hypoglycemic	155
hypomania	162
hyposulfite	157
hypotension	144
hypotenuse	124
hypothalamic	140
hypothalamus	133
hypothermia	128
hypothermic	128
hypothesis	119
hypothesize	122
hypothetical	132
hypothyroidism	154
hypoxia	165
hypoxic	166
hyrax	137
hyssop	158
hysterectomy	144
hysteria	121
hysteric	107
hysterical	109
iamb	136
iambic	147
iatrogenic	162
ibex	117
ibis	137
ibuprofen	113
ice	39
iceberg	82
iceboat	133
icebound	110
icebox	71
icebreaker	97
icecap	102
icecream	33
iced	74
icefall	97
icehouse	120
icepack	69
icepick	90
iceskate	80
ichthyologist	161
ichthyology	146
icicle	58
icing	55
icky	44
icon	101
iconic	122
iconoclast	158
iconoclastic	161
iconographic	146
iconography	128
iconoscope	167
icy	58
id	124
idea	60
ideal	95
idealism	125
idealist	140
idealistic	119
idealization	133
idealize	116
ideation	152
identical	87
identifiable	103
identification	87
identifier	124
identify	80
identity	94
ideogram	130
ideological	137
ideology	127
ides	143
idiocy	110
idiom	141
idiomatic	147
idiopathic	178
idiosyncrasy	141
idiosyncratic	153
idiot	65
idiotic	88
idle	89
idleness	115
idol	84
idolater	101
idolatry	117
idolize	108
idyll	124
idyllic	132
if	54
iffy	78
igloo	54
igneous	124
ignite	98
igniter	125
ignition	122
ignoble	151
ignominious	152
ignominy	132
ignorable	104
ignoramus	118
ignorance	102
ignorant	95
ignore	67
ignorer	101
iguana	76
ileum	159
iliac	132
ilk	126
ill	56
illegal	92
illegality	109
illegibility	124
illegible	104
illegitimacy	129
illegitimate	100
illicit	120
illicitness	128
illimitable	136
illiteracy	113
illiterate	119
illness	70
illogic	109
illogical	110
illume	147
illuminate	92
illuminati	162
illuminating	114
illumination	105
illusion	92
illusionary	139
illusionist	102
illusive	143
illusory	134
illustrate	83
illustration	80
illustrative	98
illustrator	84
illustrious	120
image	85
imager	122
imagery	103
imaginable	98
imaginal	119
imaginary	65
imagination	63
imaginative	87
imagine	61
imaging	101
imagism	153
imam	158
imbalance	99
imbecile	112
imbecilic	132
imbecility	139
imbibe	151
imbroglio	153
imbue	148
imitable	124
imitate	92
imitation	90
imitative	126
imitator	107
immaculate	97
immaterial	118
immature	91
immaturity	102
immeasurable	126
immediacy	122
immediate	88
immediately	68
immemorial	139
immense	112
immensity	118
immerse	97
immersion	113
immigrant	98
immigrate	97
immigration	126
imminence	122
imminent	134
immiscible	130
immitigable	158
immobile	100
immobility	122
immobilization	126
immobilize	125
immobilizer	124
immoderate	146
immodest	137
immodesty	112
immolate	146
immolation	155
immoral	111
immorality	110
immortal	105
immortality	126
immortalize	106
immovability	127
immovable	93
immune	123
immunity	123
immunization	111
immunize	105
immunoassay	178
immunologist	159
immunosuppressant	163
immunosuppressive	138
immunotherapy	156
immutability	145
immutable	152
imp	115
impact	100
impactful	115
impaction	122
impair	117
impairment	116
impala	118
impale	133
impalement	122
impart	117
impartial	112
impartiality	128
impassable	107
impasse	149
impassion	132
impassioned	135
impassive	120
impasto	152
impatience	79
impatiens	148
impatient	74
impeach	121
impeachable	125
impeachment	118
impeccable	114
impecunious	161
impede	133
impeder	148
impediment	135
impedimenta	166
impel	144
impeller	134
impending	125
impenetrable	111
impenitent	146
imperative	132
imperativeness	127
imperceptibility	129
imperceptible	125
imperfect	104
imperfection	98
imperial	143
imperialism	127
imperialist	126
imperialistic	134
imperil	118
imperious	134
imperishable	126
impermanence	139
impermeable	125
impersonal	108
impersonate	101
impersonation	110
impersonator	102
impertinence	140
impertinent	137
impervious	134
impetigo	147
impetuosity	151
impetuous	152
impetuousness	144
impetus	136
impinge	143
impious	118
impish	119
implacability	151
implacable	133
implant	130
implantable	127
implantation	120
implausible	141
implement	121
implementation	134
implementer	128
implicate	117
implication	122
implicit	146
implode	138
implore	124
implosion	128
implosive	125
imply	108
impolite	73
impoliteness	91
import	104
importance	68
important	58
importation	122
importer	114
importunate	159
importune	115
importunity	157
impose	123
imposition	122
impossibility	95
impossible	73
impostor	104
impotence	166
impotency	140
impotent	148
impound	125
impoverish	126
impoverished	133
impoverishment	133
impracticable	124
impractical	114
impracticality	129
imprecise	122
imprecision	141
impregnability	145
impregnable	139
impregnate	130
impregnation	131
impresario	148
impress	102
impression	93
impressionable	97
impressionism	142
impressionist	126
impressionistic	125
impressive	95
imprimatur	153
imprint	114
imprison	98
imprisonment	101
improbability	127
improbable	123
improbity	132
impromptu	136
improper	94
impropriety	132
improve	75
improvement	80
improvident	159
improvisation	132
improvisational	131
improvise	97
improviser	111
imprudence	132
imprudent	129
impudence	156
impudent	148
impugn	153
impulse	90
impulsion	138
impulsive	104
impulsiveness	135
impulsivity	132
impunity	127
impure	115
impurity	103
imputation	156
impute	155
in	37
inability	107
inacceptable	104
inaccessibility	99
inaccessible	109
inaccuracy	108
inaccurate	104
inaction	107
inactive	93
inactivity	104
inadequacy	127
inadequate	120
inadmissible	137
inadvertence	135
inadvertency	152
inadvertent	132
inadvisable	142
inalienability	142
inalienable	103
inamorata	161
inane	165
inanimate	122
inanition	140
inanity	150
inapplicable	119
inappropriate	102
inappropriateness	100
inarguable	124
inarticulate	139
inartistic	119
inattention	106
inattentive	119
inaudible	128
inaugural	118
inaugurate	117
inauguration	112
inauspicious	162
inauthentic	124
inboard	104
inborn	130
inbound	113
inbox	128
inbred	127
inbreeding	135
incalculable	145
incandescence	122
incandescent	154
incantation	121
incapability	124
incapable	115
incapacitate	133
incapacitation	151
incapacity	130
incarcerate	119
incarceration	133
incarnadine	169
incarnate	127
incarnation	120
incase	104
incautious	144
incendiary	121
incense	104
incentive	126
incept	129
inception	141
incertitude	183
incessant	127
incest	123
incestuous	134
inch	51
inchoate	169
inchworm	66
incidence	122
incident	101
incidental	91
incidentally	105
incinerate	114
incineration	121
incinerator	122
incipient	139
incise	138
incised	114
incision	117
incisive	135
incisor	107
incite	131
incitement	146
inclemency	149
inclement	128
inclination	119
incline	109
inclined	106
include	65
inclusion	122
inclusive	119
inclusiveness	137
incognita	139
incognizant	147
incoherent	138
income	97
incoming	90
incommunicability	135
incommunicative	122
incomparable	126
incompatibility	122
incompatible	114
incompetence	117
incompetency	121
incompetent	114
incomplete	80
incompleteness	128
incomprehensible	114
incomprehension	134
inconceivability	129
inconceivable	110
inconclusive	123
incongruity	136
incongruous	142
inconsequence	148
inconsequential	138
inconsequentiality	151
inconsiderable	108
inconsiderate	97
inconsideration	100
inconsistency	119
inconsistent	107
inconsolable	106
inconspicuous	127
inconstant	106
incontestable	151
incontinence	144
incontinent	142
incontrovertible	132
inconvenience	94
inconvenient	96
inconvertible	123
incorporate	137
incorporation	131
incorporeal	154
incorrect	66
incorrigibility	133
incorrigible	126
incorrupt	132
incorruptibility	136
incorruptible	129
incorruption	140
increase	74
incredibility	111
incredible	88
incredulity	129
incredulous	131
increment	107
incremental	115
incriminate	118
incriminating	117
incubate	114
incubation	112
incubator	100
incubus	139
inculcation	169
inculpable	157
inculpate	175
incumbent	143
incunabulum	150
incur	138
incurable	101
incursion	154
indebted	127
indebtedness	124
indecency	122
indecent	121
indecipherable	129
indecision	107
indecisive	117
indecisiveness	103
indeclinable	124
indecorous	160
indeed	77
indefatigable	154
indefeasible	150
indefensible	117
indefinable	119
indefinite	112
indelible	121
indelicacy	127
indelicate	119
indemnification	157
indemnify	159
indemnity	174
indent	103
indentation	103
indention	118
indenture	128
indentured	127
independence	85
independent	93
indescribable	117
indestructibility	126
indestructible	102
indeterminacy	138
indeterminate	131
index	79
indexer	120
indicate	97
indication	120
indicative	120
indicator	103
indicia	170
indict	118
indictable	128
indictment	152
indie	149
indifference	92
indifferent	105
indigenous	134
indigent	138
indigestible	119
indigestion	101
indignant	123
indignation	132
indignity	138
indigo	89
indirect	113
indirection	138
indiscipline	125
indiscreet	144
indiscretion	145
indiscriminate	137
indiscrimination	128
indispensable	112
indisposed	120
indisposition	140
indisputable	125
indissoluble	131
indistinct	132
indistinguishable	122
individual	77
individualism	127
individualist	124
individualistic	115
individuality	99
individualize	108
indivisible	93
indoctrinate	153
indoctrination	157
indolence	128
indolent	114
indomitable	143
indoor	50
indoors	46
indubitable	153
induce	120
inducement	143
inducer	122
induct	117
inductee	124
induction	134
inductive	148
inductor	122
indulge	114
indulgence	107
indulgent	118
industrial	102
industrialist	126
industrialization	114
industrious	116
industriousness	133
industry	104
inebriate	126
inebriated	146
inebriation	137
inebriety	146
inedible	112
ineffable	115
ineffaceable	149
ineffective	107
ineffectiveness	108
ineffectual	146
inefficiency	118
inefficient	108
inelegant	124
ineligible	119
ineluctable	172
inept	143
ineptitude	137
ineptness	138
inequality	97
inequitable	152
inequity	147
inert	131
inertia	128
inertial	161
inertness	144
inescapable	98
inessential	124
inestimable	141
inevitability	124
inevitable	116
inexact	120
inexactitude	154
inexcusable	77
inexhaustible	116
inexistence	128
inexorable	143
inexpensive	80
inexpensiveness	102
inexperience	112
inexperienced	113
inexpert	121
inexpiable	152
inexplicable	128
inexpressible	126
inexpressive	106
infallibility	130
infallible	116
infamous	110
infamy	106
infancy	93
infant	64
infanticide	163
infantile	130
infantilism	151
infantilize	146
infantry	123
infantryman	104
infarct	146
infarction	130
infatuate	114
infatuated	125
infatuation	126
infect	92
infection	80
infectious	112
infector	126
infelicitous	156
infer	127
inference	133
inferior	106
inferiority	120
infernal	124
inferno	105
infertile	143
infertility	134
infest	96
infestation	118
infidel	116
infidelity	139
infield	81
infielder	89
infighting	125
infiltrate	120
infiltration	131
infiltrator	119
infinite	96
infinitesimal	142
infinitive	133
infinity	88
infirm	131
infirmary	128
infirmity	130
inflame	116
inflammable	100
inflammation	110
inflammatory	133
inflatable	90
inflate	84
inflated	95
inflation	118
inflationary	161
inflect	108
inflection	103
inflexibility	109
inflexible	118
inflict	107
infliction	120
inflictor	121
inflow	116
influence	103
influential	110
influenza	104
influx	147
info	94
infomercial	98
inform	88
informal	103
informality	120
informant	123
information	72
informational	92
informative	102
informer	117
infotainment	190
infraction	135
infrared	131
infrastructure	134
infrequent	93
infringe	146
infringement	133
infuriate	105
infuriating	106
infuse	144
infuser	151
infusion	121
ingathering	131
ingenious	103
ingenuity	118
ingenuous	134
ingest	122
ingestion	138
ingle	144
inglenook	161
inglorious	147
ingot	134
ingrain	112
ingrate	121
ingratiate	137
ingratiating	129
ingratitude	122
ingredient	78
ingredients	67
ingress	123
ingrown	102
inguinal	144
ingurgitate	170
inhabit	122
inhabitable	110
inhabitant	96
inhalation	118
inhalator	141
inhale	73
inhaler	103
inharmonious	132
inhere	147
inherent	123
inherit	90
inheritability	136
inheritable	122
inheritance	120
inheritor	112
inhibit	111
inhibition	128
inhibitor	132
inhospitable	114
inhuman	114
inhumane	113
inhumanity	132
inhumanly	115
inimical	120
inimitable	135
iniquitous	130
iniquity	128
initial	83
initialize	117
initially	96
initiate	102
initiation	99
initiative	101
inject	102
injection	107
injector	115
injudicious	152
injunction	125
injunctive	152
injure	75
injurious	138
injury	76
injustice	109
ink	52
inkblot	93
inker	140
inkless	119
inkling	129
inkpad	80
inkstand	108
inkwell	118
inky	93
inlaid	137
inlay	134
inlet	98
inmate	89
inmost	128
inn	75
innards	99
innate	136
inner	79
innermost	122
innerspring	141
inning	71
innkeeper	84
innocence	94
innocent	60
innocuous	140
innovate	113
innovating	128
innovation	127
innovative	112
innovator	101
innuendo	136
innumerable	118
inoculate	125
inoculation	127
inoffensive	116
inoperable	126
inoperative	120
inopportune	132
inordinate	146
inorganic	134
inpatient	91
input	107
inquest	127
inquire	104
inquirer	107
inquiry	114
inquisition	125
inquisitive	121
inquisitiveness	124
inquisitor	128
insalubrious	158
insane	80
insanitary	109
insanity	73
insatiable	134
inscribe	101
inscription	115
inscrutable	131
inseam	110
insect	48
insecticide	111
insectivore	138
insectivorous	137
insecure	121
insecurity	97
inseminate	153
insemination	138
insensate	145
insensible	135
insensitive	99
insensitivity	110
insentient	153
inseparable	106
insert	82
insertion	96
inset	124
inside	48
insider	117
insidious	145
insight	110
insightful	89
insignia	119
insignificance	107
insignificant	116
insincere	112
insincerity	119
insinuate	134
insinuation	132
insipid	169
insist	83
insistence	113
insistent	104
insolate	104
insole	122
insolence	141
insolent	135
insolubility	135
insoluble	128
insolvency	146
insolvent	143
insomnia	130
insomniac	116
insomuch	133
insouciance	157
insouciant	142
inspect	82
inspection	85
inspector	88
inspiration	107
inspirational	103
inspire	81
inspirer	112
inspirit	140
instability	126
instable	118
install	101
installation	102
instance	96
instant	70
instantaneous	119
instantly	75
instate	118
instead	67
instep	120
instigate	124
instigation	125
instigator	131
instinct	106
instinctive	116
instinctual	122
institute	101
institution	100
institutional	112
institutionalization	134
instruct	90
instruction	75
instructional	113
instructive	105
instructor	82
instrument	69
instrumental	89
instrumentation	130
insubordinate	131
insubordination	121
insubstantial	134
insufferable	119
insufficiency	132
insufficient	102
insular	157
insulate	110
insulation	102
insulator	112
insulin	113
insult	86
insulter	111
insulting	85
insuperable	133
insupportable	124
insurable	135
insurance	114
insure	106
insurgence	148
insurgency	154
insurgent	139
insurmountable	131
insurrection	129
insurrectional	154
intact	98
intaglio	170
intake	128
intangibility	131
intangible	121
integer	102
integral	143
integrate	115
integration	112
integrationist	167
integrator	131
integrity	107
integument	172
intellect	107
intellectual	109
intellectualism	152
intellectuality	118
intellectualization	159
intellectualize	136
intelligence	86
intelligent	83
intelligentsia	158
intelligible	110
intemperance	158
intemperate	165
intend	89
intendant	140
intense	97
intensifier	136
intensify	130
intensity	113
intensive	130
intent	94
intention	94
intentional	87
intentionality	112
intentioned	123
inter	117
interact	96
interaction	94
interactive	108
interagency	136
interbank	150
intercede	128
intercellular	133
intercept	105
interception	95
interceptor	111
intercession	123
interchange	99
interchangeability	125
interchangeable	102
intercity	152
intercollegiate	151
intercom	88
interconnect	115
interconnectedness	133
interconnecting	129
interconnection	126
intercontinental	119
intercooler	108
intercourse	117
intercut	138
interdepartmental	146
interdependent	128
interdict	148
interdiction	147
interdisciplinary	147
interest	74
interested	88
interesting	70
interface	128
interfaith	149
interfere	104
interference	103
interferon	180
intergalactic	111
interim	134
interior	93
interject	117
interjection	135
interlace	126
interleague	133
interline	139
interlock	111
interlocking	89
interlocutory	146
interloper	140
interlude	116
intermarry	128
intermediary	138
intermediate	86
interment	141
interminable	162
intermingle	128
intermission	109
intermittent	130
intermix	118
intermountain	135
intern	140
internal	104
internalize	139
international	87
internationalist	148
interne	148
internecine	148
internet	123
internist	156
internment	128
internship	129
internuncio	145
interoffice	161
interpenetrate	140
interpersonal	152
interplanetary	107
interplay	112
interpolation	136
interpose	137
interposition	123
interpret	96
interpretation	102
interpretational	138
interpretative	127
interpreter	110
interpretive	119
interracial	122
interrelate	143
interrelated	131
interrelationship	148
interrogate	114
interrogation	107
interrogative	116
interrogator	123
interrogatory	139
interrupt	69
interrupter	96
interruption	80
interruptive	90
interscholastic	129
intersect	113
intersection	102
interspecies	136
intersperse	140
interstate	97
interstellar	123
interstice	174
interstitial	150
intertwine	110
interval	106
intervene	117
intervention	131
interventionist	161
interview	105
interviewee	118
interviewer	101
interweave	114
intestate	131
intestinal	107
intestine	93
intimacy	126
intimate	133
intimation	126
intimidate	112
intimidating	105
intimidation	100
intimidator	116
into	65
intolerable	122
intolerance	114
intolerant	110
intonation	122
intone	127
intoxicate	113
intoxicating	122
intoxication	113
intracranial	149
intractable	124
intrados	185
intramural	130
intramuscular	132
intranet	155
intransigence	165
intransigent	145
intransitive	152
intraocular	170
intraparty	158
intrastate	148
intrauterine	166
intravascular	145
intravenous	153
intrepid	110
intrepidity	137
intricacy	119
intricate	115
intrigue	107
intrigued	109
intriguing	103
intrinsic	155
intro	88
introduce	82
introducer	92
introduction	80
introductory	96
introspect	122
introspection	142
introspective	136
introvert	124
intrude	94
intruder	107
intrusion	102
intrusive	133
intubate	162
intubation	151
intuit	120
intuition	106
intuitive	127
inundation	153
inure	157
inurnment	130
invade	94
invader	113
invalid	105
invalidate	123
invalidation	141
invalidism	136
invaluable	117
invariable	117
invariance	159
invasion	93
invasive	126
invective	126
inveigle	125
invent	82
invention	83
inventive	96
inventiveness	118
inventor	80
inventory	115
inverse	146
inversion	129
invert	118
invertebrate	108
inverted	124
inverter	129
invest	125
investigate	90
investigation	99
investigative	107
investigator	93
investiture	162
investment	114
investor	102
inveterate	119
invigilate	147
invigorate	116
invigorated	132
invigorating	131
invincibility	105
invincible	105
inviolability	131
inviolable	161
inviolate	139
invisibility	84
invisible	71
invitation	64
invitational	106
invite	68
invitee	114
inviter	88
invocation	141
invoice	142
invoke	141
involuntary	120
involve	97
involvement	92
invulnerable	110
inward	75
iodide	151
iodine	112
ion	138
ionic	142
ionization	158
ionosphere	145
iota	125
ipecac	149
irascibility	158
irascible	158
irate	112
ire	121
irenic	177
iridescent	149
iridium	144
iris	90
irk	113
irksome	116
iron	73
ironbark	155
ironbound	128
ironclad	114
ironer	87
ironic	118
ironical	142
ironingboard	66
ironmonger	159
ironstone	128
ironwood	141
ironwork	111
ironworks	122
irony	114
irradiate	132
irradiation	124
irrational	113
irrationality	120
irreconcilable	144
irrecoverable	120
irredeemable	129
irreducible	122
irrefutable	146
irregular	92
irregularity	126
irrelevancy	114
irrelevant	111
irreligious	146
irremovable	128
irreparable	124
irreplaceable	107
irrepressible	122
irreproachable	124
irresistibility	109
irresistible	102
irresponsibility	113
irresponsible	97
irretrievable	123
irreverence	136
irreverent	127
irreversible	111
irrevocability	137
irrevocable	143
irrigate	93
irrigation	109
irritability	117
irritable	87
irritant	101
irritate	95
irritating	85
irritation	98
ischemia	180
ischemic	157
isinglass	125
island	74
islander	102
isle	96
isobar	166
isolate	106
isolation	89
isolationism	124
isolationist	136
isomeric	161
isomerism	160
isometric	133
isometrics	151
isopropyl	128
isosceles	125
isothermal	144
isotonic	145
isotope	145
isotopic	159
issuance	128
issue	86
isthmian	155
isthmus	141
it	44
italic	97
itch	50
itchiness	58
itchy	52
item	57
itemize	126
itemized	121
iterate	135
iteration	148
itinerant	150
itinerary	118
itself	64
ivory	94
jab	84
jabber	97
jabberwocky	137
jabot	162
jacaranda	140
jacinth	120
jack	70
jackal	122
jackanapes	133
jackass	100
jackboot	166
jackbooted	144
jackdaw	108
jacket	40
jacketed	114
jackhammer	81
jackknife	101
jackleg	135
jackpot	74
jackrabbit	73
jacquard	152
jade	102
jaded	116
jag	123
jagged	81
jaguar	78
jai	162
jail	57
jailbait	122
jailbird	94
jailbreak	88
jailer	102
jailhouse	71
jalapeno	113
jalopy	102
jam	66
jamb	129
jambalaya	119
jamboree	91
jammer	116
jangle	80
janitor	72
janitorial	112
janitress	130
january	55
japan	73
jape	157
japery	136
jar	54
jargon	119
jarhead	119
jasmine	103
jasper	107
jaundice	130
jaundiced	137
jaunt	149
jaunty	109
java	126
javelin	94
jaw	53
jawbone	85
jawbreaker	69
jaws	53
jay	81
jaybird	86
jaywalk	103
jaywalker	94
jazz	85
jazzman	119
jazzy	94
jealous	74
jealousy	76
jean	61
jeans	53
jeep	63
jeer	119
jeering	127
jejune	173
jejunum	145
jellied	80
jelly	41
jellybean	56
jellyfish	66
jellylike	111
jellyroll	96
jennet	177
jeopardize	115
jeopardy	86
jerk	83
jerker	96
jerkin	139
jerkwater	124
jerky	89
jeroboam	126
jersey	90
jest	112
jester	103
jet	54
jetliner	94
jetsam	121
jettison	124
jetty	130
jewel	62
jeweled	81
jeweler	95
jewelry	67
jib	129
jibber	86
jibe	119
jiff	91
jiffy	93
jig	87
jigger	121
jiggle	75
jigsaw	76
jihad	154
jillion	91
jilt	123
jimsonweed	162
jingle	52
jingo	149
jingoist	133
jinx	79
jitney	124
jitter	96
jitterbug	83
jittery	90
jive	103
job	54
jobber	146
jobholder	118
jobless	86
jockey	83
jockstrap	100
jocose	137
jocular	144
jocularity	145
jocund	143
jodhpur	124
jog	62
jogger	83
jogging	95
joggle	92
join	58
joiner	114
joinery	123
joint	90
joist	120
jojoba	115
joke	52
joker	66
jokester	76
jokey	76
jollification	131
jolliness	89
jollity	118
jolly	66
jolt	94
jolty	106
jonquil	140
josh	89
jostle	99
jot	82
joule	127
jour	145
journal	85
journalism	104
journalist	101
journalistic	131
journey	77
journeyman	129
journo	148
joust	106
jouster	124
jovial	113
joviality	131
jowl	124
joy	67
joyful	70
joyfulness	77
joyless	94
joyous	74
joyride	97
joystick	93
jubilant	115
jubilation	128
jubilee	106
judge	88
judgeship	128
judgment	89
judgmental	107
judicature	170
judicial	132
judiciary	126
judicious	139
judo	107
jug	58
juggernaut	162
juggle	64
juggler	73
jugular	130
juice	44
juicehead	148
juicer	113
juicy	48
jujitsu	127
juju	128
jujube	94
juke	118
jukebox	74
julep	126
julienne	159
jumble	77
jumbo	78
jumper	70
jumprope	58
jumpsuit	95
jumpy	81
junco	112
junction	117
juncture	116
jungle	53
junior	71
juniper	126
junk	66
junket	145
junkie	127
junkman	76
junky	100
junkyard	77
juridical	140
jurisdiction	128
jurisdictional	141
jurisprudence	162
jurisprudential	172
jurist	127
juror	102
jury	110
jus	173
just	70
justice	95
justifiable	104
justification	107
justify	104
justness	108
jut	115
jute	132
juvenile	116
juxtapose	159
juxtaposition	144
kabuki	138
kale	121
kaleidoscope	74
kamikaze	128
kangaroo	56
kanji	138
kapok	145
kappa	157
kaput	114
karaoke	118
karate	78
karma	137
karmic	147
kart	78
karting	112
kasha	150
katydid	102
kava	158
kayak	88
kayaker	107
kazoo	62
kebab	104
keel	115
keelhaul	101
keen	107
keenness	117
keep	44
keeper	81
keepsake	95
keg	134
keister	123
kelp	102
kelpie	150
kennel	99
keno	166
kepi	174
keratin	121
kerchief	69
kerfuffle	147
kernel	87
kerosene	110
ketchup	43
kettle	81
kettledrum	116
kewpie	132
key	36
keyboard	93
keyboardist	99
keyhole	79
keyless	105
keynote	113
keypad	100
keystone	114
keystroke	114
keyword	91
khaki	99
khan	142
khedive	142
kibble	105
kibbutz	143
kibitz	138
kibitzer	159
kibosh	124
kick	41
kickable	68
kickback	133
kickball	60
kickboxing	96
kicker	64
kickoff	88
kid	43
kidder	85
kiddo	66
kiddy	67
kidnap	74
kidnapper	76
kidnapping	84
kidney	93
kids	39
kidskin	130
kielbasa	119
kike	162
kill	64
killer	65
killjoy	129
kiln	107
kilo	119
kilobyte	135
kilogram	113
kilohertz	154
kilometer	86
kiloton	131
kilowatt	113
kilt	82
kilter	111
kimono	114
kin	78
kina	190
kind	49
kindergarten	44
kindergartener	46
kindergartner	50
kindhearted	88
kindle	124
kindler	127
kindliness	96
kindling	95
kindness	63
kindred	117
kine	140
kinescope	146
kinesiology	158
kinesis	152
kinesthesia	151
kinetic	136
kinetics	140
kinfolk	105
king	54
kingdom	60
kingfisher	127
kingly	110
kingmaker	115
kingpin	122
kingship	117
kink	108
kinkajou	112
kinkiness	142
kinky	128
kinship	101
kinsman	118
kinswoman	133
kiosk	110
kip	123
kipper	147
kirsch	162
kirtle	100
kismet	131
kiss	36
kissable	82
kisser	69
kissy	63
kit	66
kitbag	80
kitchen	37
kitchenette	130
kitchenware	86
kite	46
kith	171
kitsch	166
kitschy	166
kitten	36
kitty	35
kiwi	76
klatch	149
klaxon	160
kleptomania	139
kleptomaniac	134
kludge	187
klutz	102
klutziness	96
klutzy	96
klystron	146
knack	98
knackered	158
knackwurst	138
knapsack	112
knave	123
knavery	142
knavish	146
knead	88
kneader	106
knee	44
kneecap	64
kneel	70
kneeler	98
kneepad	81
knell	153
knick	97
knickerbockers	122
knickers	99
knickknack	84
knife	42
knight	63
knighthood	97
knish	154
knit	79
knitter	100
knitting	72
knob	47
knobby	117
knock	46
knockabout	123
knockdown	86
knocker	79
knockoff	100
knockout	84
knockwurst	126
knoll	109
knot	60
knothole	88
knotty	83
know	45
knowable	91
knower	101
knowhow	93
knowledge	77
knowledgeable	100
knuckle	59
knuckleball	113
knucklehead	82
knuckler	116
knuckles	53
knurled	155
koala	60
kobold	127
kohlrabi	183
kook	102
kookaburra	99
kooky	81
kopeck	150
korma	178
kosher	133
kowtow	138
kraken	134
kraut	93
krill	125
kryptonite	90
kudos	133
kudu	143
kudzu	106
kummel	173
kumquat	125
kung	121
kwacha	140
kwanza	115
lab	87
label	61
labeler	95
labia	140
labial	172
labile	120
labor	83
laboratory	87
laborer	127
laborious	128
laborsaving	144
laburnum	172
labyrinth	105
labyrinthine	114
lace	64
lacerate	106
laceration	134
lack	83
lackadaisical	142
lackey	111
lackluster	130
laconic	148
lacquer	132
lacrosse	129
lactate	143
lactated	152
lactation	146
lactic	128
lactose	131
lacuna	162
lad	74
ladder	44
laddie	105
lading	155
ladino	145
ladle	98
lady	37
ladybird	105
ladybug	48
ladyfish	117
ladylike	70
ladylove	103
ladyship	111
lag	94
lager	140
laggard	124
lagniappe	95
lagoon	94
lair	116
lake	46
lakefront	82
lakeshore	90
lamasery	137
lamb	42
lambast	142
lambda	152
lambent	140
lambkin	125
lambskin	108
lame	92
lamebrain	121
lameness	115
lament	118
lamentable	146
lamentation	120
lamina	164
laminate	110
laminated	105
lamination	104
laminator	124
lamp	40
lamplight	70
lamplighter	107
lampoon	129
lamppost	84
lampshade	56
lanai	140
lance	118
lancer	131
lancet	153
land	52
landfall	108
landfill	87
landing	67
landlady	92
landline	101
landlocked	110
landlord	100
landlubber	104
landmark	96
landmass	100
landmine	110
landowner	110
landscape	99
landscaper	118
landscaping	110
landslide	94
landslip	129
landsman	118
landward	124
lane	70
language	68
languid	155
languish	138
languor	127
languorous	141
lank	134
lanky	97
lanolin	141
lantern	86
lanyard	121
lap	32
laparoscopy	164
lapboard	99
lapdog	101
lapel	117
lapis	127
lapse	117
laptop	124
lapwing	138
larboard	152
larcenist	128
larcenous	147
larceny	132
larch	136
lard	97
larder	145
large	57
largemouth	109
largeness	71
largesse	123
largish	113
lariat	141
lark	118
larkspur	145
larva	88
larval	114
laryngeal	148
laryngitis	106
laryngoscope	177
larynx	127
lasagna	50
lascar	136
lascivious	169
lasciviousness	160
laser	87
lash	95
lass	101
lassitude	148
lasso	86
last	43
lasting	82
latch	80
latchkey	128
late	53
latecomer	109
latency	144
lateness	85
latent	152
later	48
lateral	124
latex	135
lath	146
lathe	128
lather	80
lathery	122
latitude	105
latitudinarian	133
latke	146
latrine	123
latte	135
latter	107
lattice	110
laud	130
laudable	141
laudanum	154
laugh	38
laughable	94
laugher	72
laughingstock	90
laughter	54
launch	79
launcher	92
launder	101
launderer	146
laundering	123
laundress	126
laundry	60
laundryman	78
laundrywoman	94
laureate	158
lava	64
lavage	155
lavaliere	153
lavatory	106
lavender	91
lavish	108
law	83
lawbreaker	103
lawbreaking	92
lawful	110
lawgiver	132
lawless	107
lawlessness	117
lawmaker	97
lawman	97
lawn	54
lawnmower	61
lawsuit	106
lawyer	78
lawyerlike	116
lax	113
laxative	117
laxity	132
lay	58
layaway	94
layback	107
layer	83
layering	88
layette	127
layman	106
layoff	128
layout	105
layover	114
laypeople	127
layperson	137
layup	103
laze	121
laziness	67
lazy	64
lazybones	78
leach	92
lead	68
leaded	82
leaden	122
leader	69
leaderless	118
leadership	87
leadoff	105
leaf	46
leafage	126
leaflet	104
leafy	56
league	84
leaguer	124
leak	55
leakage	96
leaker	84
leaky	58
lean	72
leaning	65
leap	55
leaper	104
leapfrog	54
learn	44
learnable	76
learner	63
leary	108
lease	111
leaseholder	159
leash	58
leastways	140
leather	72
leatherette	150
leatherjacket	77
leatherneck	139
leathery	118
leave	56
leaver	89
leavings	98
lebensraum	160
lecher	113
lecherous	147
lechery	151
lecithin	158
lectern	129
lection	130
lector	140
lecture	95
lecturer	87
lectureship	138
lederhosen	114
ledge	110
ledger	128
leech	78
leek	110
leer	108
leeway	112
left	56
leftist	132
leftover	73
leftovers	56
lefty	74
leg	30
legacy	96
legal	92
legalese	148
legalist	145
legalistic	143
legality	115
legalization	121
legalize	117
legate	150
legatee	140
legation	154
legend	84
legendary	99
legerdemain	160
legged	69
leggings	100
leggy	113
leghorn	112
legible	100
legion	112
legionary	129
legionnaire	146
legislate	112
legislation	109
legislative	112
legislator	116
legislature	115
legit	114
legitimacy	125
legitimate	117
legitimize	130
legless	84
legman	133
legroom	88
legwarmer	107
legwork	112
leisure	98
leisurely	104
leisurewear	138
leitmotif	159
lemma	155
lemming	126
lemon	47
lemonade	51
lemongrass	102
lemony	96
lemur	116
lend	84
lender	95
length	60
lengthen	78
lengthy	91
lenience	109
leniency	122
lenient	117
lenity	140
lens	95
lentil	131
leopard	68
leper	119
lepidopterist	146
leprechaun	66
leprosy	117
leprous	136
lepton	131
lesbian	130
lesbianism	144
lesion	128
lessee	147
lessen	89
lessening	101
lesson	78
lest	105
let	45
letch	128
letdown	103
lethal	102
lethality	111
lethargic	121
lethargy	131
letter	47
letterbox	98
letterhead	122
lettering	85
lettuce	43
letup	100
leucotomy	186
leukemia	108
levee	134
level	60
leveler	123
levelheaded	115
levelheadedness	120
lever	79
leverage	117
leveraged	130
leveret	152
leviathan	152
levitate	111
levitation	113
levity	148
lewd	122
lewdness	122
lexicography	165
lexicon	159
lexis	138
liability	129
liable	111
liaise	149
liaison	148
liar	49
libation	145
libel	141
liberal	112
liberalism	148
liberalization	147
liberate	118
liberating	128
liberation	134
liberator	115
libertarian	142
libertarianism	167
libertine	159
liberty	88
libidinal	163
libidinous	157
libido	156
librarian	61
library	50
libration	132
libretto	133
licence	94
license	87
licensee	129
licensing	118
licensure	137
licentiate	170
licentious	170
licentiousness	178
lichen	117
licit	155
lick	43
licker	62
lickspittle	117
licorice	58
lid	60
lidless	101
lido	152
lie	38
liege	146
lieu	116
lieutenancy	136
lieutenant	95
life	59
lifebelt	118
lifeblood	135
lifeboat	77
lifebuoy	101
lifeguard	56
lifeless	92
lifelessness	102
lifelike	86
lifeline	88
lifelong	88
lifer	129
lifesaver	73
lifesaving	91
lifespan	117
lifestyle	107
lifetime	90
lifevest	79
lift	47
lifter	106
liftoff	78
ligament	110
ligation	138
ligature	155
light	40
lightbulb	59
lighten	80
lightener	93
lighter	71
lightheaded	113
lightheadedness	101
lighthearted	118
lightheartedness	104
lighthouse	61
lighting	75
lightness	90
lightning	48
lightsome	130
lightswitch	59
lightweight	80
lignite	145
likability	120
likable	70
like	37
likeability	105
likelihood	109
likely	63
liken	116
likeness	88
lilac	89
lilly	74
lilt	125
lily	67
limb	72
limber	97
limbic	163
limbless	104
limbo	92
limburger	114
lime	66
limeade	94
limekiln	148
limelight	119
limestone	120
limey	109
limit	63
limitation	92
limited	74
limitless	95
limitlessness	121
limo	84
limousine	82
limp	72
limpet	141
limpid	147
limy	140
linchpin	146
line	48
lineage	116
linear	112
linebacker	93
lineman	114
linen	77
liner	74
linesman	121
lineup	84
ling	130
linger	106
lingerie	134
lingering	116
lingo	109
lingua	149
lingual	126
linguine	122
linguini	140
linguist	138
linguistic	150
linguistics	142
liniment	119
lining	93
link	99
linkage	113
linker	115
linkup	118
linnet	152
linoleum	105
linotype	138
linseed	151
lint	75
linty	83
lion	44
lioness	74
lionfish	109
lionhearted	108
lionization	172
lionize	139
lip	38
lipase	153
lipid	142
lipless	104
liposuction	122
lippy	101
lipreading	90
lipstick	54
liquefaction	153
liquefy	121
liquescence	139
liqueur	124
liquid	58
liquidate	144
liquidation	107
liquidator	136
liquidity	138
liquidness	122
liquor	84
liquorish	70
lira	133
lisp	104
lissome	138
list	56
listen	54
listener	58
listing	86
listless	121
listlessness	129
litany	129
liter	99
literacy	114
literal	101
literalistic	144
literally	95
literary	111
literate	96
literati	149
literature	99
lithe	110
lithium	139
lithograph	151
lithographic	154
lithography	145
lithosphere	142
litigant	147
litigate	138
litigation	134
litigator	154
litigious	158
litmus	139
litter	76
litterbug	65
little	40
littleness	64
liturgy	123
livable	82
live	61
liveable	116
livelihood	109
livelong	90
lively	86
liven	113
liver	86
liverish	140
livery	130
livestock	79
livid	120
lizard	54
llama	86
load	78
loader	98
loaf	68
loafer	119
loam	112
loan	96
loaner	116
loath	103
loathe	111
loathing	132
loathsome	127
loathsomeness	123
lob	111
lobar	171
lobby	77
lobbyist	133
lobe	102
lobotomize	148
lobotomy	140
lobscouse	140
lobster	74
local	88
locale	111
locality	118
localization	140
localize	115
localized	102
localizer	127
locals	84
locate	80
locater	106
location	69
locator	90
loch	128
lock	57
lockbox	89
locker	82
locket	84
lockjaw	116
locknut	116
lockout	120
locksmith	96
lockup	88
loco	104
locomotion	90
locomotive	66
locoweed	163
locum	142
locus	126
locust	87
lode	122
lodestone	160
lodge	83
lodger	101
lodgings	99
loft	110
loftiness	131
lofty	104
log	67
logarithm	143
logarithmic	168
logbook	122
loge	117
logger	98
loggerheaded	121
logic	106
logical	98
logics	117
login	125
logistic	128
logistical	147
logistician	149
logistics	150
logjam	97
logo	82
logon	149
logorrhea	172
logroller	112
logrolling	99
logwood	128
logy	123
loin	111
loincloth	97
loiter	119
loiterer	116
loll	109
lollapalooza	152
lollipop	39
lolly	80
lollygag	84
lollypop	55
lone	85
loneliness	87
lonely	58
loneness	114
loner	98
lonesome	82
lonesomeness	105
long	42
longboat	113
longbow	134
longevity	107
longhair	69
longhaired	70
longhorn	104
longish	115
longitude	106
longitudinal	117
longneck	112
longship	133
longshore	120
longshoreman	131
longshot	108
longstanding	112
longtime	80
longue	127
longways	104
loo	127
look	40
lookalike	97
lookdown	103
looker	81
lookout	71
looks	48
lookup	82
loom	88
loon	91
looney	89
loony	76
loop	72
loophole	108
loopy	86
loose	77
loosen	72
looseness	91
loot	102
looter	125
lop	100
lope	113
lopsided	92
loquacious	149
loquacity	154
lord	60
lordly	116
lordship	101
lore	126
lorgnette	156
lorn	147
lorry	136
lose	58
loser	67
loss	50
lot	63
lothario	161
lotion	58
lottery	93
lotto	110
lotus	136
loud	45
loudmouth	85
loudmouthed	79
loudness	66
loudspeaker	100
lounge	95
lounger	98
loupe	162
lour	150
louse	103
lousy	78
lout	131
louver	146
louvered	145
lovable	77
love	52
lovebird	84
loveless	111
loveliness	78
lovelorn	157
lovely	73
lovemaking	123
lover	92
loveseat	85
lovesick	97
lovesickness	107
low	47
lowball	142
lowborn	141
lowbrow	131
lowdown	123
lowercase	66
lowerclassmen	122
lowland	127
lowlander	126
lowlife	102
lowly	106
lowness	85
lox	138
loyal	91
loyalist	126
loyalty	88
lozenge	90
luau	104
luaus	117
lubber	98
lube	126
lubricant	111
lubricate	129
lubrication	130
lubricator	130
lucent	147
lucid	137
lucidity	138
luck	65
luckless	86
lucky	59
lucrative	151
lucre	125
luddite	150
ludicrous	128
ludicrousness	138
luff	155
lug	125
luger	138
luggage	76
lugubrious	182
lugubriousness	145
lukewarm	91
lull	106
lullaby	55
lumbago	153
lumbar	159
lumber	73
lumbering	105
lumberjack	89
lumberman	90
lumberyard	85
lumen	170
luminal	146
luminary	118
luminescence	133
luminescent	135
luminosity	112
luminous	116
lummox	120
lump	59
lumpectomy	157
lumpy	69
lunacy	106
lunar	92
lunatic	98
lunch	36
lunchbox	42
luncheon	97
luncheonette	105
lunchroom	54
lunchtime	49
lung	72
lunge	98
lungful	131
lungwort	146
lupine	144
lupus	143
lurch	112
lure	90
lurid	137
lurk	101
lurker	117
luscious	111
lush	113
lust	122
luster	122
lustful	122
lustfulness	150
lustrous	127
lustrum	142
lusty	139
lute	108
luxuriant	131
luxuriate	131
luxurious	100
luxuriousness	131
luxury	93
lycanthrope	136
lycanthropic	174
lycanthropy	161
lyceum	146
lye	127
lymph	150
lymphatic	135
lymphoblastic	142
lymphocyte	162
lymphocytic	169
lymphoma	164
lynch	115
lynching	123
lynx	105
lyophilize	152
lyre	135
lyric	104
lyrical	115
lyricism	128
lyricist	146
lyrics	83
lysergic	144
lysine	168
ma	43
macabre	145
macadamia	122
macaque	133
macaroni	52
macaw	88
mace	125
macerate	140
maceration	166
mach	131
machete	96
machination	128
machine	65
machinegun	87
machinery	103
machinist	120
machismo	132
macho	104
mackerel	107
macro	128
macrobiotic	173
macroeconomic	154
macron	138
macroscopic	124
macula	167
macular	161
maculate	132
mad	36
madam	84
madame	111
madcap	137
madden	101
madding	108
mademoiselle	106
madhouse	91
madman	88
madness	94
madrigal	141
madwoman	89
maelstrom	159
maestro	116
mafia	103
magazine	59
magdalen	104
mage	105
magenta	78
maggot	95
maggoty	123
magic	55
magical	60
magician	54
magister	130
magistracy	126
magistral	141
magistrate	128
magma	98
magna	126
magnanimity	143
magnanimous	150
magnate	149
magnesia	127
magnesium	117
magnet	61
magnetic	88
magnetism	109
magnetize	116
magnetometer	150
magnetosphere	152
magnification	95
magnificence	94
magnificent	86
magnifico	125
magnifier	97
magnify	87
magnifying	85
magnitude	123
magnolia	99
magpie	105
maharajah	147
maharishi	179
mahjong	152
mahogany	128
maid	70
maiden	96
maidenhead	131
maidenhood	119
maidservant	120
mail	46
mailbag	62
mailbox	61
mailing	60
mailman	47
mailwoman	85
maim	119
main	66
mainframe	131
mainland	116
mainlander	108
mainline	109
mainliner	117
mainmast	129
mains	110
mainsail	127
mainsheet	143
mainspring	129
mainstay	118
mainstream	133
maintain	99
maintainer	121
maintenance	105
maintop	106
maitre	143
maize	96
majestic	107
majesty	76
majeure	155
majolica	160
major	88
majorette	118
majority	89
majuscule	200
make	47
makeover	105
maker	69
makeshift	130
makeup	79
make-up	74
malachite	134
maladapted	151
maladaptive	146
maladjusted	141
maladjustment	141
malady	133
malaise	136
malamute	118
malaria	123
malarial	135
malarkey	123
malcontent	143
malcontented	138
male	56
malediction	137
malefaction	154
malefactor	170
malefic	168
maleness	112
malevolence	127
malevolent	127
malfeasance	163
malformation	134
malformed	109
malfunction	96
malice	123
malicious	114
malign	137
malignancy	120
malignant	137
malingerer	157
malison	180
mall	68
mallard	99
malleability	128
malleable	141
mallet	109
malnourished	110
malnourishment	112
malnutrition	104
malocclusion	167
malodorous	143
malpractice	118
malt	92
malted	99
maltreat	139
maltreatment	114
mambo	112
mammal	74
mammalian	117
mammary	123
mammogram	132
mammon	149
mammoth	77
mammy	76
man	31
manacle	125
manage	77
manageable	99
management	100
manager	94
manageress	160
managerial	124
manana	120
manatee	106
mandarin	104
mandate	130
mandatory	90
mandible	114
mandolin	124
mandrake	138
mandrill	167
mane	56
maneuver	99
maneuverability	112
maneuverable	130
manful	123
manganese	164
mange	122
manger	70
mangle	113
mango	82
mangrove	145
mangy	88
manhandle	123
manhole	68
manhood	130
manhunt	96
mania	130
maniac	88
maniacal	133
manic	121
manicotti	147
manicure	106
manicured	118
manicurist	117
manifest	122
manifestation	142
manifesto	147
manifold	147
manipulate	111
manipulation	106
manipulative	113
manipulator	113
mankind	89
manlike	94
manliness	84
manly	94
manmade	94
manna	119
manned	123
mannequin	92
manner	68
mannered	69
mannerism	114
mannerist	132
mannerly	84
manners	59
mannish	119
manometer	173
manor	96
manpower	91
manse	126
manservant	111
mansion	72
mansions	86
manslaughter	123
manslayer	126
manta	141
mantel	77
mantelpiece	110
mantic	140
mantilla	151
mantis	93
mantle	92
mantra	137
mantrap	138
manual	76
manufacture	106
manufacturer	108
manufacturing	92
manumission	156
manure	101
manuscript	121
many	46
map	56
maple	59
mapleleaf	94
mapmaker	117
mapmaking	100
maquillage	160
mar	110
marabou	142
maraca	91
maraschino	100
marathon	93
marathoner	128
maraud	125
marauder	126
marauding	140
marble	70
marbled	97
marbleize	128
marcel	183
march	69
marcher	91
marchioness	144
mare	88
margarine	85
margarita	126
margin	101
marginal	120
marginalize	140
margrave	150
marguerite	141
mariachi	110
marigold	85
marijuana	109
marimba	140
marinade	112
marinara	88
marinate	103
marine	98
mariner	113
marionette	99
marital	104
maritime	115
mark	65
marker	49
market	72
marketability	141
marketable	121
marketer	112
marketing	122
marketplace	89
marksman	108
marksmanship	119
markup	125
marl	140
marled	144
marmalade	104
marmoreal	165
marmoset	130
marmot	139
maroon	83
marooned	120
marquee	131
marquis	128
marquise	160
marriage	72
marriageable	129
married	52
marrow	122
marry	58
mars	75
marsh	106
marshal	93
marshland	105
marshmallow	38
marshy	86
marsupial	117
mart	100
marten	101
martial	111
martinet	154
martini	117
martyr	130
martyrdom	132
marvel	100
marvelous	83
marzipan	145
mascara	92
mascot	95
masculine	103
masculinity	113
maser	117
mash	70
mashed	56
masher	116
mashie	90
mask	48
masked	73
masochism	152
masochist	159
masochistic	154
mason	105
masonic	123
masonry	120
masque	112
masquerade	118
masquerader	127
mass	92
massacre	100
massage	109
massager	100
masses	94
masseur	147
masseuse	112
massive	91
mast	106
mastectomy	147
master	65
masterful	128
masterly	106
mastermind	105
masterpiece	96
mastership	116
masterstroke	140
masterwork	134
mastery	106
mastic	139
mastiff	121
mastodon	90
mastoid	146
masturbate	122
masturbation	125
masturbator	137
masturbatory	149
mat	46
matador	119
match	57
matchbook	84
matchbox	65
matching	76
matchless	98
matchlock	125
matchmaker	120
matchmaking	112
matchstick	67
matchwood	102
mate	87
matelote	162
material	81
materialism	117
materialist	124
materialistic	126
materiality	150
materialization	134
materialize	100
materiel	84
maternal	112
maternity	118
math	56
mathematical	82
mathematician	92
mathematics	68
matinee	96
mating	98
matriarch	133
matriarchal	139
matriarchs	113
matriarchy	139
matricidal	158
matricide	148
matriculate	158
matriculation	161
matrilineal	158
matrimonial	120
matrimony	103
matrix	144
matron	132
matte	141
matter	76
mattock	113
mattress	51
maturation	137
mature	92
maturity	106
matzo	110
maudlin	141
maul	103
maunder	125
mausoleum	129
mauve	113
maven	125
maverick	124
maw	139
mawkish	151
mawkishness	130
maxilla	198
maxillary	156
maxim	127
maximal	121
maximization	118
maximize	106
maximum	76
may	56
maybe	45
mayday	83
mayflower	77
mayfly	119
mayhap	131
mayhem	104
mayonnaise	61
mayor	83
mayoral	132
mayoralty	148
maypole	81
maze	71
mazurka	134
me	33
mead	114
meadow	69
meadowlark	89
meadowsweet	138
meadowy	98
meager	109
meal	47
mealtime	68
mealy	115
mealymouthed	133
mean	40
meander	106
meanie	48
meaning	61
meaningful	84
meaningfulness	108
meaningless	104
meaninglessness	120
meanness	45
means	83
meantime	82
measles	93
measurable	92
measure	75
measurement	60
measurer	76
meat	44
meatball	60
meathead	113
meatless	112
meatloaf	64
meatpacking	93
meaty	60
mechanic	78
mechanical	88
mechanics	110
mechanism	106
mechanistic	129
mechanization	124
med	95
medal	68
medallion	103
meddle	102
meddler	110
meddlesome	111
medial	128
median	124
mediate	116
mediation	132
mediator	110
medic	112
medical	87
medicate	105
medication	75
medicinal	129
medicine	49
medico	148
medieval	97
medievalism	145
mediocre	116
mediocrity	124
meditate	114
meditation	105
meditative	121
mediterranean	109
medium	77
medley	100
medulla	142
meek	97
meekness	136
meerschaum	138
meet	47
meeting	57
meetinghouse	89
mega	75
megabits	157
megabyte	129
megahertz	150
megalith	154
megalomania	189
megalomaniac	157
megalomaniacal	143
megalopolis	129
megaphone	102
megastar	108
megaton	138
megawatt	118
meiosis	141
melamine	131
melancholia	161
melancholic	129
melancholy	125
melanin	143
melanoma	136
melatonin	151
meld	116
melee	122
mellifluous	161
mellow	88
melodic	98
melodious	101
melodrama	132
melodramatic	109
melody	66
melon	42
melt	55
meltdown	103
member	82
membership	78
membrane	110
membranous	130
memento	111
memo	114
memoir	124
memoirist	154
memorabilia	112
memorable	95
memorandum	138
memorial	83
memorialize	114
memorization	112
memorize	65
memory	64
memsahib	145
menace	95
menacing	108
menage	149
menagerie	136
mend	91
mendacious	158
mendacity	151
mendelevium	156
mender	102
mendicant	152
menfolk	102
menial	129
meningitis	127
meniscus	134
menopausal	134
menopause	146
menorah	118
menses	126
menstrual	108
menstruate	127
menstruation	104
mensuration	146
menswear	101
mental	88
mentalist	152
mentality	103
menthol	111
mentholated	131
mention	81
mentor	114
menu	59
meow	40
mercantile	123
mercenary	130
merchandise	93
merchandiser	116
merchant	98
merchantman	111
merciful	81
mercifulness	97
merciless	114
mercurial	130
mercuric	129
mercurochrome	135
mercury	123
mercy	87
mere	94
meretricious	156
merge	107
merger	131
meridian	102
meringue	111
merino	180
merit	105
meritocracy	139
meritorious	133
mermaid	57
merriment	119
merry	59
merrymaking	84
mescal	158
mescaline	163
mesdames	120
mesenteric	159
mesentery	152
mesh	99
mesmerism	125
mesmerize	127
mesoderm	161
meson	135
mesosphere	145
mesquite	123
mess	43
message	63
messaging	113
messenger	76
messiah	80
messianic	126
messieurs	152
messiness	72
messy	50
mestizo	152
metabolic	128
metabolism	120
metabolite	150
metabolize	123
metacarpal	163
metal	56
metallic	96
metalloid	145
metallurgical	157
metallurgist	158
metallurgy	128
metalware	136
metalwork	126
metalworker	110
metalworking	114
metamorphic	126
metamorphose	127
metamorphosis	118
metaphase	154
metaphor	116
metaphoric	137
metaphorical	123
metaphysic	145
metaphysical	145
metaphysician	154
metaphysics	149
metastasis	141
metastasize	147
metastatic	161
metatarsal	138
mete	120
metempsychosis	190
meteor	77
meteoric	111
meteorite	88
meteorological	123
meteorologist	89
meteorology	140
meter	86
metered	139
meth	171
methadone	192
methamphetamine	154
methane	132
methanol	152
method	112
methodical	127
methodological	150
methodology	141
methyl	142
methylene	156
methylphenidate	183
meticulous	115
metric	102
metro	124
metronome	111
metropolis	121
metropolitan	116
mettle	123
mettlesome	122
mew	93
mewl	137
mezuzah	147
mezzanine	121
mezzo	126
miaow	62
miasma	161
mica	122
micro	104
microbe	126
microbial	128
microbiological	138
microbiologist	127
microbiology	135
microcellular	133
microchemistry	139
microchip	140
microcomputer	139
microcosm	160
microdot	143
microeconomic	174
microeconomics	152
microelectronic	168
microelectronics	157
microfiche	148
microfilm	121
microgram	132
micromanage	158
micrometer	140
micron	146
microorganism	122
microphone	62
microphotograph	132
microprobe	140
microprocessor	155
microreader	169
microscope	92
microscopic	101
microscopy	128
microsecond	117
microwavable	113
microwave	77
mid	103
midair	92
midbrain	146
midcourse	119
midday	74
midden	132
middle	47
middlebrow	118
middleclass	106
middleman	109
middleweight	98
middling	116
middy	102
midfield	103
midfielder	96
midget	92
midlife	114
midline	115
midmorning	101
midnight	62
midpoint	105
midrange	112
midriff	115
midseason	103
midsection	96
midship	124
midshipman	139
midsize	97
midst	109
midsummer	89
midterm	132
midtown	98
midway	95
midweek	96
midwife	109
midwinter	94
miff	112
mightiness	85
mighty	56
mignon	144
migraine	100
migrant	117
migrate	96
migration	97
migratory	99
mikado	182
mike	68
mil	109
milady	132
milch	170
mild	80
mildew	97
mildness	110
mile	76
mileage	102
milepost	120
miler	128
milestone	116
milieu	167
militant	126
militarism	128
militarist	140
militaristic	106
militarization	130
militarize	126
military	82
militate	137
militia	120
milk	34
milkmaid	89
milkman	64
milkshake	49
milksop	139
milkweed	103
milky	63
mill	82
millage	132
millenarian	158
millennial	141
millennium	108
millet	141
milliard	140
milligram	100
milliliter	104
millimeter	94
milliner	153
millinery	152
million	65
millionaire	71
millionth	89
millisecond	111
millpond	129
millrace	162
millstone	107
millwright	157
milord	141
milt	146
mime	80
mimeo	122
mimeograph	125
mimetic	136
mimic	87
mimicry	125
mimosa	149
min	104
minable	112
minaret	130
minatory	133
mince	111
minced	131
mincemeat	121
mind	54
mindblower	105
mindedness	126
minder	124
mindful	109
mindless	99
mindset	118
mine	42
minefield	95
miner	80
mineral	87
mineralogy	140
minestrone	109
minesweeper	111
minesweeping	123
mingle	103
mini	72
miniature	90
miniaturization	132
miniaturize	96
minibus	122
minim	140
minimal	113
minimalist	139
minimize	109
minimum	81
mining	87
minion	113
miniscule	117
miniskirt	105
minister	74
ministerial	128
ministry	96
minivan	75
mink	103
minnesinger	185
minnow	91
minor	91
minority	98
minotaur	106
minster	92
minstrel	108
minstrelsy	129
mint	59
mintage	129
minty	79
minuet	128
minus	58
minuscule	119
minute	73
minuteman	104
minuteness	120
minutia	133
minx	111
miracle	68
miraculous	93
mirage	109
mire	139
mirror	49
mirth	121
mirthless	135
misadventure	96
misalignment	142
misallocation	158
misanthrope	160
misanthropic	149
misanthropy	153
misapplication	122
misapprehension	119
misappropriation	141
misbegotten	130
misbehave	55
misbehavior	67
misbeliever	123
misc	111
miscalculate	118
miscalculation	98
miscarriage	115
miscarry	127
miscast	130
miscegenation	143
miscellaneous	91
miscellany	121
mischance	127
mischief	90
mischievous	92
mischievousness	86
miscible	139
miscommunication	116
misconception	104
misconduct	92
misconstrue	121
miscreant	161
miscue	119
misdeal	121
misdeed	106
misdemeanor	142
misdiagnose	124
misdiagnosis	126
misdirect	100
misdirection	127
misdoubt	127
miser	116
miserable	101
miserliness	100
miserly	122
misery	92
misfeasance	173
misfile	144
misfire	110
misfit	72
misfortunate	96
misfortune	105
misgiving	110
misguidance	126
misguide	109
misguided	94
mishap	116
mishear	112
misheard	101
mishmash	106
misidentification	116
misidentify	121
misinformation	111
misinterpret	112
misinterpretation	113
misjudge	94
misjudgment	100
mislabel	97
mislay	131
mislead	96
misleading	97
mislike	117
mismanage	122
mismanagement	149
mismatch	86
mismatched	83
misnomer	149
misogynist	144
misogynistic	151
misogyny	161
misperception	126
misplace	87
misprint	114
misprision	117
mispronounce	95
misquotation	127
misquote	102
misread	101
misremember	118
misrepresent	133
misrepresentation	127
misrule	133
miss	63
missal	138
misshapen	110
missile	72
mission	100
missionary	98
missive	130
misspeak	93
misspell	82
misspent	112
misspoken	116
misstep	127
missus	92
missy	64
mist	70
mistake	58
mister	64
mistletoe	96
mistral	151
mistranslation	128
mistreat	102
mistreatment	84
mistress	117
mistrial	124
mistrust	92
mistrustful	100
misty	84
misunderstand	85
misunderstanding	92
misuse	97
mite	114
miter	133
mitigate	152
mitigating	138
mitigation	139
mitigative	169
mitochondria	126
mitochondrial	151
mitosis	138
mitral	144
mitt	68
mitten	47
mitzvah	119
mix	51
mixer	70
mixture	81
mizzen	158
mizzenmast	133
mnemonic	131
moan	77
moaner	119
moat	96
mob	97
mobile	87
mobility	109
mobilization	116
mobilize	122
mobilizer	116
mobster	100
moccasin	112
mocha	120
mock	90
mocker	98
mockery	122
mockingbird	91
mockup	137
mod	126
modality	139
mode	97
model	58
modeling	82
modem	138
moderate	112
moderation	108
moderato	141
moderator	124
modern	86
modernism	137
modernist	142
modernistic	139
modernity	127
modernization	107
modernize	112
modest	107
modesty	109
modicum	166
modification	123
modified	103
modifier	106
modify	94
modiste	150
modular	132
modularity	155
modulate	133
modulation	139
modulator	147
module	134
modulo	172
modus	131
mogul	123
mohair	132
moil	120
moist	96
moisten	93
moisture	65
moisturize	91
moisturizer	93
moisturizing	99
mol	138
molar	81
molasses	90
mold	93
moldboard	186
molder	114
moldy	73
mole	73
molecular	118
molecule	120
molehill	106
moleskin	129
molest	113
molestation	116
molester	97
moll	137
mollification	146
mollify	134
mollusk	116
molt	102
molten	91
molybdenum	158
moment	80
momentary	107
momentous	134
momentum	102
monarch	101
monarchical	137
monarchist	122
monarchy	104
monasterial	138
monastery	103
monastic	108
monasticism	159
monaural	171
monetary	126
monetize	131
money	51
moneybag	97
moneybags	93
moneyed	113
moneylender	114
moneymaker	114
moneymaking	83
moneyman	121
monger	131
mongo	114
mongoloid	118
mongoose	99
mongrel	102
moniker	141
monitor	97
monitory	151
monk	103
monkey	42
monkeyshine	115
monkfish	139
monkshood	127
mono	112
monoamine	160
monochromatic	158
monochrome	138
monocle	130
monoclonal	137
monofilament	141
monogamist	124
monogamous	133
monogamy	131
monogram	114
monogrammed	121
monograph	124
monolayer	132
monolith	148
monolithic	141
monologue	126
monomania	155
monomaniacal	139
mononucleosis	129
monoplane	122
monopolist	126
monopolistic	138
monopolize	122
monopoly	67
monorail	110
monosodium	165
monosyllabic	121
monosyllable	112
monotheism	153
monotone	111
monotonous	135
monotony	144
monounsaturated	154
monoxide	128
monozygotic	151
monsieur	101
monsignor	139
monsoon	113
monster	46
monstrosity	131
monstrous	107
montage	115
month	58
monthly	80
monument	84
monumental	106
moo	35
mooch	117
moocher	116
mood	66
moodiness	120
moody	94
moon	48
moonbeam	82
mooncalf	117
moonless	88
moonlight	55
moonlighter	128
moonlit	60
moonrise	85
moonscape	116
moonshine	92
moonshiner	130
moonstruck	126
moonwalk	103
moony	112
moor	118
moorage	142
moorhen	159
mooring	122
moorland	130
moose	52
moot	142
mop	51
mope	94
moped	94
moppet	129
moraine	149
moral	95
morale	106
moralist	125
moralistic	134
morality	114
moralization	141
moralize	124
moralizer	138
morals	97
morass	124
moratorium	145
moray	133
morbid	97
morbidity	142
more	38
morel	124
mores	139
morgue	105
moribund	154
moribundity	173
mormon	119
morn	95
morning	40
moron	87
moronic	99
morose	130
morph	115
morphine	132
morphogenetic	157
morphological	166
morphology	154
morsel	88
mortal	98
mortality	124
mortar	119
mortem	124
mortgage	125
mortgagee	157
mortician	102
mortification	131
mortify	118
mortise	133
mortmain	196
mortuary	121
mosaic	98
mosey	90
mosque	141
mosquito	61
moss	83
mossback	143
mossy	85
mot	106
mote	104
motel	71
motet	144
moth	57
mothball	83
motherboard	142
motherfucker	97
motherfucking	96
motherhood	76
motherhouse	139
motherland	101
motherless	74
motherly	86
mothproof	107
motif	136
motile	122
motility	140
motion	68
motionless	88
motionlessness	102
motivate	99
motivation	106
motivational	123
motivator	106
motive	111
motiveless	116
motley	122
motocross	118
motor	74
motorbike	80
motorboat	65
motorbus	92
motorcade	106
motorcar	78
motorcycle	50
motorcyclist	72
motoring	109
motorist	77
motorization	133
motorized	91
motorman	103
motorway	80
motto	104
mould	113
mound	77
mount	85
mountain	62
mountaineering	112
mountainous	106
mountainside	75
mountaintop	76
mountebank	172
mourn	92
mourner	103
mournful	99
mourning	110
mouse	49
mouser	104
mousetrap	68
mousse	103
moustache	54
mousy	115
mouth	36
mouthful	64
mouthpiece	106
mouthwash	73
mouthwatering	92
mouthy	77
movable	76
move	46
movement	66
mover	84
movie	36
moviegoer	103
moviemaker	100
mow	68
mower	69
moxie	137
mozzarella	84
mu	158
much	46
mucilage	142
mucilaginous	175
muck	80
muckrake	141
muckraker	152
mucky	82
mucosa	141
mucosal	135
mucous	104
mucus	96
mud	40
muddiness	71
muddle	113
muddled	111
muddleheaded	141
muddy	54
mudguard	130
mudpack	128
mudroom	110
mudskipper	107
mudslide	83
mudslinger	128
mudslinging	135
muesli	145
muezzin	140
muff	104
muffin	51
muffle	98
muffled	91
muffler	95
mug	52
mugger	113
muggy	81
mujahedin	170
mukluk	132
mulatto	131
mulberry	89
mulch	92
mule	56
muleteer	137
mulish	178
mulishness	120
mull	122
mulled	137
mullet	117
mulligatawny	150
mullioned	173
multi	87
multicolored	71
multicultural	102
multidimensional	128
multidimensionality	148
multidirectional	124
multifaceted	132
multifocal	125
multilateral	132
multilayered	89
multilevel	83
multimedia	119
multimillion	106
multimillionaire	104
multinational	132
multiphase	150
multiple	78
multiplex	126
multiplication	78
multiplicity	117
multiply	80
multiprocessing	142
multiprocessor	154
multispecies	113
multistage	119
multisystem	135
multitask	126
multitude	108
multitudinous	130
multivitamin	107
multivolume	124
mum	75
mumble	72
mumbo	109
mummer	132
mummery	117
mummification	106
mummified	100
mummify	102
mummy	55
mumps	84
munch	76
munchkin	62
mundane	140
municipal	141
municipality	130
munificence	140
munition	133
mural	97
muralist	134
murder	88
murderer	83
murderess	130
murderous	99
murk	108
murky	96
murmur	112
muscatel	179
muscle	84
muscleman	91
muscovite	148
muscular	88
muscularity	130
musculature	145
muse	119
musette	137
museum	86
mush	58
musher	143
mushroom	64
mushy	66
music	38
musical	73
musicale	109
musicality	119
musician	71
musicianship	117
musicologist	139
musicology	114
musk	109
muskellunge	88
musket	102
musketeer	71
musketry	118
muskrat	104
musky	109
muslim	129
muslin	117
muss	98
mussel	100
must	46
mustached	76
mustachio	158
mustachioed	132
mustang	95
mustard	50
muster	122
musty	105
mutable	109
mutagen	159
mutagenesis	162
mutant	100
mutate	88
mutation	108
mutative	138
mute	98
muted	93
mutilate	127
mutilated	104
mutilation	115
mutilator	129
mutineer	137
mutinous	124
mutiny	106
mutt	72
mutter	95
mutton	132
muttonhead	118
mutual	89
mutuality	130
muumuu	88
muzzle	84
muzzy	135
mycological	176
mycologist	166
myelin	167
myeloid	152
myeloma	164
mynah	95
myocardial	166
myocardium	153
myopia	145
myopic	133
myriad	119
myrmidon	157
myrrh	103
myrtle	110
myself	38
mysterious	90
mysteriousness	97
mystery	69
mystic	106
mystical	102
mysticism	134
mystification	129
mystified	115
mystify	114
mystique	119
myth	86
mythic	103
mythical	71
mythmaking	112
mythological	107
mythology	105
mythos	140
nab	76
nabob	150
nacelle	143
nacho	69
nacre	140
nada	91
nag	92
naiad	143
nail	54
nailfile	84
naira	160
naive	113
naivete	131
naivety	124
naked	47
nakedness	70
name	37
nameless	101
nameplate	99
namesake	103
nana	43
nanny	67
nanosecond	137
nanotechnology	160
napalm	148
nape	105
napery	150
naphtha	172
napkin	48
nappy	84
narcissism	132
narcissist	145
narcissistic	141
narcolepsy	145
narcoleptic	141
narcosis	154
narcotic	131
narcotics	124
nard	140
nark	124
narrate	91
narration	97
narrative	114
narrator	67
narrow	76
narrowness	96
narwhal	121
nary	124
nasal	88
nascent	139
nasopharynx	162
nastiness	80
nasturtium	161
nasty	60
natal	131
natality	155
natatorium	154
nation	77
national	69
nationalism	124
nationalist	135
nationalistic	141
nationality	98
nationalization	118
nationwide	90
native	92
natives	84
nativity	96
natter	123
natty	121
natural	85
naturalist	118
naturalistic	137
naturalization	117
naturalized	121
naturally	86
nature	62
natured	111
naturopathic	153
naught	112
naughtiness	89
naughty	49
nausea	86
nauseate	107
nauseating	108
nauseous	89
nautical	114
nautilus	125
naval	97
nave	125
navel	96
navigability	119
navigate	100
navigation	102
navigational	112
navigator	98
navy	72
nay	103
naysay	116
naysayer	123
neap	155
near	54
nearby	69
nearly	75
nearness	74
nearside	108
nearsighted	94
nearsightedness	104
neat	54
neaten	86
neatness	73
neb	132
nebbish	118
nebula	134
nebulizer	148
nebulous	133
necessary	76
necessitate	132
necessitous	161
necessity	95
neck	30
neckband	98
neckerchief	96
necklace	50
neckline	105
necktie	66
neckwear	116
necrology	162
necromancer	143
necromancy	141
necromantic	147
necrophilia	150
necropolis	148
necropsy	153
necrosis	142
necrotic	151
nectar	90
nectarine	89
nectarous	134
need	36
needful	106
neediness	101
needle	53
needlepoint	90
needless	92
needlewoman	129
needlework	99
needy	73
nefarious	133
negate	131
negation	143
negative	75
negativism	123
negativity	105
neglect	98
neglectful	104
negligee	159
negligence	122
negligent	118
negligible	113
negotiable	126
negotiate	108
negotiation	117
negotiator	114
negro	98
negus	167
neigh	72
neighbor	51
neighborhood	65
neighboring	109
nein	143
neither	67
nemesis	111
neoclassic	149
neoclassical	144
neoclassicism	167
neoconservative	171
neodymium	146
neomycin	167
neon	80
neonatal	142
neonate	144
neophyte	159
neoplastic	167
neoprene	154
nepenthe	155
nephew	64
nephritis	179
nephrology	158
nepotism	138
neptunium	152
nerd	70
nerdy	97
nerve	97
nervecell	121
nerviness	105
nervous	68
nervousness	73
nervy	107
nest	51
nester	129
net	70
netball	105
nether	122
nethermost	138
netherworld	108
netsuke	160
netting	78
nettle	143
network	109
networking	134
neural	122
neuralgia	165
neurasthenia	167
neurasthenic	160
neuritis	140
neurobiological	171
neurobiologist	147
neurobiology	153
neurochemistry	159
neurologic	138
neurological	136
neurologist	142
neurology	144
neuromuscular	162
neuron	121
neuronal	136
neuropath	137
neuropathic	154
neuropathology	161
neuropathy	168
neurophysiologist	166
neurophysiology	148
neuropsychiatry	185
neuropsychological	166
neuropsychologist	161
neuroscience	140
neuroscientist	141
neurosis	152
neurosurgeon	138
neurosurgery	141
neurosurgical	136
neurotic	138
neurotoxin	136
neurotransmitter	162
neurovascular	158
neuter	111
neutral	102
neutralist	132
neutrality	121
neutralization	131
neutralize	120
neutralizer	126
neutrino	138
neutron	114
never	51
nevus	170
new	47
newbie	102
newborn	69
newcomer	83
newel	123
newfangled	113
newfound	110
newish	104
newlywed	86
newness	72
news	62
newsagent	111
newsbeat	114
newsboy	75
newsbreak	94
newscast	72
newscaster	96
newsflash	92
newsgroup	114
newshound	145
newsletter	94
newsman	57
newspaper	58
newspaperman	75
newspaperwoman	69
newsprint	100
newsreader	108
newsreel	104
newsroom	89
newsstand	97
newswoman	91
newsworthy	100
newsy	128
newt	76
next	43
nexus	146
niacin	152
nib	103
nibble	74
nibbler	83
nice	40
niceness	52
nicety	128
niche	141
nick	76
nickel	58
nickelodeon	88
nicker	120
nickname	65
nicotine	102
niece	70
niftiness	97
nifty	91
niggard	139
nigger	83
niggle	153
nigh	114
night	36
nightcap	102
nightclub	107
nightclubbing	138
nightdress	91
nightfall	82
nightgown	58
nightie	78
nightingale	88
nightlife	108
nightlight	52
nightly	80
nightmare	59
nightmarish	95
nightshirt	61
nightspot	121
nightstand	67
nightstick	98
nighttime	37
nightwear	72
nihilism	168
nihilist	166
nihilistic	154
nihility	134
nil	123
nimble	86
nimbostratus	133
nimrod	113
nincompoop	68
nine	32
ninepin	118
ninepins	133
ninety	67
ninja	89
ninny	94
ninth	59
nip	79
nipper	89
nipple	90
nippy	89
nit	86
niter	142
nitpick	104
nitrate	141
nitric	117
nitrite	141
nitro	130
nitrocellulose	160
nitrogen	107
nitroglycerine	144
nitrous	136
nitwit	102
nix	119
nob	80
nobelium	162
nobility	114
noble	107
nobleman	97
nobleness	100
noblesse	138
noblewoman	118
nobody	53
nock	133
nocturnal	89
nocturne	112
nod	56
nodal	162
noddle	81
node	122
nodule	137
noggin	61
noir	164
noire	159
noise	45
noiseless	98
noisemaker	82
noisiness	91
noisome	159
noisy	53
nom	122
nomad	111
nomadic	112
nomenclature	142
nominal	112
nominate	107
nomination	117
nominative	138
nominee	110
nonagenarian	162
nonaggression	126
nonalcoholic	118
nonaligned	126
nonattendance	122
nonbeliever	79
nonbinding	121
noncancerous	132
nonce	142
nonchalance	123
nonchalant	122
noncom	138
noncombat	127
noncombatant	136
noncombustible	122
noncommissioned	143
noncommittal	150
noncompetitive	108
noncompliance	145
nonconformist	146
noncontact	104
noncooperation	115
noncritical	133
nondairy	97
nondenominational	142
nondescript	122
nondisclosure	150
nondrinking	105
none	56
nonentity	130
nones	130
nonessential	125
nonesuch	118
nonetheless	102
nonevent	132
nonexclusive	122
nonexistence	118
nonexistent	110
nonfarm	141
nonfat	83
nonfatal	112
nonfiction	85
nonfunctional	122
nonfunctioning	117
nonhuman	94
noninfectious	120
nonintervention	126
noninvasive	137
noninvolvement	124
nonjudgmental	103
nonlethal	117
nonlinear	109
nonmetal	108
nonmetallic	109
nonmilitary	126
nonnative	114
nonnegotiable	109
nonofficial	118
nonoperational	120
nonorganic	149
nonpaid	122
nonpareil	147
nonparticipation	102
nonpartisan	154
nonpaying	96
nonpayment	100
nonperformance	108
nonpermanent	105
nonperson	105
nonphysical	112
nonplussed	133
nonpolitical	142
nonporous	129
nonproductive	126
nonprofessional	127
nonprofit	120
nonproliferation	160
nonpublic	108
nonrandom	129
nonreactive	130
nonrefundable	110
nonreligious	97
nonresidential	118
nonresistance	129
nonresponsive	108
nonreturnable	106
nonromantic	110
nonscheduled	113
nonsectarian	172
nonsense	70
nonsensical	123
nonsexual	134
nonskid	113
nonslip	104
nonsmoker	77
nonsmoking	95
nonspecific	128
nonstandard	140
nonstarter	130
nonstick	91
nonsupport	107
nonsurgical	138
nonthreatening	110
nontoxic	106
nontraditional	106
nonunion	146
nonverbal	95
nonviable	173
nonviolence	93
nonviolent	89
nonvoting	121
noodle	34
noodles	53
nook	97
noon	59
noonday	90
noontide	128
noontime	66
noose	83
nor	86
norm	98
normal	55
normalcy	129
normality	118
normalize	113
normally	72
normalness	88
normative	148
north	66
northbound	103
northeast	75
northeaster	129
northeasterly	122
northeastern	103
norther	88
northerly	106
northern	80
northerner	91
northernmost	102
northwest	82
northwesterly	109
northwestern	86
nosebag	111
nosebleed	53
nosedive	103
nosegay	168
nosh	126
nosiness	74
nostalgia	132
nostalgic	121
nostril	74
nosy	55
not	39
nota	147
notability	130
notable	104
notarial	146
notarize	141
notary	136
notate	134
notation	128
notch	85
note	64
notebook	64
notepad	85
notepaper	64
noteworthy	99
nothing	52
nothingness	109
notice	74
noticeable	81
notification	94
notify	99
notion	111
notochord	150
notoriety	138
notorious	115
nougat	91
noun	73
nourish	96
nourishment	99
nous	132
nouveau	150
novel	95
novelette	137
novelist	103
novelistic	136
novella	147
novelty	117
november	57
novena	124
novice	110
novitiate	164
now	53
nowadays	86
nowhere	54
noxious	127
nozzle	93
nu	140
nuance	110
nub	100
nubbin	152
nubby	122
nubile	174
nuclear	108
nucleic	128
nucleoside	136
nucleus	114
nude	82
nudeness	94
nudge	110
nudie	111
nudism	122
nudist	109
nudity	92
nudnik	127
nugget	73
nuisance	96
nuke	110
null	115
nullification	154
nullify	144
num	97
numb	93
number	39
numbness	96
numbskull	78
numeral	83
numerator	106
numeric	93
numerical	87
numerologist	146
numerology	130
numerous	88
numinous	152
numismatics	152
numismatist	147
nun	84
nunnery	139
nuptial	137
nuptials	132
nurse	58
nursemaid	98
nursery	70
nursing	82
nursling	141
nurture	109
nurturer	115
nut	52
nutcase	78
nutcracker	72
nuthatch	114
nuthouse	103
nutmeg	88
nutpick	137
nutrient	105
nutrition	97
nutritional	97
nutritionist	110
nutritious	89
nutritive	123
nutshell	67
nuttiness	103
nutty	74
nuzzle	114
nylon	100
nymph	112
nymphet	174
nymphomania	172
nymphomaniac	153
oaf	119
oafish	148
oak	74
oaken	119
oakum	117
oaky	111
oar	58
oarsman	137
oasis	91
oat	58
oath	114
oatmeal	45
oats	75
obbligato	143
obdurate	151
obedience	85
obedient	85
obeisance	145
obelisk	137
obese	94
obesity	114
obey	54
obfuscate	169
obfuscation	157
obit	100
obituary	94
object	79
objectification	138
objectify	140
objection	97
objectionable	112
objective	127
objectivity	107
objector	120
objet	102
oblate	145
obligate	117
obligation	110
obligatory	122
oblige	118
obliging	145
oblique	129
obliquity	145
obliterate	127
obliteration	132
oblivion	109
oblivious	126
obliviousness	130
oblong	104
oblongata	148
obloquy	163
obnoxious	80
obnoxiousness	118
oboe	108
oboist	147
obscene	118
obscenity	104
obscurantism	159
obscurantist	137
obscure	119
obscurity	121
obsequious	151
observable	106
observance	95
observant	93
observation	93
observational	120
observatory	91
observe	95
observer	97
obsess	108
obsessed	93
obsession	96
obsessive	109
obsidian	115
obsolescence	134
obsolescent	154
obsolete	123
obstacle	78
obstante	137
obstetric	131
obstetrician	126
obstetrics	147
obstinacy	108
obstinate	131
obstruct	109
obstruction	101
obtain	93
obtrude	126
obtrusive	148
obtuse	121
obviate	187
obvious	91
obviously	82
obviousness	99
ocarina	125
occasion	82
occasional	90
occasionally	96
occident	154
occidental	134
occipital	163
occlude	142
occluded	151
occlusion	145
occult	126
occultism	151
occultist	129
occupancy	97
occupant	100
occupation	109
occupational	103
occupy	89
occur	97
occurrence	114
ocean	47
oceanfront	93
oceanic	114
oceanographer	127
oceanographic	128
oceanography	127
ocelot	100
ochre	133
ocotillo	137
octagon	80
octagonal	118
octane	152
octant	155
octave	94
octavo	120
octet	116
octillion	150
octogenarian	158
octopus	63
octoroon	152
ocular	133
oculist	114
odalisque	193
odd	60
oddball	89
oddity	105
oddness	87
odds	86
ode	108
odiferous	141
odious	140
odor	68
odorant	108
odorless	103
odorous	110
odyssey	126
oedipal	142
oeuvre	167
of	45
off	38
offal	144
offbeat	101
offence	99
offend	97
offender	108
offense	86
offensive	94
offensiveness	114
offer	75
offertory	108
office	67
officemate	129
officer	65
official	87
officialdom	155
officiate	146
officious	143
officiousness	139
offing	130
offish	120
offload	119
offset	113
offshoot	130
offshore	105
offspring	116
oft	97
often	65
ogle	132
ogre	83
ogress	126
oh	47
ohm	140
oil	73
oilcan	76
oilcloth	125
oillamp	100
oilman	111
oilpaper	117
oilskin	138
oily	74
oink	34
ointment	79
okapi	112
okay	34
okra	126
old	37
olden	96
oldfashioned	86
oldie	69
oldness	86
oleander	148
oleic	158
olfactory	135
oligarch	139
oligarchy	129
olio	148
olive	67
olympics	83
ombudsman	166
ombudsperson	168
omega	132
omelet	65
omen	120
omicron	158
ominous	128
omission	125
omit	109
omnibus	148
omnipotence	140
omnipotent	114
omnipresent	109
omniscience	131
omniscient	135
omnivorous	115
on	40
onboard	88
once	50
oncologist	148
oncology	157
oncoming	104
one	32
oneness	114
onerous	139
onetime	85
ongoing	84
onion	60
onlooker	89
only	50
onrushing	134
onscreen	108
onset	107
onshore	93
onside	97
onslaught	123
onstage	69
ontological	152
ontology	166
onus	159
onyx	133
oodles	82
oolong	168
oomph	93
ooze	74
oozy	93
op	124
opacity	123
opal	93
opaque	140
open	50
opener	72
openhanded	96
opening	63
openness	87
operable	130
operate	71
operatic	122
operation	78
operational	108
operative	97
operator	80
operculum	158
operetta	160
ophthalmic	168
ophthalmologist	114
ophthalmology	124
opiate	144
opine	137
opinion	84
opinionated	109
opium	124
opossum	88
opponent	86
opportune	108
opportunism	142
opportunist	136
opportunistic	122
opportunity	97
opposable	107
oppose	110
opposing	81
opposite	51
opposition	116
oppress	124
oppressed	112
oppression	122
oppressive	124
oppressiveness	128
oppressor	130
opprobrious	110
ops	138
opt	126
optic	110
optical	107
optician	112
optics	126
optimal	137
optimism	122
optimist	109
optimistic	114
optimization	124
optimize	114
optimum	114
option	88
optional	88
optometrist	86
optometry	137
opulence	117
opulent	147
opus	138
or	41
oracle	118
oral	94
orange	33
orangery	123
orangey	71
orangutan	78
orate	136
oration	136
orator	130
oratorio	151
oratory	146
orb	112
orbit	80
orbital	126
orbiter	94
orchard	77
orchestra	94
orchestral	111
orchestrate	110
orchestration	119
orchid	98
orchidaceous	172
ordain	114
ordeal	101
order	63
orderliness	104
orderly	83
ordinance	132
ordinariness	121
ordinary	86
ordinate	128
ordination	139
ordnance	140
ordure	162
ore	111
oregano	109
organ	87
organdy	132
organic	137
organism	106
organismic	141
organist	77
organization	92
organizational	113
organize	63
organizer	96
orgasm	140
orgasmic	157
orgiastic	150
orgy	140
oriel	122
oriental	84
orientate	142
orientation	118
orifice	114
origami	92
origin	102
original	77
originality	96
originally	85
originate	97
origination	114
originator	126
oriole	100
ormolu	148
ornament	61
ornamental	97
ornamentation	111
ornate	102
orneriness	120
ornery	103
ornithological	168
ornithologist	149
ornithology	153
orotund	150
orphan	69
orphanage	89
orphaned	79
orphic	148
ort	154
orthoclase	184
orthodontic	117
orthodontics	108
orthodontist	103
orthodox	132
orthodoxy	148
orthographic	147
orthography	144
orthopedic	124
orthopedics	114
orthopedist	144
orthotic	142
oscillate	141
oscillating	126
oscillation	146
oscillator	135
oscilloscope	158
osculation	166
osier	140
osmium	164
osmosis	125
osmotic	141
osprey	151
osseous	152
ossification	152
ossified	162
ossuary	182
ostensible	160
ostentation	147
ostentatious	142
osteopath	161
osteoporosis	143
ostracism	147
ostrich	64
other	53
otherness	91
otherwise	83
otherworld	103
otherworldly	110
otter	55
ottoman	109
ought	96
ounce	88
our	43
ours	46
ourselves	81
oust	127
ouster	131
out	33
outage	91
outback	99
outbid	124
outboard	111
outbound	100
outbox	138
outbreak	105
outbuilding	106
outburst	112
outcast	88
outclass	97
outcome	95
outcry	101
outdated	99
outdistance	126
outdo	101
outdoor	46
outdoors	47
outdoorsman	91
outdoorsy	108
outdraw	104
outer	73
outermost	115
outerwear	90
outfield	74
outfielder	81
outfight	115
outfit	70
outfitter	142
outflank	131
outflow	118
outfox	109
outgo	118
outgoing	81
outgrow	69
outgrowth	115
outguess	98
outgun	108
outhouse	79
outing	80
outlander	118
outlandish	120
outlast	101
outlaw	63
outlawry	134
outlay	151
outlet	83
outline	87
outlive	84
outlook	106
outlying	114
outmaneuver	123
outmode	139
outmoded	158
outnumber	83
outnumbered	96
outpatient	118
outperform	127
outplacement	132
outplay	105
outpost	115
outpour	122
outpouring	107
output	107
outrace	105
outrage	99
outraged	92
outrageous	90
outrageousness	101
outrange	109
outrank	106
outreach	126
outride	120
outrigger	114
outrun	84
outsell	110
outset	118
outshine	107
outshoot	113
outside	36
outsider	94
outsize	129
outsized	109
outskirts	106
outsmart	92
outsource	135
outspend	105
outspoken	115
outspokenness	106
outstanding	72
outstare	98
outstay	118
outstretched	104
outstrip	124
outtake	110
outtakes	140
outtalk	115
outthink	118
outturn	124
outwear	86
outweigh	107
outwit	105
outwork	118
outworn	114
ouzo	133
oval	60
ovarian	144
ovary	123
ovation	112
oven	57
over	56
overabundance	105
overachieve	98
overachiever	116
overact	104
overactive	116
overage	123
overall	83
overambitious	125
overanalyze	147
overanxious	129
overarm	110
overawe	118
overbearing	110
overbid	98
overbill	142
overbite	80
overblown	94
overboard	88
overburden	119
overcall	105
overcast	90
overcharge	101
overcoat	90
overcome	80
overcompensate	147
overcompensation	128
overconfidence	105
overconfident	115
overcook	90
overcrowd	84
overcrowded	91
overdo	92
overdose	117
overdraft	150
overdramatic	114
overdramatize	121
overdrawn	137
overdress	97
overdrive	114
overdub	128
overdue	78
overeager	102
overeat	77
overeater	85
overeducated	128
overemotional	110
overemphasis	110
overenthusiastic	120
overestimate	125
overestimation	112
overexcite	112
overexcitement	91
overexpose	122
overexposed	118
overexposure	117
overextend	116
overextension	132
overfeed	90
overfill	78
overflow	64
overgrown	87
overhand	88
overhang	106
overhanging	91
overhaul	113
overhead	91
overheads	102
overhear	84
overheat	87
overheated	78
overindulge	114
overindulgence	131
overindulgent	131
overinflated	98
overjoyed	97
overkill	88
overland	107
overlap	90
overlapping	103
overlay	122
overload	95
overlong	109
overlook	97
overlord	126
overmatch	114
overnight	51
overnighter	92
overpass	90
overpay	97
overpayment	131
overplay	106
overpopulate	133
overpopulation	133
overpower	79
overpressure	116
overprice	102
overpriced	91
overproduce	117
overproduction	125
overprotect	90
overprotective	95
overqualified	125
overrate	112
overrated	100
overreach	107
overreact	99
overreaction	106
overrepresentation	135
override	125
overriding	124
overrule	84
overrun	94
oversea	78
oversee	110
overseer	117
oversell	128
oversensitive	102
oversexed	150
overshadow	94
overshoe	125
overshoot	109
oversight	113
oversimplification	122
oversimplify	114
oversized	99
oversleep	90
overspecialized	142
overspend	106
overspread	96
overstaffed	135
overstate	128
overstatement	112
overstay	103
overstep	118
overstimulation	116
overstock	125
overstress	136
overstuff	101
overt	146
overtake	94
overtax	112
overthrow	107
overtime	94
overtone	141
overtrain	135
overture	115
overturn	86
overuse	92
overview	108
overwater	96
overweening	128
overweight	86
overwhelm	92
overwhelming	99
overwork	108
overworked	97
overwrite	114
overwrought	149
overzealous	110
overzealousness	142
ovoid	127
ovulate	133
ovulation	116
ovum	123
owe	86
owl	62
owlet	114
own	52
owner	75
ownership	94
ox	47
oxalate	152
oxblood	124
oxbow	112
oxcart	100
oxidation	132
oxide	145
oxidization	140
oxidized	132
oxidizer	148
oxlips	115
oxtail	123
oxyacetylene	172
oxygen	86
oxygenate	123
oxygenating	140
oxygenation	129
oxymoron	142
oyster	80
ozone	128
pa	46
pabulum	162
pace	82
pacemaker	124
pacer	121
pachinko	172
pachyderm	114
pacification	125
pacifier	46
pacifism	134
pacifist	128
pacifistic	145
pacify	104
pack	66
packable	96
package	66
packaging	89
packer	100
packet	89
packhorse	131
packinghouse	146
packsaddle	131
pact	94
pad	88
padded	68
padding	84
paddle	66
paddleball	82
paddler	83
paddock	124
paddy	117
padlock	88
padre	114
paean	142
paella	144
pagan	130
paganism	146
page	52
pageant	100
pageantry	105
pageboy	129
pager	101
paginate	163
pagination	155
paging	114
pagoda	124
pail	62
pain	43
pained	89
painful	64
painkiller	116
painless	89
pains	65
painstaking	112
paint	44
paintball	125
paintbox	64
paintbrush	62
painter	56
painterly	147
painting	53
paintwork	103
pair	59
paisley	113
pajama	43
pajamas	35
pal	57
palace	69
palanquin	148
palatable	127
palate	117
palatial	135
palatinate	168
palaver	147
palazzo	155
pale	70
paleface	113
paleness	100
paleography	146
paleontologist	125
paleontology	128
palette	105
palfrey	138
palimony	156
palindrome	130
palinode	175
pall	123
palladium	140
pallbearer	96
pallet	120
palliation	176
palliative	171
pallid	145
pallor	132
palm	60
palmate	135
palmetto	128
palmistry	146
palmtop	111
palmtree	74
palmy	141
palomino	139
palooka	136
palpate	150
palpation	153
palpitate	145
palpitation	140
palsy	142
palter	147
paltry	98
pampas	134
pamper	93
pamphlet	95
pan	47
panacea	165
panache	129
panatela	150
pancake	43
panchromatic	165
pancreas	128
pancreatic	135
pancreatitis	161
panda	57
pandemic	123
pandemonium	142
pander	135
pandowdy	138
pane	98
panegyric	169
panel	91
paneling	82
panelist	114
panfry	106
pang	105
panhandle	118
panhandler	131
panic	84
panicky	93
panicle	140
panjandrum	155
panoply	160
panorama	139
panoramic	124
panpipe	123
pansexual	160
pansy	83
pant	59
pantheistic	137
pantheon	118
panther	67
panties	58
pantograph	151
pantomime	93
pantry	82
pants	32
pantsuit	94
panty	63
pantyhose	61
pantywaist	105
panzer	142
pap	130
papa	30
papacy	134
papal	120
paparazzo	145
papaw	104
papaya	108
paper	40
paperback	79
paperboy	76
paperclip	64
paperhanger	107
paperless	109
papermaking	83
paperweight	67
paperwork	75
papery	104
papilla	143
papillary	166
papist	139
papoose	108
paprika	96
papyrus	109
par	102
para	130
parable	112
parabolic	145
parachute	70
parachutist	111
parade	65
paradigm	166
paradigmatic	156
paradise	87
paradisiacal	149
paradox	138
paradoxical	138
paraffin	137
paragliding	116
paragon	145
paragraph	70
parakeet	65
paraldehyde	160
paralegal	151
parallel	100
parallelism	114
parallelogram	110
paralysis	104
paralytic	164
paralyze	97
paramecium	143
paramedic	99
paramedical	122
paramedics	87
parameter	110
parameterization	177
paramilitary	132
paramour	149
paranoia	128
paranoiac	155
paranoid	123
paranormal	127
parapet	124
paraphernalia	133
paraphrase	132
paraplegia	134
paraplegic	135
parapsychologist	169
parapsychology	163
parasite	99
parasitic	118
parasitism	144
parasol	122
parathyroid	155
paratroop	110
paratrooper	134
paratroops	118
paratyphoid	151
parboil	142
parcel	107
parch	118
parched	92
parchment	105
pard	150
pardon	78
pardonable	114
pardoner	123
pare	113
paregoric	190
parent	42
parentage	128
parental	103
parenthesis	94
parenthetic	152
parenthood	85
parenting	97
parentless	96
paresis	153
parfait	108
pariah	149
parietal	166
paring	100
parish	108
parishioner	116
parity	143
park	45
parka	103
parking	59
parkland	96
parlance	128
parlay	136
parliament	120
parliamentarian	141
parliamentary	124
parlor	89
parlous	132
parmesan	82
parochial	131
parody	127
parole	115
parolee	135
paronomasia	166
parotid	168
paroxysm	157
paroxysmal	170
parquet	141
parquetry	178
parricide	137
parrot	56
parrotfish	136
parry	111
parse	128
parsec	180
parser	142
parsimonious	147
parsley	90
parsnip	108
parsonage	130
part	51
partake	109
partaker	112
partial	97
partiality	112
partible	124
participant	84
participate	70
participation	76
participatory	128
participle	121
particle	103
particleboard	135
particular	80
particulars	117
particulate	142
parting	79
partisan	140
partition	142
partner	58
partnership	99
partridge	80
partway	89
party	46
pasha	162
pass	54
passable	98
passage	81
passageway	86
passbook	146
passe	129
passel	127
passenger	66
passer	115
passerby	98
passerine	120
passion	108
passionate	113
passionless	112
passive	89
passivism	138
passivity	134
passkey	131
passport	122
password	88
past	68
pasta	58
paste	48
pasteboard	96
pastel	100
pastern	124
pastiche	147
pasties	106
pastille	140
pastime	115
pastor	68
pastoral	114
pastrami	84
pastry	72
pasture	63
pastureland	91
pasty	112
pat	51
patch	73
patchouli	166
patchwork	86
patchy	92
pate	134
patella	142
patellar	149
paten	130
patent	124
patentable	146
patented	115
paterfamilias	170
paternal	113
paternity	131
path	61
pathetic	92
pathfinder	122
pathless	118
pathogen	134
pathogenic	162
pathologic	134
pathological	128
pathologist	146
pathology	140
pathos	131
pathway	65
patience	77
patient	70
patina	159
patio	80
patisserie	141
patois	153
patriarch	125
patriarchal	128
patriarchy	124
patrician	161
patricidal	152
patricide	140
patrimony	153
patriot	101
patriotic	84
patriotism	90
patrol	86
patrolman	95
patron	126
patronage	130
patroness	123
patronize	110
patronizing	126
patronymic	145
patroon	135
patter	92
pattern	69
patterned	88
paucity	156
paunch	126
paunchy	141
pauper	94
pauperization	158
pause	68
pave	84
pavement	63
paver	105
pavilion	106
paw	59
pawn	91
pawnbroker	142
pawnshop	101
pawpaw	82
pay	55
payable	86
payback	67
paycheck	88
payday	94
payer	103
payload	133
paymaster	129
payment	87
payoff	105
payola	136
payout	121
payphone	71
payroll	128
pea	40
peace	63
peaceable	93
peaceful	72
peacefulness	76
peacekeeper	91
peacekeeping	87
peacemaker	96
peacemaking	98
peacenik	146
peacetime	102
peach	42
peachy	76
peacock	58
peahen	123
peak	71
peaky	83
peal	71
peanut	50
peanuts	47
pear	40
pearl	63
pearly	85
peasant	86
peasantry	122
pease	118
peashooter	98
peat	129
peaty	131
pebble	57
pecan	68
peccadillo	144
peccary	127
peck	79
pecker	90
peckerwood	100
pecorino	152
pectoral	129
peculiar	120
peculiarity	124
pecuniary	135
pedagogue	173
pedal	65
pedant	145
pedantic	135
peddle	73
peddler	84
pederast	172
pederasty	200
pedestal	108
pedestrian	98
pediatrics	107
pedicab	140
pedicure	114
pedicurist	148
pedigree	117
pedigreed	127
pediment	137
pedometer	141
pedophile	134
pedophilia	149
peduncle	160
pee	39
peek	58
peekaboo	36
peel	60
peeler	80
peelings	64
peen	148
peep	82
peeper	83
peephole	94
peepshow	132
peer	102
peerless	137
peeve	119
peeved	108
peevish	155
peg	68
pegboard	83
peignoir	161
pejorative	134
pekoe	141
pelage	180
pelargonium	185
pelf	180
pelican	82
pellagra	151
pellet	102
peloton	142
pelt	108
pelvic	109
pelvis	100
pen	51
penal	128
penalize	110
penalty	89
penance	125
penchant	155
pencil	41
pencilsharpener	53
pendant	103
pending	118
pendulous	132
pendulum	118
penetrate	108
penetration	110
penetrative	131
penetrator	143
penguin	57
penholder	100
penicillin	96
penile	138
peninsula	90
penis	85
penitence	123
penitent	136
penitential	132
penitentiary	112
penknife	116
penlight	110
penmanship	92
pennant	115
penniless	108
penny	47
pennyroyal	146
pennyweight	114
penologist	166
penology	159
pension	133
pensioner	144
pensive	136
pent	120
pentacle	141
pentagram	109
pentameter	136
pentangle	118
pentathlon	133
penthouse	131
pentobarbital	170
pentothal	170
penultimate	159
penurious	143
peon	112
peony	123
people	35
pep	88
peplum	155
pepper	55
pepperbox	121
peppercorn	114
peppermint	57
pepperoni	62
peppery	86
peppy	90
pepsin	131
peptic	155
peptide	155
per	87
peradventure	112
perambulate	148
perambulator	148
percale	156
perceive	104
percent	82
percentage	103
percentile	129
percept	126
perceptible	121
perception	115
perceptive	118
perceptiveness	127
perceptual	137
perch	92
perchance	131
percipient	160
percolate	130
percolator	102
percussion	105
percussionist	95
percussive	114
perdition	157
peregrine	133
peremptory	168
perennial	143
perestroika	147
perfect	58
perfectible	121
perfection	98
perfectionism	116
perfectionist	116
perfective	130
perfectly	62
perfecto	115
perfidious	153
perfidy	138
perforate	130
perforation	114
perforator	118
perform	84
performance	77
performer	65
perfume	71
perfumed	88
perfumer	105
perfumery	126
perfunctory	163
perfuse	124
perfusion	147
perhaps	76
pericardial	168
pericardium	150
perigee	144
peril	125
perilous	123
perimeter	96
perineum	172
period	68
periodic	127
periodical	112
periodontal	141
peripatetic	165
peripheral	137
periphery	128
periphrasis	143
periscope	102
perish	110
perishable	117
peristalsis	144
peristaltic	168
peritoneal	169
peritoneum	147
peritonitis	181
periwig	163
periwinkle	104
perjure	144
perjurer	139
perjury	128
perk	96
perkiness	104
perky	90
perm	90
permafrost	146
permanence	122
permanency	120
permanent	78
permanganate	161
permeability	139
permeable	129
permeate	144
permissible	109
permission	61
permissive	112
permissiveness	125
permit	95
permittivity	154
permutation	144
permute	159
pernicious	149
peroxide	98
perpendicular	113
perpetrate	123
perpetration	140
perpetrator	129
perpetual	138
perpetuate	133
perpetuation	141
perpetuity	132
perplex	120
perplexing	124
persecute	101
persecution	118
persecutor	120
persecutory	147
perseverance	110
perseverate	137
persevere	110
persiflage	175
persimmon	153
persist	95
persistence	103
persistency	112
persistent	109
persnickety	130
person	47
persona	113
personable	117
personage	131
personal	80
personality	87
personalize	102
personally	84
personhood	135
personification	137
personify	127
personnel	113
perspective	108
perspicacious	152
perspicacity	163
perspicuity	157
perspicuous	139
perspiration	103
perspire	123
persuade	108
persuader	119
persuasion	109
persuasive	117
persuasiveness	121
pert	104
pertain	110
pertinacious	166
pertinence	121
pertinent	139
perturb	111
perturbation	142
perusal	128
peruse	129
pervade	129
pervasive	148
perverse	131
perverseness	141
perversion	131
perversity	144
pervert	98
perverted	121
peseta	161
pesky	97
peso	119
pessimism	124
pessimist	125
pessimistic	116
pest	74
pester	74
pesthole	118
pesticide	116
pestiferous	168
pestilence	131
pestilent	130
pestilential	135
pestle	130
pesto	138
pet	40
petal	63
petard	152
petite	94
petition	111
petitioner	132
petrifaction	141
petrified	90
petrify	100
petrochemical	150
petrol	123
petrolatum	110
petroleum	111
petrology	139
petticoat	110
pettifogging	158
pettiness	127
pettish	150
petty	102
petulance	137
petulant	132
petunia	89
pew	86
pewter	132
peyote	161
pfennig	148
phaeton	116
phage	156
phalange	153
phalanx	140
phallic	151
phallus	142
phantasmagoria	175
phantom	84
pharaoh	83
pharisaic	156
pharisaical	140
pharmaceutical	134
pharmaceutics	139
pharmacist	88
pharmacological	141
pharmacology	148
pharmacopoeia	160
pharmacotherapy	161
pharmacy	88
pharos	139
pharyngeal	175
phase	94
pheasant	97
phenobarbital	179
phenol	153
phenolphthalein	147
phenomenal	105
phenomenological	152
phenomenon	119
phenotype	133
phenyl	140
pheromone	148
phi	134
phial	154
philander	142
philanderer	170
philanthropic	136
philanthropist	141
philanthropy	141
philately	182
philharmonic	147
philistine	122
philodendron	128
philologist	145
philology	155
philosopher	116
philosophic	141
philosophical	123
philosophize	138
philosophizer	136
philosophy	132
phish	154
phlebitis	171
phlebotomy	141
phlegm	113
phloem	136
phlox	146
pho	154
phobia	98
phobic	118
phone	41
phonetic	99
phonetics	109
phoney	88
phonics	88
phoniness	116
phonograph	92
phonographic	116
phony	76
phooey	78
phosgene	182
phosphate	134
phosphatic	148
phosphor	147
phosphorescence	141
phosphorescent	121
phosphoric	149
phosphorous	112
phosphorus	137
photo	52
photochemical	140
photocopier	102
photocopy	110
photodynamic	148
photoelectric	129
photoelectron	147
photogenic	116
photograph	67
photographer	77
photographic	85
photography	78
photojournalism	136
photojournalist	126
photomontage	134
photomultiplier	159
photon	126
photoperiodic	160
photophobia	148
photoplay	136
photosensitive	127
photosynthesis	107
photosynthesize	114
phototropism	146
photovoltaic	159
phrase	84
phrasebook	119
phrasemaker	124
phraseology	163
phrasing	116
phrenologist	165
phrenology	168
phylum	132
physic	116
physical	82
physicality	138
physician	87
physicist	129
physics	117
physiognomic	162
physiologic	152
physiological	123
physiologist	153
physiology	134
physiotherapy	174
physique	119
pi	119
pianissimo	106
pianist	79
piano	55
pianoforte	124
piaster	150
piazza	131
pica	162
picador	171
picaroon	156
picayune	158
piccalilli	161
pice	140
pick	53
pickaninny	108
pickax	98
picker	80
picket	108
pickle	60
pickled	93
picklock	117
pickoff	96
pickpocket	94
pickup	70
picky	57
picnic	55
picnicker	84
picot	153
pictogram	118
pictograph	129
pictographic	127
pictorial	129
picture	40
pictures	51
picturesque	131
piddle	83
piddling	112
pidgin	96
pie	37
piece	49
piecework	123
pied	119
pier	96
pierce	81
piercer	119
piety	126
piffle	134
pig	38
pigboat	95
pigeon	62
pigeonhole	112
piggery	113
piggy	47
piggyback	50
piggybank	55
pigheaded	90
piglet	57
pigment	111
pigmentation	124
pigmy	145
pigpen	60
pigskin	84
pigsty	82
pigswill	125
pigtail	59
pigtailed	63
pike	121
piker	123
pikestaff	139
pilaf	122
pilchard	150
pile	58
pileup	88
pilfer	112
pilferage	148
pilferer	150
pilgrim	63
pilgrimage	105
pill	61
pillage	114
pillar	83
pillbox	93
pillion	150
pillory	158
pillow	35
pillowcase	52
pilot	63
pilothouse	113
pilotless	111
pimiento	109
pimp	128
pimple	96
pimpled	96
pimply	114
pin	45
pinafore	139
pinball	70
pincer	108
pinch	55
pinchpenny	114
pincushion	86
pine	55
pineal	159
pineapple	62
pinecone	46
piney	117
pinfeather	120
ping	88
pinhead	104
pinheaded	107
pinhole	87
pinion	147
pink	38
pinkeye	87
pinkie	32
pinkish	81
pinnacle	127
pinnate	163
pinochle	125
pinot	156
pinpoint	97
pinprick	89
pinscher	118
pinstripe	99
pint	84
pinto	90
pintsize	76
pinup	109
pinwheel	76
pioneer	76
pious	128
pip	107
pipe	82
pipeline	101
piper	79
pipette	137
piping	100
pipkin	166
pipsqueak	69
piquancy	132
piquant	150
pique	126
piquet	166
piracy	106
piranha	87
pirate	65
piratical	123
pirouette	108
piscatorial	152
piscine	172
pismire	164
piss	76
pisser	118
pistachio	87
pistil	103
pistillate	143
pistol	73
piston	104
pit	61
pita	120
pitch	64
pitchblende	167
pitcher	64
pitchfork	69
pitchman	117
piteous	130
pitfall	126
pith	129
pithecanthropus	176
pithy	131
pitiable	132
pitiful	88
pitiless	115
pitman	110
piton	130
pittance	120
pitter	112
pituitary	131
pity	87
pivot	108
pivotal	120
pix	125
pixel	137
pixie	77
pizza	47
pizzazz	123
pizzeria	95
pizzicato	142
placard	123
placate	136
place	50
placebo	119
placeholder	106
placekicker	108
placement	93
placenta	121
placental	153
placer	106
placid	131
placket	132
plagiarism	113
plagiarist	131
plagiarize	122
plague	93
plaice	140
plaid	86
plain	74
plainclothes	98
plainclothesman	131
plainness	98
plaint	120
plaintiff	123
plaintive	135
plait	130
plan	68
plane	50
planeload	99
planer	91
planet	67
planetarium	96
planetary	103
planetoid	134
plank	78
plankton	112
planner	90
plant	40
plantain	128
plantar	143
plantation	97
planter	77
plaque	74
plasm	132
plasma	130
plasmid	146
plaster	92
plasterer	112
plastic	51
plasticity	120
plasticizer	168
plat	145
plate	38
plateau	97
plateful	81
platelet	125
platen	170
platform	78
plating	117
platinum	123
platitude	129
platonic	131
platoon	123
platter	87
platypus	77
plausibility	113
plausible	128
play	41
playa	142
playable	74
playact	108
playback	85
playbook	106
playboy	122
player	69
playful	62
playfulness	78
playgirl	132
playground	43
playhouse	52
playlist	144
playmaker	117
playmate	52
playoff	90
playpen	44
playroom	61
playsuit	86
plaything	82
playtime	42
playwright	104
playwriting	107
plaza	98
plea	84
plead	102
pleader	111
pleasant	77
pleasantness	84
pleasantry	119
please	35
pleased	83
pleaser	93
pleasing	73
pleasurable	106
pleasure	82
pleat	120
pleated	97
plebe	150
plebeian	137
plebiscite	169
plebs	156
pledge	72
plenary	156
plenipotentiary	162
plenitude	129
plenteous	154
plentiful	84
plenty	58
plenum	176
plesiosaur	101
plethora	129
pleura	139
pleural	107
pleurisy	142
plexus	169
pliability	121
pliable	109
pliers	70
plight	120
plink	94
plod	102
plodder	99
plop	72
plosive	134
plot	86
plotter	110
plow	71
plowboy	129
ploy	125
pluck	98
plucky	111
plug	60
plum	55
plumage	129
plumb	98
plumber	86
plumbing	83
plume	112
plummet	128
plump	82
plumper	89
plumy	121
plunder	125
plunge	86
plunger	96
plunk	91
pluperfect	152
plural	74
pluralism	138
pluralist	159
pluralistic	146
plurality	143
pluralization	105
plus	64
plush	96
plushy	94
plutocracy	149
plutocrat	125
plutocratic	161
plutonian	161
plutonic	127
plutonium	137
pluvial	163
ply	120
plywood	94
pneumatic	145
pneumatics	149
pneumonia	96
pneumonic	127
poach	101
poacher	101
pock	120
pocket	47
pocketbook	94
pocketful	74
pocketknife	59
pockmark	129
pocus	101
pod	80
podcast	159
podgy	136
podiatric	142
podiatrist	155
podium	94
poem	69
poesy	122
poet	86
poetess	133
poetic	99
poetical	110
poetry	81
pogo	78
pogrom	143
poi	126
poignancy	131
poignant	130
poinsettia	89
point	46
pointer	77
pointier	102
pointillism	151
pointless	80
pointy	74
poise	113
poison	56
poisoner	95
poisoning	81
poisonous	49
poke	50
poker	91
poky	73
polar	82
polarity	134
polarization	156
polarize	124
pole	56
polecat	106
polemic	138
polestar	129
police	50
policeman	44
policewoman	64
policy	103
policyholder	140
polio	117
polish	81
polisher	109
politburo	151
polite	46
politeness	69
politic	108
political	98
politician	91
politicize	148
politick	137
politico	135
politics	94
polka	76
poll	116
pollen	79
pollinate	97
pollination	98
polling	102
polliwog	78
polloi	139
pollutant	108
pollute	86
polluter	82
pollution	86
pollywog	111
polo	100
polonaise	114
polonium	135
poltergeist	89
poltroon	140
poly	128
polycarbonate	156
polychromatic	151
polyclinic	146
polycyclic	154
polycystic	181
polyester	102
polyethylene	162
polygamist	143
polygamous	144
polygamy	130
polygenic	142
polyglot	169
polygonal	123
polygraph	133
polygraphist	144
polymer	155
polymerization	149
polymorph	150
polymorphic	156
polymorphous	150
polynomial	130
polyp	160
polyphonic	158
polystyrene	156
polysyllabic	144
polytechnic	155
polytheism	124
polytheist	145
polythene	173
polyunsaturated	146
polyurethane	136
polyvinyl	148
pomade	145
pomegranate	112
pomp	124
pompom	85
pompon	89
pomposity	153
pompous	127
poncho	88
pond	52
ponder	114
ponderous	128
pone	142
pong	87
poniard	140
pontiff	131
pontificate	149
pontoon	116
pony	54
ponytail	58
pooch	77
poodle	65
poof	57
pool	52
poolroom	92
poolside	83
pooltable	76
poop	40
poor	61
poorhouse	106
poorly	81
pop	45
popcorn	42
pope	88
popery	134
popeyed	73
popgun	88
popinjay	117
poplar	103
poplin	127
popover	84
popper	96
poppet	123
poppy	104
poppycock	106
popsicle	38
populace	124
popular	66
popularity	91
popularize	109
populate	98
population	81
populist	141
populous	126
porcelain	91
porch	54
porcine	151
porcupine	69
pore	99
pork	56
porker	108
porkpie	114
porky	105
porn	116
porno	129
pornographer	148
pornographic	122
pornography	127
porosity	118
porous	105
porphyry	146
porpoise	89
porridge	64
porringer	172
port	93
portability	122
portable	80
portage	128
portal	110
portative	118
portcullis	140
portend	147
portent	134
portentous	157
porter	101
porterhouse	146
portfolio	138
porthole	101
portico	130
portiere	177
portion	84
portly	111
portmanteau	178
portrait	76
portraitist	131
portraiture	126
portray	110
portrayal	105
portrayer	117
portside	119
posada	145
pose	79
poser	132
poseur	149
posh	119
posit	148
position	87
positional	104
positioning	101
positive	81
positivity	116
positron	152
posse	106
possess	120
possession	100
possessive	96
possessiveness	113
possessor	127
possessory	123
possibility	85
possible	73
possum	66
post	81
postage	83
postal	82
postbox	66
postcard	67
postdate	141
postdoctoral	149
poster	81
posterior	150
posterity	135
postgraduate	146
posthaste	129
posthole	93
posthumous	149
posthypnotic	151
postlude	136
postman	52
postmark	114
postmaster	113
postmeridian	132
postmistress	132
postmodern	144
postmodernism	147
postmodernist	172
postmortem	122
postnasal	148
postnatal	128
postoperative	141
postpaid	142
postpartum	159
postpone	104
postponement	117
postprandial	170
postscript	129
posttraumatic	163
postulant	143
postulate	138
postural	136
posture	89
postwar	113
posy	86
pot	60
potable	147
potage	134
potash	146
potassium	119
potato	48
potbellied	106
potboiler	129
potency	129
potent	114
potentate	145
potential	96
potentiality	130
potentiate	135
pothead	122
pothole	84
potholing	127
pothouse	134
potion	76
potlatch	119
potluck	78
potpie	81
potpourri	102
potshot	127
pottage	139
potted	84
potter	84
pottery	78
pouch	66
poultice	139
poultry	84
pounce	91
pound	68
poundage	105
pounder	108
pounding	91
pour	50
pourer	76
pout	70
pouter	118
pouty	73
poverty	97
powder	51
powdered	71
powderpuff	106
powdery	84
power	75
powerboat	85
powerful	64
powerhouse	90
powerless	97
powerlessness	103
powerstrip	120
powwow	91
pox	86
practical	100
practicality	109
practice	62
practitioner	136
praetor	166
praetorian	151
pragmatic	158
pragmatism	156
pragmatist	159
prairie	65
praise	80
praiseworthy	97
praline	108
pram	99
prance	90
prances	96
prank	84
prankster	86
praseodymium	170
prate	144
prater	148
pratfall	135
prattle	122
prattler	138
prawn	131
pray	58
prayer	52
prayerful	71
preach	73
preacher	61
preachment	139
preachy	106
preadolescence	132
preadolescent	124
preamble	119
prearrange	132
prearranged	105
prearrangement	131
preassigned	116
preborn	106
precancerous	147
precarious	145
precaution	110
precautionary	113
precautious	121
precede	104
precedence	125
precedent	105
precept	137
preceptor	121
precinct	119
preciosity	156
precious	76
preciousness	105
precipice	119
precipitate	96
precipitating	111
precipitation	95
precipitous	145
precis	135
precise	97
precision	112
preclude	131
precocious	124
precocity	164
precognition	131
precognitive	154
preconceived	129
preconception	135
precondition	134
preconscious	155
precursor	124
predaceous	138
predate	134
predation	131
predator	84
predatory	116
predawn	98
predecease	145
predecessor	138
predestinate	135
predestination	132
predetermined	111
predicable	105
predicament	103
predicate	130
predication	123
predict	80
predictability	121
predictable	103
prediction	97
predictive	109
predictor	105
predigest	128
predilection	154
predispose	140
predisposition	128
prednisone	172
predominance	133
predominant	146
predominate	114
preemie	117
preeminence	131
preeminent	127
preempt	142
preemption	144
preemptive	136
preemptory	148
preen	132
preexisting	101
prefab	165
prefabricated	131
preface	97
prefect	119
prefectural	144
prefecture	125
prefer	70
preferable	90
preference	92
preferential	126
preferment	167
prefix	96
preflight	132
prefrontal	141
pregame	127
pregnable	135
pregnancy	92
pregnant	68
preheat	89
prehensile	171
prehistoric	80
prehistorical	111
prehistory	119
preindustrial	123
prejudge	108
prejudice	97
prejudiced	103
prejudicial	127
prelate	132
prelaunch	98
prelaw	132
prelim	140
preliminary	123
prelude	111
premarital	128
premature	115
prematurity	130
premed	118
premedical	124
premeditate	141
premeditation	120
premenstrual	126
premier	113
premiere	85
premise	125
premises	128
premium	100
premolar	123
premonition	105
premonitory	164
prenatal	139
prenuptial	157
preoccupation	114
preoccupied	98
preoccupy	120
preoperative	123
preorder	126
prep	92
prepackaged	97
prepaid	130
preparation	93
preparatory	116
prepare	77
preparedness	86
preparer	98
prepay	122
prepayment	124
preponderance	163
preposition	115
prepositional	127
preposterous	118
preppy	113
preproduction	149
preprogram	127
preprogrammed	142
prepubescent	137
prepuce	158
prequel	117
prerecord	127
prerecorded	102
prerequisite	128
prerogative	133
presage	159
preschool	40
prescience	129
prescient	129
prescribe	92
prescription	92
preseason	101
presence	92
present	48
presentable	97
presentation	95
presenter	89
presentiment	145
presentment	132
preservation	110
preservative	107
preserve	96
preserver	123
preset	82
preshow	105
preshrunk	98
preside	122
presidency	84
president	69
presidential	89
presidium	110
presoak	99
press	64
pressboard	114
pressroom	113
pressure	90
pressurization	148
pressurize	117
prestidigitation	143
prestidigitator	149
prestige	116
prestigious	122
presto	83
presume	127
presumption	143
presumptive	129
presumptuous	140
presumptuousness	143
presuppose	146
presupposition	153
pretax	155
preteen	93
pretend	46
pretender	85
pretense	118
pretension	111
pretentious	130
pretentiousness	131
preternatural	139
pretext	131
pretrial	149
prettiness	84
pretty	41
pretzel	50
prevail	103
prevailing	123
prevalence	107
prevalent	129
prevarication	162
prevent	86
preventable	97
preventative	107
preventer	103
prevention	85
preventive	105
preverbal	136
preview	74
previous	84
prewar	112
prewashed	100
prey	94
price	74
priceless	98
pricey	84
prick	88
prickly	63
pride	90
prideful	83
priest	71
priestess	124
priesthood	102
prig	118
priggish	171
prim	96
prima	133
primal	123
primarily	99
primary	89
primate	93
primatologist	154
prime	88
primer	112
primeval	142
primitive	93
primordial	149
primp	117
primrose	125
primus	121
prince	53
princedom	101
princely	94
princess	40
principal	56
principle	97
principled	137
principles	100
print	77
printer	76
printing	82
printout	116
prior	106
prioritize	132
priority	110
prism	98
prismatic	134
prison	75
prisoner	80
prissy	91
pristine	123
prithee	153
privacy	78
private	62
privateer	121
privation	142
privatization	136
privatize	136
privet	143
privilege	92
privileged	107
privy	121
prize	51
prized	84
prizefight	102
prizefighter	114
prizewinning	78
pro	84
proactive	132
probabilistic	147
probability	110
probable	116
probate	117
probation	116
probationary	134
probative	141
probe	99
probing	106
probity	142
problem	61
problematic	116
problematical	120
proboscis	113
procaine	130
procedural	111
procedure	97
proceed	83
proceedings	109
proceeds	104
process	107
processing	102
procession	118
processional	112
processor	126
proclaim	110
proclamation	111
proclivity	152
proconsul	155
procrastinate	109
procrastination	116
procrastinator	110
procreant	111
procreate	130
procreation	115
procreative	150
procreator	139
proctologist	154
proctology	168
procurator	141
procure	137
procurement	134
procurer	159
procuress	149
prod	112
prodigal	117
prodigious	126
prodigy	116
produce	78
producer	109
product	80
production	92
productive	94
productivity	118
proem	175
profanation	141
profane	128
profaner	132
profanity	106
profess	107
profession	96
professional	91
professionalism	123
professor	109
professorial	114
professorship	128
proffer	160
proficiency	122
proficient	121
profile	90
profiler	122
profit	86
profitability	117
profitable	112
profiteer	121
profiteering	155
profitless	134
profligate	157
profound	121
profundity	142
profuse	132
profusion	121
progenitor	153
progeny	151
progesterone	167
prognosis	141
prognostic	148
prognostication	135
prognosticator	162
program	82
programmatic	168
programmer	133
programming	106
progress	90
progression	110
progressive	111
prohibit	107
prohibition	120
prohibitive	127
project	90
projectile	102
projecting	112
projection	100
projectionist	126
projector	72
prolapse	143
prolapsed	130
prolegomenon	150
proletarian	156
proletariat	153
proliferation	145
prolific	124
prolix	140
prolixity	146
prologue	126
prolong	119
prolonged	114
prom	104
promenade	114
promethean	162
promethium	134
prominence	126
prominent	102
promiscuity	136
promiscuous	133
promise	57
promising	78
promissory	144
promo	128
promontory	142
promotable	136
promote	103
promoter	124
promotion	113
promotional	109
prompt	102
prompter	141
promptitude	156
promptly	99
promptness	109
promulgate	168
promulgation	118
prone	126
proneness	116
prong	108
pronoun	86
pronounce	84
pronouncement	105
pronto	96
pronunciation	84
proof	81
proofread	88
proofreader	98
prop	108
propaganda	121
propagandist	143
propagandize	154
propagate	139
propagation	130
propane	125
propel	101
propellant	129
propeller	70
propensity	156
proper	76
propertied	118
property	82
prophase	146
prophecy	126
prophesy	105
prophet	96
prophetess	123
prophetic	148
prophylactic	152
prophylaxis	154
propinquity	156
propitious	124
proponent	124
proportion	118
proportional	110
proportionality	135
proportionate	112
proposal	110
propose	90
proposition	118
propound	122
proprietary	142
proprietor	122
proprietress	132
propriety	152
propulsion	128
propylene	151
prorate	146
prosaic	144
proscenium	162
prosciutto	159
proscribe	148
prose	121
prosecute	95
prosecution	118
prosecutor	115
prosecutorial	137
proselyte	136
proselytize	169
proslavery	115
prospect	103
prospective	104
prospector	118
prospectus	182
prosper	101
prosperity	104
prosperous	130
prostate	150
prostatectomy	153
prostatic	117
prosthesis	132
prosthetic	114
prostitute	118
prostitution	128
prostrate	155
prostration	134
prosy	135
protagonist	134
protean	118
protease	144
protect	68
protection	83
protectionist	126
protective	80
protectiveness	103
protector	90
protectorate	137
protege	132
protegee	124
protein	104
protest	91
protestant	127
protestation	129
protester	111
protocol	138
proton	113
protoplasm	153
protoplasmic	140
prototype	126
prototypical	138
protracted	114
protraction	144
protractor	98
protrude	124
protrusion	124
protuberance	171
proud	54
provable	98
prove	78
provenance	145
provender	148
proverb	82
proverbial	138
provide	77
provident	159
providential	132
provider	96
province	101
provincial	127
provision	119
provisional	143
proviso	145
provocateur	149
provocation	124
provocative	122
provoke	84
provoker	102
provost	166
prow	126
prowess	130
prowl	95
prowler	101
proximal	140
proximate	130
proximity	123
proximo	157
proxy	149
prude	121
prudence	119
prudent	125
prudery	162
prudish	124
prune	78
pruning	110
prurient	136
prussic	160
pry	81
psalm	88
psalmist	111
psalmody	150
pseudo	138
pseudonym	133
pseudoscience	154
pseudoscientific	147
psi	149
psilocybin	150
psittacosis	176
psoriasis	160
psych	101
psyche	125
psychedelic	123
psychiatric	120
psychiatrist	126
psychiatry	116
psychic	115
psychical	109
psycho	82
psychoactive	151
psychoanalysis	144
psychoanalyst	154
psychoanalytic	155
psychoanalytical	163
psychoanalyze	156
psychobabble	145
psychobiological	149
psychodrama	157
psychodynamic	177
psychodynamics	155
psychokinetic	145
psycholinguistics	164
psychological	116
psychologist	118
psychology	117
psychometric	148
psychoneurosis	170
psychoneurotic	162
psychopath	132
psychopathic	119
psychopathological	150
psychopathology	160
psychophysics	148
psychophysiology	154
psychosexual	192
psychosis	161
psychosocial	154
psychosomatic	148
psychosurgery	158
psychotherapist	151
psychotherapy	144
psychotic	109
psychotropic	158
pterodactyl	103
ptomaine	142
pub	120
pubertal	160
puberty	112
pubes	110
pubescence	128
pubescent	140
pubic	105
pubis	115
public	85
publican	135
publication	109
publicist	136
publicity	109
publicize	114
publish	90
publisher	112
publishing	100
puce	151
puck	78
pucker	76
puckish	114
pudding	48
puddle	54
puddling	86
pudgy	84
pueblo	119
puerile	139
puerility	173
puff	64
puffball	79
puffer	109
puffery	117
puffin	92
puffiness	78
puffing	82
puffy	74
pug	92
pugilism	174
pugilist	149
pugilistic	149
pugnacious	146
pugnacity	152
puissance	160
puke	69
pukka	142
pulchritude	160
pulchritudinous	187
pull	48
pullback	106
puller	112
pullet	136
pulley	99
pullout	103
pullover	80
pulmonary	130
pulp	96
pulpit	110
pulpy	102
pulsar	139
pulsate	139
pulsation	130
pulse	102
pulverize	126
puma	90
pumice	122
pummel	124
pump	61
pumper	88
pumpkin	48
pun	112
punch	58
punchbowl	84
puncheon	182
puncher	76
punchingbag	79
punchy	132
punctilio	175
punctilious	145
punctual	108
punctuality	105
punctuate	83
punctuation	86
puncture	89
pundit	144
pungency	136
pungent	133
punish	67
punishable	92
punisher	83
punishment	55
punitive	131
punk	100
punster	129
punt	82
punter	97
puny	80
pup	51
pupa	112
pupate	133
pupil	81
puppet	50
puppeteer	82
puppetry	86
puppy	33
purblind	100
purchase	81
purchaser	102
pure	80
pureblood	99
purebred	114
puree	109
pureness	106
purgation	152
purgative	139
purgatorial	146
purgatory	116
purge	116
purification	109
purifier	102
purify	110
purist	121
puritan	133
puritanical	132
purity	99
purl	142
purlieu	170
purloin	137
purple	36
purplish	69
purport	164
purpose	84
purposeful	102
purposefulness	109
purposeless	116
purr	52
purse	55
purser	143
pursue	100
pursuer	107
pursuit	104
purulent	155
purveyor	134
purview	146
pus	78
push	43
pushbutton	85
pushcart	94
pushchair	100
pusher	90
pushiness	85
pushover	108
pushrod	141
pushup	75
pushy	77
pusillanimity	155
pusillanimous	152
puss	85
pussy	96
pussycat	58
pussyfoot	123
pustule	140
put	37
putative	152
putdown	95
putrefaction	141
putrefied	125
putrefy	121
putrescence	149
putrescent	149
putrid	131
putridity	148
putsch	158
putt	87
putter	93
putty	77
puzzle	51
puzzled	75
puzzlement	114
puzzler	101
pygmy	128
pyjamas	58
pylon	135
pyloric	166
pyorrhea	149
pyramid	76
pyramidal	135
pyre	141
pyrethrum	160
pyrite	122
pyromania	131
pyromaniac	130
pyrophosphate	147
pyrotechnic	129
pyrotechnics	146
pyrrhic	171
python	79
quack	53
quackery	109
quad	126
quadrangle	132
quadrangular	135
quadrant	128
quadratic	126
quadriceps	134
quadrille	138
quadrillion	114
quadrillionth	131
quadripartite	167
quadriplegia	154
quadriplegic	135
quadroon	144
quadruped	124
quadruple	112
quadruplet	112
quaff	137
quagmire	140
quail	97
quaint	126
quaintness	128
quake	82
qualification	110
qualifications	108
qualified	98
qualifier	129
qualify	100
qualitative	153
quality	88
qualm	127
quandary	128
quantifiable	147
quantify	140
quantitative	140
quantity	111
quantum	143
quarantine	128
quarantining	130
quarrel	83
quarrelsome	96
quarry	106
quart	75
quarter	58
quarterback	76
quarterdeck	138
quarterfinal	121
quarterly	112
quartermaster	133
quarters	63
quarterstaff	122
quartet	90
quartette	109
quarto	134
quartz	93
quasar	142
quash	121
quasi	133
quaternary	160
quatrain	139
quay	147
queasiness	109
queasy	114
queen	44
queer	111
quell	136
quench	104
quencher	112
quenelle	161
query	136
quesadilla	112
quest	104
questing	135
question	62
questionable	82
questioner	98
questionnaire	108
quetzal	134
queue	122
quibble	119
quiche	131
quick	59
quicken	86
quickie	128
quicklime	149
quickly	63
quickness	83
quicksand	96
quicksilver	121
quickstep	121
quid	113
quiet	42
quietness	75
quietude	151
quietus	143
quill	90
quilt	66
quilted	103
quilter	106
quin	125
quince	140
quinine	124
quinoa	172
quinsy	140
quint	125
quintal	142
quintessence	162
quintessential	156
quintet	104
quintillion	154
quintuple	106
quintuplicate	133
quip	128
quire	149
quirk	114
quirkiness	119
quirky	99
quisling	127
quit	53
quitclaim	157
quite	74
quitter	72
quiver	110
quivering	107
quivery	108
quixotic	136
quiz	70
quizmaster	90
quizzical	116
quondam	132
quorum	148
quota	126
quotable	112
quotation	94
quote	84
quoth	142
quotidian	138
quotient	106
rabbet	126
rabbi	89
rabbinic	120
rabbinical	132
rabbit	39
rabble	116
rabid	92
rabies	82
raccoon	68
race	60
racecourse	78
racehorse	67
raceme	180
racer	48
racetrack	90
raceway	81
racial	109
racialism	138
racialist	137
racism	96
racist	94
rack	63
racket	82
racketeer	144
racketeering	159
raconteur	178
racoon	61
racquetball	110
racy	113
radar	95
radial	113
radiance	96
radiant	97
radiate	125
radiation	114
radiator	85
radical	119
radicalism	144
radicalize	150
radicchio	177
radio	52
radioactive	121
radioactivity	121
radiocarbon	162
radiogram	158
radiograph	153
radioisotope	162
radiologic	114
radiological	132
radiologist	128
radiology	126
radioman	97
radiometer	138
radionuclide	167
radiotherapy	153
radish	52
radium	141
radius	99
radix	140
radon	157
raffia	140
raffish	145
raffle	92
raft	74
rafter	107
rafting	81
rag	52
raga	150
ragamuffin	81
rage	88
ragged	85
raggedy	61
ragging	124
raging	106
ragout	109
ragtag	95
ragtime	119
ragweed	111
ragwort	138
raid	95
raider	95
rail	79
railbird	122
railcar	78
railhead	122
railing	66
raillery	137
railroad	61
railroadtracks	71
railway	66
raiment	146
rain	36
rainbow	43
raincoat	55
raindrop	61
rainfall	54
rainforest	74
rainmaker	95
rainstorm	44
rainwater	62
rainy	40
raise	67
raiser	93
raisin	50
rake	53
rakish	146
rally	108
ram	83
ramble	106
rambler	114
rambling	108
rambunctious	97
ramjet	171
rammer	110
ramose	180
ramp	73
rampage	101
rampant	124
rampart	100
ramrod	105
ramshackle	120
ranch	74
rancher	97
ranchero	131
ranching	88
rancid	99
rancidity	142
rancorous	145
random	93
randomization	129
randomness	97
range	71
rangeland	129
ranger	87
rank	94
ranking	93
rankness	122
ransack	113
ransom	98
rant	92
rants	110
ranunculus	165
rap	91
rapacious	154
rapacity	167
rape	107
rapeseed	144
rapid	86
rapidity	128
rapier	141
rapine	159
rapist	120
rappel	134
rapper	107
rapport	132
rapprochement	163
rapscallion	162
rapt	147
raptor	112
rapture	116
rapturous	138
rare	74
rarebit	120
rarefied	142
rarely	95
raring	127
rarity	109
rascal	69
rascality	123
rash	58
rashness	123
rasp	126
raspberry	53
raspy	109
rat	51
ratatouille	161
ratchet	102
rate	88
ratfink	110
rather	69
ratification	131
ratify	124
rating	95
ratio	106
ratiocinate	144
ratiocination	145
ration	104
rational	101
rationale	122
rationalist	142
rationality	116
rationalization	122
rationalize	116
rationing	118
rattail	96
rattan	136
rattle	45
rattlebrained	116
rattler	71
rattlesnake	68
rattrap	75
ratty	94
raucous	144
raunchy	114
ravage	125
ravager	137
rave	123
raven	86
ravenous	124
ravine	106
ravioli	66
ravish	126
ravisher	141
ravishing	122
raw	72
rawhide	96
rawness	87
ray	67
rayon	131
raze	119
razor	71
razorback	124
razorblade	76
razz	114
razzle	113
reach	49
reachable	92
reacquaint	132
reacquainted	102
reacquire	134
reacquisition	141
react	67
reactant	136
reaction	83
reactionary	132
reactivate	114
reactivation	130
reactive	104
reactor	126
read	41
readable	81
readdress	108
reader	54
readership	106
readiness	97
readjust	105
readjustment	127
readmit	115
readout	111
ready	55
readymade	89
reaffirm	119
reaffirmation	133
reagent	140
real	50
realign	95
realignment	124
realism	135
realist	135
realistic	86
reality	100
realization	113
realize	82
reallocation	162
really	59
realm	108
realness	67
realtor	117
realty	114
ream	127
reamer	135
reanimate	121
reanimation	126
reap	98
reaper	114
reappear	86
reappearance	101
reapportionment	137
reappraisal	141
reappraise	128
rear	69
rearguard	132
rearm	125
rearmament	145
rearrange	81
rearrangement	94
rearward	112
reason	78
reasonable	83
reasonableness	116
reasoning	101
reassemble	90
reassert	117
reassess	128
reassessment	135
reassign	110
reassignment	104
reassume	114
reassurance	107
reassure	93
reattach	101
reattachment	101
reawaken	92
rebalance	111
rebar	120
rebate	122
rebel	100
rebellion	100
rebellious	103
rebelliousness	114
rebirth	100
rebook	124
reboot	136
reborn	104
rebound	94
rebounder	128
rebroadcast	102
rebuff	130
rebuild	90
rebuke	130
reburial	140
rebury	94
rebut	123
rebuttable	145
rebuttal	144
recalcitrance	159
recalcitrant	150
recalculate	115
recalibrate	141
recalibration	149
recall	114
recant	137
recap	98
recapitalize	136
recapitulate	167
recapitulation	143
recapture	104
recast	120
recede	116
receipt	85
receivable	103
receive	81
receiver	102
receivership	149
recency	143
recent	81
receptacle	102
reception	92
receptionist	100
receptive	123
receptivity	122
receptor	123
recertification	137
recess	63
recession	137
recessionary	153
recessive	131
recharge	86
recharger	108
recheck	98
rechristen	122
recidivism	158
recidivist	166
recipe	70
recipient	79
reciprocal	118
reciprocate	130
reciprocation	126
reciprocity	148
recirculation	122
recital	70
recitation	136
recite	82
reckless	91
recklessness	107
reckon	88
reckoning	129
reclaim	106
reclamation	134
recline	85
recliner	61
reclining	88
recluse	113
reclusive	131
recognition	95
recognizable	86
recognizance	137
recognize	89
recoil	107
recoilless	133
recollect	97
recollection	106
recombinant	161
recombination	125
recombine	131
recommence	136
recommend	91
recommendation	109
recommit	126
recompense	134
recompression	127
recon	139
reconcile	105
reconcilement	122
reconciliation	108
reconciliatory	149
recondition	117
reconfiguration	137
reconfigure	128
reconfirm	123
reconnaissance	128
reconnect	89
reconnection	98
reconnoiter	117
reconsider	97
reconsideration	120
reconstitute	141
reconstitution	132
reconstruct	106
reconstruction	120
reconstructive	107
reconvene	130
reconversion	132
reconvict	128
record	63
recordable	105
recorder	84
recording	70
recordplayer	64
recount	88
recoup	127
recourse	134
recover	76
recoverable	122
recovery	80
recreant	129
recreate	92
recreation	88
recreational	89
recriminate	149
recrimination	145
recruit	107
recruitment	105
rectal	131
rectangle	50
rectangular	54
rectification	148
rectify	159
rectitude	130
rector	132
rectory	143
rectum	98
rectus	132
recumbent	139
recuperate	117
recuperation	115
recuperative	143
recur	112
recurrence	118
recurrent	108
recurring	99
recursive	130
recyclable	91
recycle	106
recycled	83
recycling	105
red	37
redbird	79
redbone	129
redbreast	87
redcap	140
redcoat	98
redden	92
reddish	62
redecorate	97
redecoration	101
rededicate	119
rededication	154
redeem	93
redeemable	104
redeemer	112
redefine	102
redefinition	124
redemption	109
redeploy	132
redeployment	154
redesign	96
redevelop	121
redevelopment	131
redeye	104
redhead	58
redheaded	65
redial	94
redirect	110
rediscover	112
rediscovery	97
redistribute	110
redistribution	125
redistrict	143
redline	116
redneck	86
redness	62
redo	79
redouble	101
redoubt	126
redoubtable	156
redraft	125
redraw	109
redress	124
redskin	103
reduce	84
reducer	127
reducible	116
reduction	113
reductionist	141
reductive	134
redundancy	145
redundant	127
reed	88
reedit	119
reeducation	136
reef	97
reefer	138
reek	87
reel	91
reelect	106
reelection	112
reemerge	117
reemphasize	114
reenact	138
reenactment	105
reengage	124
reenlist	115
reenlistment	136
reenter	98
reentry	120
reestablish	103
reevaluate	107
reevaluation	122
reexamination	126
reexamine	110
ref	75
refection	116
refer	92
referable	123
referee	76
refereeing	71
reference	87
referendum	144
referent	126
referential	152
referral	108
refight	89
refill	74
refinance	160
refine	118
refined	98
refinement	111
refiner	130
refinery	111
refinish	102
refit	120
reflect	99
reflectance	135
reflection	55
reflective	110
reflectivity	133
reflector	86
reflex	82
reflexive	114
reflexivity	127
reflexology	151
reflux	156
refocus	112
reform	127
reformat	133
reformation	122
reformatory	131
reformer	143
reformist	136
reformulate	137
refract	121
refraction	118
refractive	121
refractor	138
refractory	138
refrain	105
reframe	103
refreeze	99
refresh	108
refresher	100
refreshing	75
refreshment	72
refried	86
refrigerant	136
refrigerate	57
refrigeration	74
refrigerator	41
refuel	102
refuge	110
refugee	106
refund	95
refundable	112
refurbish	127
refurbishment	131
refurnish	117
refusal	84
refuse	93
refutation	143
refute	141
regain	106
regal	96
regale	126
regalia	141
regard	102
regards	96
regatta	134
regency	124
regenerate	104
regeneration	117
regenerative	142
regenerator	134
regent	160
reggae	116
regime	130
regimen	108
regiment	123
regimental	129
regimentation	129
regimented	134
region	91
regional	110
regionalism	134
register	86
registrar	151
registration	106
registry	130
regress	132
regression	140
regressive	148
regret	96
regretful	99
regrettable	104
regroup	96
regular	86
regularity	116
regularization	146
regularize	119
regularly	84
regulate	118
regulation	111
regulator	124
regulatory	120
regurgitate	108
regurgitation	103
rehab	136
rehabilitate	129
rehabilitation	135
rehash	122
rehearsal	78
rehearse	87
reheat	78
rehire	124
rehydrate	136
rehydration	100
reign	94
reigning	107
reignite	101
reimburse	127
reimbursement	118
rein	96
reincarnate	124
reincarnation	111
reindeer	36
reinforce	102
reinforcement	104
reinitialize	144
reinitiate	139
reins	86
reinsert	103
reinsertion	129
reinstall	125
reinstate	126
reinstatement	124
reinstitute	142
reinsure	138
reintegrate	129
reintegration	148
reinterpretation	118
reintroduce	116
reintroduction	113
reinvent	112
reinvention	116
reinvest	133
reinvestigate	124
reinvestment	147
reinvigorate	122
reissue	122
reiterate	128
reiteration	126
reject	95
rejection	87
rejoice	86
rejoin	106
rejoinder	147
rejuvenate	117
rejuvenated	122
rejuvenation	124
rekindle	128
relabel	125
relapse	129
relatable	129
relate	103
relation	81
relational	112
relationship	91
relative	65
relativism	149
relativistic	157
relativity	121
relax	71
relaxant	131
relaxation	96
relaxed	76
relaxer	110
relaxing	80
relay	92
relearn	94
releasable	111
release	85
relegate	120
relent	118
relentless	99
relentlessness	134
relevance	116
relevancy	115
relevant	104
reliability	101
reliable	93
reliance	105
reliant	118
relic	106
relict	146
relief	78
relieve	80
reliever	102
relight	82
religion	71
religionist	140
religiosity	137
religious	78
relinquish	124
relinquishment	130
reliquary	140
relish	78
relive	100
reload	90
relocate	98
relocation	100
relock	89
reluctance	110
reluctant	111
rely	93
remain	82
remainder	80
remaining	73
remains	79
remake	81
remand	126
remark	84
remarkable	97
remarriage	113
remarry	86
rematch	90
rematerialize	128
remedial	130
remedy	88
remember	56
remembrance	113
remind	82
reminder	75
reminisce	125
reminiscence	116
reminiscences	132
reminiscent	120
remiss	121
remission	136
remit	159
remittance	137
remix	97
remnant	117
remodel	100
remodeler	111
remold	134
remonstration	151
remora	140
remorse	111
remorseful	113
remorseless	112
remortgage	154
remote	70
remoteness	104
remount	151
removable	96
removal	66
remove	57
remover	72
remuneration	158
remunerative	178
renaissance	117
renal	171
rename	91
renascence	134
rend	129
render	124
renderer	128
rendezvous	118
rendition	120
renegade	102
renege	133
renegotiate	133
renegotiation	112
renew	101
renewable	107
renewal	107
renewed	87
renitent	142
rennet	152
rennin	147
renounce	127
renovate	114
renovation	111
renown	110
renowned	114
rent	89
rental	100
renter	100
renunciation	149
reoccur	106
reoccurrence	114
reoccurring	85
reopen	88
reorder	80
reorganization	143
reorganize	96
reorient	144
reorientation	128
rep	95
repack	95
repackage	97
repacking	98
repagination	164
repaint	83
repair	78
repairable	98
repairer	90
repairman	72
reparation	124
reparative	122
repartee	119
repast	133
repatriate	154
repatriation	140
repay	98
repayment	119
repeal	120
repeat	53
repeatable	102
repeater	106
repel	104
repellant	96
repellent	103
repent	85
repentance	110
repentant	107
repercussion	134
repertoire	142
repertory	144
repetition	76
repetitious	102
repetitive	91
rephrase	92
repine	142
replace	72
replaceable	79
replacement	97
replacer	104
replant	78
replay	70
replenish	93
replenishment	109
replete	141
repletion	145
replica	105
replicable	114
replicate	113
replication	126
reply	77
repopulate	120
repopulation	121
report	66
reportable	106
reportage	140
reporter	81
reportorial	132
repose	129
reposition	113
repository	148
repossess	130
repossession	119
repot	84
repower	121
reprehend	126
reprehensible	130
represent	103
representation	92
representational	110
representative	110
repress	121
repressed	128
repression	125
repressive	126
repressiveness	130
repressor	159
reprieve	134
reprimand	95
reprint	91
reprisal	139
reprise	138
repro	141
reproach	138
reproachful	123
reprobate	143
reprocess	130
reproduce	99
reproducible	122
reproduction	106
reproductive	112
reprogram	124
reproof	126
reprove	129
reptile	60
reptilian	104
republic	108
republican	113
republish	116
repudiate	177
repudiation	149
repugnance	132
repugnant	126
repulse	106
repulsion	121
repulsive	103
repulsiveness	120
repurchase	105
reputable	126
reputation	88
repute	124
reputed	130
request	87
requester	115
requiem	135
require	87
requirement	84
requisite	156
requisition	134
requite	156
rerate	146
reread	84
rerecord	104
rerelease	106
reroute	110
rerun	76
res	110
resalable	142
resale	86
rescan	144
reschedule	98
rescind	139
rescission	151
rescore	105
rescue	72
rescuer	82
reseal	100
research	83
researcher	102
reseat	88
resection	144
reseed	105
resell	100
resemblance	95
resemble	100
resend	100
resent	112
resentful	119
resentment	115
reservation	112
reserve	102
reservist	143
reservoir	101
reset	95
resettlement	115
reshape	92
reshaping	98
reship	132
reshoot	107
reshuffle	90
reside	107
residence	91
residency	113
resident	85
residential	97
residual	119
residuary	136
residue	108
resign	116
resignation	116
resilience	125
resiliency	122
resilient	129
resin	121
resist	93
resistance	100
resistant	90
resistible	125
resistor	129
resize	93
resole	109
resolute	117
resolution	112
resolve	110
resonance	125
resonant	133
resonate	145
resort	93
resound	126
resounding	117
resource	100
resourceful	106
resourcefulness	109
respect	85
respectability	98
respectable	83
respecter	112
respectful	63
respective	108
respiration	122
respirator	101
respiratory	110
respite	143
resplendent	146
respond	88
respondent	126
responder	110
response	72
responsibility	69
responsible	102
responsive	106
responsiveness	106
rest	42
restack	85
restage	120
restart	80
restate	112
restatement	130
restaurant	60
restaurateur	116
restful	88
restfulness	95
restitution	131
restless	97
restlessness	116
restock	126
restorable	90
restoration	112
restorative	129
restore	108
restorer	109
restrain	91
restrainer	118
restraining	104
restraint	95
restrict	95
restricted	81
restriction	97
restrictive	110
restring	98
restroom	66
restructure	110
restructuring	125
resubmit	105
result	82
resultant	137
resume	135
resumption	131
resurface	105
resurgence	154
resurrect	100
resurrection	84
resurvey	140
resuscitate	117
resuscitation	118
resuscitator	132
ret	137
retail	105
retailer	104
retailing	129
retain	113
retainer	115
retake	88
retaliate	100
retaliation	130
retaliatory	124
retard	78
retardant	139
retardation	101
retarded	80
retch	111
retell	85
retention	126
retentive	154
retentiveness	144
retest	95
rethink	90
rethread	112
reticence	150
reticent	153
reticular	113
reticulation	158
reticulum	143
retie	74
retime	116
retina	108
retinal	156
retinitis	173
retinoblastoma	170
retinopathy	153
retire	105
retiree	116
retirement	91
retool	122
retort	115
retrace	76
retract	122
retractable	132
retraction	128
retractor	131
retrain	103
retraining	117
retransmit	123
retread	135
retreat	105
retrench	150
retrenchment	138
retrial	131
retribution	132
retributive	141
retrievable	99
retrieval	103
retrieve	76
retriever	87
retro	119
retroactive	131
retrocede	140
retrofit	129
retrograde	134
retrogression	153
retrogressive	139
retroperitoneal	159
retrorocket	134
retrospect	146
retrospective	136
retrovirus	150
retry	80
retune	107
return	56
returnable	101
returnee	108
returner	90
retype	96
reuben	144
reunification	139
reunify	131
reunion	100
reunite	94
reupholster	139
reusable	69
reuse	72
rev	107
revalue	122
revamp	131
reveal	95
revealer	108
reveille	134
revel	120
revelation	100
revelry	127
revenge	80
revengeful	103
revenue	117
reverb	139
reverberant	136
reverberate	128
reverberating	136
reverberation	148
revere	105
reverence	131
reverend	121
reverent	115
reverie	138
reversal	81
reverse	69
reversible	88
reversion	142
revert	131
review	88
reviewer	97
revile	126
revise	117
revised	103
revision	103
revisionist	165
revisit	100
revitalize	124
revival	102
revive	105
reviver	113
revocable	132
revocation	147
revoke	121
revolt	107
revolting	97
revolution	100
revolutionary	103
revolutionize	118
revolve	83
revolver	93
revolving	110
revote	135
revue	137
revulsion	124
reward	69
rewarding	81
rewash	60
reweigh	99
rewind	78
rewire	96
reword	107
rework	98
rewrap	92
rewrite	98
rewriter	125
rhapsody	130
rhesus	158
rhetoric	137
rhetorical	142
rheum	174
rheumatic	144
rheumatism	136
rheumatoid	143
rheumatology	151
rhinestone	111
rhinitis	181
rhino	59
rhinoceros	60
rhizome	135
rho	154
rhodium	147
rhododendron	115
rhomboid	127
rhombus	109
rhubarb	105
rhyme	55
rhymester	142
rhythm	72
rhythmic	106
rhythmical	121
rib	63
ribald	114
ribaldry	150
riband	130
ribbed	114
ribbon	52
ribcage	86
riboflavin	144
ribonucleic	127
rice	37
rich	63
riches	83
richness	93
rick	78
rickets	117
rickety	107
rickshaw	119
ricochet	105
ricotta	127
rid	68
riddance	127
riddle	72
ride	47
rider	64
ridge	88
ridgepole	140
ridicule	118
ridiculous	70
ridiculousness	92
riel	157
rife	128
riff	98
riffle	92
riffraff	83
rifle	78
rifleman	97
rift	120
rig	90
rigatoni	89
rigger	127
right	43
righteous	102
righteousness	99
rightful	93
rightist	144
rightness	100
rightward	114
righty	78
rigid	92
rigidity	115
rigmarole	152
rigor	111
rigorous	116
rigorousness	142
rile	110
rill	158
rim	80
rimless	114
rimy	102
rind	90
ring	45
ringer	88
ringleader	97
ringmaster	75
ringside	99
ringtail	107
ringtone	138
ringworm	103
rink	87
rinse	50
riot	100
rioting	102
riotous	125
rip	61
ripcord	108
ripe	71
ripen	72
ripeness	121
riposte	156
ripper	83
ripple	85
rippling	66
ripsaw	131
riptide	104
rise	67
riser	106
risk	76
risky	82
risotto	160
rissole	149
rite	104
ritual	117
ritualistic	129
ritualize	132
ritualized	114
ritzy	103
rival	100
rivalry	109
rive	107
riven	142
river	49
riverbank	64
riverbed	96
riverboat	79
riverfront	95
rivet	128
riveter	112
riveting	133
rivulet	120
riyal	172
roach	72
road	46
roadbed	116
roadblock	93
roadhouse	141
roadie	129
roadrunner	73
roadside	83
roadstead	138
roadster	121
roadsweeper	98
roadway	69
roadwork	76
roam	86
roan	130
roar	48
roast	85
roasted	71
roaster	95
rob	73
robber	57
robbery	74
robe	64
robin	67
robot	54
robotic	106
robotics	103
robust	132
rock	32
rocker	71
rocket	56
rocketry	139
rockingchair	58
rockslide	97
rococo	150
rod	74
rodent	70
rodeo	83
roe	154
roentgen	143
rogue	115
roguery	149
roguish	121
roil	130
roister	136
role	66
roll	45
rollaway	116
rollback	114
roller	66
rollerblade	108
rollercoaster	61
rollerskate	63
rollick	153
rollicking	121
rollingpin	76
rollout	121
rollover	81
romaine	116
roman	95
romance	93
romancer	136
romantic	81
romanticism	133
romanticist	132
romanticize	130
romp	103
romper	133
rood	123
roof	50
roofer	78
roofing	84
roofline	119
rooftop	59
rooftree	123
rook	116
rookery	136
rookie	94
rooky	97
room	42
roomer	127
roomette	139
roomful	87
roommate	92
rooms	41
roomy	76
roost	105
rooster	64
root	59
rooter	106
rootless	89
rope	54
ropes	52
rosary	82
rose	61
rosebud	81
rosebush	49
rosewater	107
rosin	134
roster	88
rostrum	180
rot	76
rotary	103
rotate	79
rotation	81
rotational	102
rotator	135
rotatory	118
rote	112
rotenone	170
rotgut	127
rotisserie	113
rotor	127
rotten	70
rottenness	87
rotund	134
rotunda	114
roue	173
rouge	123
rough	62
roughage	124
roughen	104
roughhouse	83
roughly	77
roughneck	112
roughness	84
roulette	128
round	48
roundabout	127
roundelay	160
roundhouse	102
roundish	88
roundness	72
roundtable	98
roundup	98
rouse	128
rouser	137
rousing	122
roust	116
roustabout	135
rout	116
route	114
router	127
routine	93
roux	150
rove	124
roving	114
row	70
rowboat	60
rowdy	78
rowel	150
rower	87
rowing	77
royal	72
royalist	126
royalty	80
rub	60
rubber	76
rubberneck	108
rubbery	75
rubbish	106
rubbishy	103
rubble	96
rubdown	109
rubicund	140
ruble	127
rubout	123
rubric	132
ruby	68
rucksack	143
ruckus	93
rudder	104
rudderless	123
ruddiness	131
ruddy	133
rude	71
rudeness	89
rudiment	133
rudimentary	131
rue	120
ruff	73
ruffian	132
ruffle	76
rug	46
rugby	114
rugged	106
ruin	72
ruination	124
ruinous	120
rule	47
ruler	59
ruling	99
rum	116
rumba	110
rumble	83
rumen	126
ruminant	145
ruminate	145
rumination	121
rummage	90
rummy	112
rumor	96
rumormonger	159
rump	90
rumpus	109
rumrunner	152
run	45
runabout	126
runaround	83
runaway	84
rundle	139
rundown	78
rung	83
runic	154
runnel	133
runner	50
runny	57
runoff	103
runt	84
runty	101
runway	84
rupee	116
rupiah	140
rupture	110
rural	80
ruse	122
rush	67
rusher	104
rusk	124
russet	125
rust	78
rusted	74
rustic	104
rusticate	158
rusticity	146
rustle	103
rustler	110
rustproof	114
rut	92
rutabaga	104
ruthless	123
ruthlessness	128
rutting	136
rye	93
sabbatical	154
saber	73
sable	118
sabotage	104
saboteur	136
sac	90
saccharin	119
saccharine	136
sachet	116
sack	58
sackcloth	115
sacker	108
sacral	141
sacrament	112
sacramental	120
sacred	85
sacredness	102
sacrifice	96
sacrificial	119
sacrilege	111
sacrilegious	113
sacristan	142
sacristy	124
sacroiliac	140
sacrosanct	156
sacrum	155
sad	32
sadden	88
saddle	64
saddleback	111
saddlebag	114
saddler	117
sadism	152
sadist	137
sadistic	133
sadness	50
sadomasochism	177
sadomasochist	191
sadomasochistic	154
safari	84
safe	51
safecracker	97
safeguard	110
safekeeping	82
safeness	81
safety	58
safetypin	65
safflower	138
saffron	149
sag	70
saga	104
sagacious	158
sagacity	190
sage	114
sagebrush	109
sager	125
saggy	85
saguaro	182
sail	65
sailboat	46
sailcloth	107
sailfish	83
sailor	64
sailorman	86
saint	75
sainted	102
sainthood	105
saintly	101
sake	87
salaam	148
salable	136
salacious	139
salad	56
salamander	69
salami	72
salaried	134
salary	101
sale	68
salesgirl	79
saleslady	88
salesman	83
salesmanship	121
salespeople	81
salesperson	84
saleswoman	78
salicylic	161
salient	156
saline	117
salinity	125
saliva	84
salivary	108
salivate	106
sallow	113
salmon	80
salmonella	149
salon	95
saloon	90
saloonkeeper	103
salsa	98
salt	50
salted	79
saltine	72
saltpan	123
saltpeter	157
saltshaker	54
saltwater	94
salty	53
salubrious	150
salutary	133
salutation	113
salutatorian	141
salute	74
salvage	101
salvageable	121
salvation	90
salve	91
salver	126
salvo	143
samarium	125
samba	131
same	56
sameness	101
samovar	144
sampan	166
sample	72
sampler	104
samurai	105
sanatorium	127
sanctify	129
sanctimonious	156
sanctimony	153
sanction	127
sanctity	139
sanctuary	97
sanctum	132
sand	46
sandal	52
sandalwood	130
sandbag	78
sandbank	88
sandbar	104
sandblaster	122
sandbox	41
sandcastle	54
sandglass	98
sandhog	142
sandlot	87
sandman	70
sandpaper	63
sandpiper	112
sandstone	100
sandstorm	94
sandwich	48
sane	85
sangfroid	163
sangria	151
sanguine	166
sanitarium	109
sanitary	105
sanitation	111
sanitize	109
sanitizer	109
sanity	103
sap	75
saphead	124
sapience	153
sapiens	117
sapling	92
sapper	119
sapphire	92
sappy	94
sapsucker	132
saran	113
sarcasm	91
sarcastic	110
sarcoma	170
sarcophagus	119
sardine	77
sardonic	149
sari	134
sarong	129
sarsaparilla	114
sartorial	155
sash	77
sashay	114
sashimi	165
sassafras	105
sassy	82
satanic	91
satchel	124
sate	120
sateen	110
satellite	117
sati	164
satiate	168
satiety	132
satin	104
satinwood	141
satiny	118
satire	131
satiric	142
satirical	124
satirist	141
satirize	145
satisfaction	95
satisfactory	88
satisfied	97
satisfy	100
satisfying	100
saturate	128
saturated	106
saturation	120
saturday	55
satyr	134
satyriasis	163
sauce	54
saucebox	126
saucepan	79
saucer	84
sauciness	121
saucy	105
sauerbraten	169
sauerkraut	93
sauna	103
saunter	123
saurian	162
sausage	60
sauterne	184
sauternes	160
savage	100
savagery	134
savannah	120
savant	139
save	54
saver	78
savings	88
savior	67
savor	101
savory	138
savvy	124
saw	54
sawbuck	126
sawdust	72
sawhorse	96
sawmill	96
sax	88
saxophone	91
saxophonist	89
say	34
saying	50
sayonara	96
scab	66
scabbard	141
scabby	91
scabies	120
scabrous	154
scaffold	121
scaffolding	112
scalable	141
scalawag	121
scald	103
scale	88
scaleless	115
scalene	119
scales	65
scallop	113
scallywag	119
scalp	67
scalpel	107
scalper	108
scaly	78
scam	106
scamp	104
scamper	78
scampi	145
scan	96
scandal	108
scandalize	111
scandalmonger	178
scandalous	119
scandium	158
scanner	114
scansion	152
scant	122
scanty	137
scapegoat	118
scapegrace	117
scapula	149
scar	57
scarab	109
scarce	105
scarcely	104
scarcity	116
scare	42
scarecrow	56
scared	38
scaremonger	164
scarf	57
scarify	130
scariness	69
scarlet	114
scarper	142
scary	43
scat	118
scathe	136
scathing	133
scatological	181
scatology	142
scatter	80
scatterbrain	102
scatterbrained	100
scattergun	135
scattershot	152
scavenge	106
scavenger	93
scenario	110
scenarist	140
scene	82
scenery	97
sceneshifter	152
scenic	91
scent	59
scented	77
scepter	102
schedule	75
scheduler	106
schematic	144
scheme	96
schemer	117
scherzo	154
schilling	141
schism	127
schist	136
schizoid	151
schizophrenia	134
schizophrenic	123
schlemiel	151
schlep	130
schlimazel	162
schlock	124
schlocky	148
schmaltz	153
schmaltzy	153
schmooze	106
schmuck	126
schnapps	156
schnauzer	110
schnitzel	121
schnook	129
schnooks	150
schnozzle	125
scholar	104
scholarly	102
scholarship	111
scholastic	90
school	39
schoolbag	58
schoolbook	61
schoolboy	66
schoolchild	63
schooldays	58
schoolgirl	67
schoolhouse	68
schooling	64
schoolmarm	125
schoolmaster	80
schoolmate	66
schoolmistress	140
schoolroom	55
schoolteacher	41
schoolwork	52
schoolyard	55
schooner	123
schwa	155
sciatic	161
sciatica	156
science	73
scientific	87
scientist	69
scientologist	148
scientology	153
scimitar	145
scintilla	143
scintillate	161
scintillating	155
scintillation	145
scion	168
scissor	46
scissors	45
sclera	150
scleroderma	155
sclerosis	142
scoff	125
scold	85
scoliosis	130
sconce	141
scone	103
scoop	51
scooper	72
scoot	60
scooter	67
scope	98
scopolamine	194
scorch	96
scorcher	92
score	58
scoreboard	74
scorecard	75
scorekeeper	75
scorekeeping	90
scoreless	83
scorer	88
scorn	103
scornful	107
scorpion	78
scot	94
scotch	118
scoundrel	128
scour	109
scourge	141
scout	69
scoutmaster	90
scouts	64
scow	128
scowl	96
scrabble	93
scraggy	127
scram	92
scramble	88
scrambled	56
scrambler	116
scrap	77
scrapbook	76
scrape	62
scraper	82
scrapheap	95
scrapper	107
scrapple	115
scrappy	91
scratch	56
scratcher	76
scratchy	52
scrawl	117
scrawny	91
scream	42
screamer	76
screech	82
screechy	91
screen	58
screener	131
screening	102
screenland	168
screenplay	122
screenwriter	128
screenwriting	118
screw	66
screwball	89
screwdriver	60
screwy	110
scribble	57
scribbler	95
scribe	101
scrimmage	99
scrimp	102
scrip	130
script	98
scriptural	88
scripture	73
scriptwriter	107
scrivener	149
scrod	136
scroll	99
scrollwork	145
scrotal	139
scrotum	144
scrounge	104
scrounger	121
scrub	87
scrubber	82
scrubby	115
scrubwoman	111
scruff	103
scruffy	82
scrum	114
scrumptious	103
scrunch	67
scruple	118
scrupulosity	169
scrupulous	142
scrutinize	146
scrutiny	130
scuba	76
scuff	86
scuffle	95
scull	103
scullery	139
scullion	150
sculpt	90
sculptor	98
sculptress	128
sculptural	112
sculpture	75
scum	98
scumbag	110
scummy	103
scup	155
scupper	151
scuppernong	163
scurf	122
scurrilous	154
scurry	94
scurvy	106
scuttle	106
scuttlebutt	115
scythe	119
sea	47
seabed	109
seaboard	107
seacoast	78
seadog	107
seafarer	129
seafaring	115
seafloor	91
seafood	69
seafront	96
seagoing	124
seagull	54
seahorse	58
seal	54
sealant	129
sealer	101
sealskin	104
seam	76
seaman	94
seamanship	92
seamless	110
seamlessness	130
seamstress	97
seamy	150
seaplane	115
seaport	107
seaquake	122
sear	118
search	87
searcher	81
searchlight	82
searing	117
seascape	109
seashell	71
seashore	64
seasick	89
seasickness	87
seaside	72
season	60
seasonable	101
seasonal	82
seasoned	85
seasoning	74
seat	46
seatbelt	65
seating	64
seawall	128
seaward	102
seawater	66
seaway	118
seaweed	67
seaworthy	100
sebaceous	132
seborrhea	131
sec	96
secede	121
secession	132
seclude	100
secluded	111
seclusion	104
second	47
secondary	91
secondhand	92
secrecy	89
secret	54
secretarial	110
secretariat	131
secretary	78
secretaryship	121
secrete	130
secretion	120
secretive	96
secretiveness	86
secretor	129
sect	134
sectarian	136
section	68
sectional	107
sector	130
secular	137
secularist	150
secure	84
security	81
sedan	80
sedate	118
sedation	132
sedative	118
sedentary	135
sedge	128
sediment	113
sedimentary	115
sedimentation	128
sedition	142
seduce	120
seducer	127
seducible	134
seduction	138
seductive	119
seductiveness	115
seductress	123
sedulous	167
see	31
seeable	96
seed	47
seediness	116
seedless	71
seedling	69
seedpod	91
seedy	97
seek	69
seeker	77
seem	67
seemingly	98
seep	101
seepage	139
seer	106
seersucker	145
seesaw	48
seethe	133
segment	111
segmentation	118
segregate	112
segregation	113
segue	137
seismic	124
seismograph	106
seismographic	127
seismological	137
seismologist	130
seismology	132
seismometer	126
seize	102
seizure	97
seldom	79
select	80
selectee	148
selection	72
selective	95
selectivity	120
selectman	140
selector	116
selenium	147
self	50
selfish	53
selfishness	66
selfless	93
selflessness	112
selfness	120
sell	70
sellable	103
seller	68
sellout	110
seltzer	111
selvedge	134
semantic	156
semantics	135
semaphore	143
semblance	131
semen	124
semester	122
semi	88
semiannual	118
semiarid	149
semiautomatic	136
semiautomatics	131
semibreve	137
semicircle	80
semicolon	84
semiconductor	148
semiconscious	131
semifinal	107
semiformal	130
semiliterate	151
seminal	127
seminar	118
seminarian	131
seminary	124
semiotics	167
semiprecious	134
semiprivate	134
semipro	127
semiquaver	148
semiskilled	148
semisolid	111
semisweet	102
semolina	140
senate	108
senator	96
senatorial	132
send	57
sender	73
sendoff	110
senescence	178
seneschal	175
senile	113
senility	114
senior	83
seniority	128
senor	124
senora	99
senorita	110
sensation	92
sensational	89
sensationalism	134
sensationalist	128
sensationalistic	141
sensationalize	136
sense	73
senseless	100
senselessness	101
sensibility	106
sensible	88
sensitive	82
sensitivity	91
sensor	118
sensorial	141
sensory	108
sensual	121
sensuality	136
sensuous	115
sensuousness	141
sentence	58
sentencing	116
sententious	156
sentience	136
sentient	118
sentiment	119
sentimental	120
sentimentalist	132
sentimentality	122
sentimentalize	116
sentinel	131
sentry	111
separable	113
separate	66
separateness	98
separation	89
separatist	119
separator	93
sepia	144
seppuku	123
sepsis	163
septet	150
septic	111
septicemia	170
septum	149
septuplet	142
sepulcher	152
sepulture	170
sequel	102
sequence	103
sequencer	131
sequencing	128
sequent	137
sequential	105
sequester	151
sequestration	165
sequin	88
sequined	92
sequitur	172
ser	136
seraglio	172
serape	167
serenade	112
serendipitous	138
serendipity	126
serene	114
serenity	110
serf	103
serfdom	131
sergeant	90
serial	104
serialization	138
serialize	138
series	90
serif	132
serious	66
seriousness	81
sermon	66
serological	151
serotonin	168
serpent	80
serpentine	129
serrated	113
serration	123
serum	102
servant	79
serve	72
server	99
service	80
serviceable	137
serviceman	88
servile	153
servitor	172
servitude	117
servo	129
servomechanism	167
sesame	74
sesquipedalian	157
sessile	147
session	99
set	60
setback	104
settee	144
setter	96
settle	83
settlement	87
settler	97
setup	89
seven	54
seventh	70
sever	90
several	68
severance	144
severe	90
severity	111
sew	60
sewage	85
sewer	70
sewerage	108
sewing	61
sewingmachine	57
sex	98
sexagenarian	150
sexiness	117
sexism	136
sexist	113
sexless	147
sexology	158
sexploitation	176
sexpot	138
sextant	138
sextet	124
sextuplet	134
sexual	113
sexuality	118
sexy	106
shabby	106
shack	62
shackle	122
shade	64
shaded	59
shading	85
shadow	50
shadowy	66
shady	106
shaft	102
shag	105
shake	53
shakedown	123
shaker	83
shakeup	88
shaky	80
shale	119
shall	84
shallot	148
shallow	70
shallowness	103
shallows	114
sham	116
shaman	122
shamanic	164
shamanism	141
shamanistic	139
shamble	112
shame	66
shameful	79
shameless	98
shamelessness	105
shampoo	54
shamrock	100
shank	119
shanty	133
shantytown	137
shape	45
shapeless	101
shapely	127
shaper	90
shard	99
share	48
sharecropper	146
shareholder	142
sharer	85
shark	55
sharkskin	89
sharp	61
sharpen	56
sharpener	64
sharpie	96
sharpness	86
sharpshooter	111
sharpshooting	131
shatter	93
shattering	80
shatterproof	104
shave	59
shaven	84
shaver	79
shawl	97
she	36
sheaf	111
shear	87
shears	95
shearwater	152
sheath	109
sheathe	141
sheave	132
shebang	99
shed	73
shedder	99
sheen	104
sheep	42
sheepdog	71
sheepfold	138
sheepherder	91
sheepish	116
sheepshank	137
sheepskin	102
sheer	96
sheet	53
sheeting	107
sheetrock	129
sheik	128
shekel	107
shekels	149
shelf	55
shell	52
shellacking	129
shellfire	128
shellfish	91
shellshock	132
shelter	92
shelve	64
shenanigan	105
shepherd	67
shepherdess	94
sherbet	70
sheriff	60
sherry	136
shiatsu	169
shield	65
shift	92
shifter	111
shiftless	121
shifty	117
shiitake	129
shill	118
shillelagh	170
shilling	112
shim	119
shimmer	100
shimmering	100
shimmery	88
shimmy	100
shin	84
shinbone	91
shindig	113
shine	58
shiner	82
shingle	86
shingles	92
shining	70
shinny	77
shinplaster	105
shiny	43
ship	53
shipboard	101
shipbuilder	75
shipbuilding	93
shipload	87
shipmate	94
shipment	97
shipper	99
shipping	92
shipshape	87
shipwreck	104
shipwright	123
shipyard	105
shiraz	186
shire	109
shirk	130
shirker	144
shirt	35
shirtfront	104
shirtless	70
shirtsleeve	65
shirttail	89
shit	65
shitfaced	128
shithead	118
shitload	115
shitty	101
shiver	75
shivery	109
shoal	131
shoat	127
shock	75
shocker	116
shocking	76
shockproof	123
shockwave	112
shoddy	116
shoehorn	79
shoelace	42
shoemaker	76
shoeshine	70
shoestring	62
shoetree	114
shogun	114
shoot	55
shooter	80
shootout	87
shop	58
shopkeeper	81
shopkeeping	111
shoplift	85
shoplifter	87
shoplifting	88
shopper	66
shopping	47
shoptalk	131
shopworn	111
shore	69
shoreline	68
short	43
shortage	99
shortbread	88
shortcake	68
shortchange	118
shortcoming	93
shortcut	72
shorten	73
shortfall	133
shorthand	111
shorthorn	141
shortlist	127
shortness	81
shorts	40
shortsighted	113
shortsightedness	130
shortstop	82
shortwave	135
shot	58
shotgun	75
shoulder	45
shout	47
shouter	72
shove	67
shovel	63
shovelful	66
show	62
showbiz	90
showboat	117
showboating	128
showcase	99
showcasing	121
showdown	84
shower	47
showerhead	80
showgirl	117
showground	118
showman	102
showmanship	115
showoff	73
showpiece	127
showplace	113
showroom	112
showstopper	121
showy	103
shrapnel	121
shred	93
shredder	88
shrew	118
shrewd	114
shrewdness	118
shrewish	131
shriek	89
shrift	121
shrill	114
shrimp	71
shrimper	125
shrine	96
shrink	71
shrinkage	108
shrivel	96
shriven	142
shroud	116
shrove	138
shrub	81
shrubbery	89
shrug	79
shrunken	89
shtick	146
shuck	98
shudder	102
shuffle	90
shuffleboard	106
shuffler	101
shuffling	82
shun	113
shunt	135
shush	58
shut	49
shutdown	87
shuteye	82
shutoff	81
shutout	93
shutter	78
shutterbug	116
shuttered	101
shuttle	84
shy	53
shyness	76
shyster	126
sibilance	155
sibilant	144
sibling	76
sick	40
sickbay	108
sickbed	99
sicken	77
sickening	73
sickle	114
sickly	74
sickness	55
sickout	116
sickroom	88
side	47
sidearm	118
sideband	121
sidebar	126
sideboard	102
sideburn	95
sideburns	84
sidecar	98
sidekick	98
sideline	83
sidelong	138
sideman	104
sidepiece	102
siderite	154
sidesaddle	99
sideshow	103
sidesplitting	110
sidestep	98
sidestroke	94
sideswipe	125
sidetrack	110
sidewalk	43
sidewall	112
sideway	70
sidewinder	112
siding	92
siege	123
sienna	114
siesta	118
sieve	124
sift	96
sifter	110
sigh	74
sight	54
sighting	98
sightless	90
sightsee	66
sightseeing	110
sightseer	114
sigil	152
sigma	144
sigmoid	128
sign	43
signage	123
signal	67
signalman	85
signatory	151
signature	88
signboard	101
signer	75
signet	131
significance	101
significant	99
signifier	125
signify	119
signor	133
signora	158
signpost	79
silence	46
silencer	118
silent	44
silhouette	89
silica	159
silicate	138
silicon	127
silicone	136
silk	74
silken	111
silkscreen	129
silkworm	80
silky	91
sill	73
silliness	56
silly	42
silo	99
silt	118
silver	62
silverback	117
silverfish	119
silversmith	112
silverware	59
silvery	85
simian	143
similar	73
similarity	89
simile	117
simmer	96
simmering	103
simonize	140
simpatico	173
simper	118
simpering	140
simple	69
simpleminded	124
simpleton	109
simplicity	99
simplification	121
simplify	85
simplistic	107
simply	79
simulacrum	162
simulate	115
simulated	114
simulation	105
simulator	101
simultaneous	117
sin	67
since	69
sincere	88
sincerely	96
sincerity	87
sine	137
sinew	126
sinewy	118
sinful	88
sinfulness	93
sing	35
singe	116
singer	51
single	67
singleness	101
singsong	77
singular	98
singularity	146
sinister	108
sink	45
sinker	69
sinkhole	115
sinless	103
sinner	74
sinuosity	152
sinus	100
sinusitis	140
sip	43
siphon	119
sipper	80
sir	64
sire	101
siren	71
sirloin	113
sirocco	165
sisal	120
sissified	108
sissy	74
sister	37
sisterhood	95
sisterly	84
sit	35
sitar	130
sitcom	100
site	86
sitter	57
situate	131
situation	93
situational	118
six	53
sixpence	105
sixteen	48
sixth	54
sixty	57
sizable	101
size	48
sizzle	82
skate	54
skateboard	69
skateboarder	98
skater	66
skedaddle	78
skeet	125
skein	112
skeletal	94
skeleton	67
skeptic	112
skeptical	107
skepticism	125
sketch	90
sketchbook	75
sketcher	95
sketchpad	88
sketchy	116
skew	109
skewer	89
ski	67
skid	81
skidoo	83
skier	89
skiff	132
skiing	79
skilful	101
skill	68
skilled	87
skillet	82
skim	88
skimmer	108
skimp	112
skimpy	107
skin	45
skincare	94
skinflint	151
skinhead	126
skinless	98
skinny	52
skintight	114
skip	47
skipjack	104
skirl	166
skirmish	118
skirt	57
skit	92
skitter	108
skittish	100
skittle	71
skive	127
skivvy	114
skulk	133
skull	63
skullcap	141
skullduggery	136
skunk	53
sky	42
skycap	121
skydive	88
skydiver	93
skyhook	133
skylark	102
skylight	86
skyline	110
skyrocket	88
skyscraper	83
skywriter	122
skywriting	99
slab	85
slack	96
slacken	122
slackness	99
slade	103
slag	117
slagheap	164
slake	123
slalom	138
slam	69
slammer	101
slander	140
slanderer	138
slanderous	134
slang	107
slant	73
slap	47
slapdash	123
slaphappy	116
slapper	103
slapstick	123
slash	75
slat	116
slate	92
slather	106
slattern	138
slaughter	96
slaughterer	119
slaughterhouse	108
slave	78
slaveholder	128
slaver	104
slavery	83
slavish	131
slaw	83
slay	94
slayer	115
sleaze	112
sleazebag	125
sleazy	118
sled	49
sledge	101
sledgehammer	95
sleek	112
sleeper	73
sleepiness	60
sleepless	84
sleeplessness	101
sleepover	55
sleepwalk	70
sleepwalker	89
sleepwear	74
sleepy	34
sleepyhead	51
sleet	117
sleety	96
sleeve	49
sleeveless	68
sleigh	60
sleight	133
slender	101
sleuth	108
sleuthhound	133
slew	98
slice	57
slicer	88
slick	93
slicker	93
slide	48
slider	101
slideshow	74
slight	103
slightly	81
slightness	122
slim	73
slime	68
slimy	63
sling	87
slinger	125
slingshot	65
slink	94
slinky	72
slip	62
slipcover	104
slipknot	110
slippage	115
slipper	53
slippery	67
slipshod	156
slipstream	126
slipup	98
slipway	102
slit	104
slither	80
slithery	96
sliver	71
slob	71
slobber	77
slobbery	96
slog	126
slogan	106
sloganeer	130
sloop	111
slop	80
slope	87
sloping	106
sloppiness	74
sloppy	59
slosh	86
slot	68
sloth	84
slothful	125
slothfulness	126
slotmachine	118
slouch	91
slouchy	84
slough	147
slovenly	134
slow	42
slowdown	67
slowly	63
slowness	82
slowpoke	54
sludge	88
slug	60
slugabed	147
slugfest	118
slugger	84
sluggish	90
sluice	144
slum	119
slumber	88
slumberous	141
slumlord	145
slummy	101
slump	106
slur	107
slurp	68
slurry	129
slush	70
slushy	71
slut	127
slutty	124
sly	86
smack	59
smacker	95
small	32
smallish	82
smallness	65
smallpox	107
smalltime	98
smarmy	131
smart	55
smartass	83
smarten	93
smartness	73
smarty	59
smash	46
smasher	91
smashup	92
smattering	130
smear	88
smearcase	111
smell	42
smeller	83
smelly	43
smelt	136
smelter	144
smelting	154
smidge	92
smidgen	119
smile	35
smiley	57
smirk	80
smite	115
smithereens	81
smock	63
smog	105
smoggy	106
smoke	40
smokehouse	109
smokeless	119
smoker	62
smokescreen	109
smokestack	89
smoking	67
smoky	66
smooch	67
smooches	66
smooth	56
smoothbore	144
smoothie	87
smoothness	76
smorgasbord	95
smother	66
smothery	124
smudge	61
smudgy	86
smug	93
smuggle	99
smuggler	100
smugness	106
smut	127
smutty	133
snaffle	148
snafu	121
snafus	139
snag	98
snaggletooth	99
snail	58
snake	51
snakebite	67
snakelike	73
snakeroot	118
snakeskin	93
snaky	85
snap	60
snapdragon	109
snapper	84
snappish	129
snappishness	125
snappy	90
snapshot	100
snare	107
snarky	166
snarl	88
snatch	82
snatcher	99
snazzy	104
sneak	58
sneaker	62
sneakiness	83
sneaky	66
sneer	92
sneeze	42
sneezer	66
snick	163
snicker	88
snide	103
sniff	62
sniffer	88
sniffle	72
snifter	129
snigger	127
snip	72
snipe	115
sniper	110
snippet	132
snippety	100
snippy	106
snit	112
snitch	106
snitcher	98
snivel	123
snob	93
snobbery	109
snobbish	92
snobby	97
snood	108
snooker	112
snoop	84
snooper	94
snoopy	55
snoot	118
snooty	91
snooze	68
snoozer	104
snore	59
snorer	78
snorkel	91
snorkeler	97
snort	74
snot	55
snotty	72
snout	68
snow	41
snowball	47
snowberry	103
snowbird	101
snowboard	111
snowboarder	112
snowboarding	112
snowbound	108
snowcap	99
snowdrift	114
snowdrop	75
snowfall	56
snowflake	53
snowman	35
snowmobile	88
snowplow	82
snowshoe	77
snowstorm	59
snowsuit	64
snowy	48
snub	121
snuff	118
snuffbox	125
snug	64
snuggle	54
so	51
soak	65
soap	32
soapbox	80
soapstone	171
soapwort	147
soapy	57
soar	96
soave	126
sob	90
sober	108
sobering	129
soberness	108
sobriety	133
sobriquet	173
soc	130
soccer	59
sociability	136
sociable	99
social	104
socialism	137
socialist	136
socialistic	138
socialite	126
socialization	128
socialize	102
societal	124
society	87
socioeconomic	160
sociological	143
sociologist	124
sociology	128
sociopath	133
sociopathic	147
sociopolitical	157
socket	81
sockless	68
sod	108
soda	44
sodbuster	152
sodden	152
sodium	97
sodomite	133
sodomize	143
sodomy	150
soever	144
sofa	45
soft	40
softball	64
soften	74
softener	94
softheaded	108
softhearted	90
softie	95
softness	48
software	122
softwood	121
soggy	59
soil	65
soiree	134
sojourn	127
sojourner	147
solace	127
solar	90
solarium	119
solder	131
soldier	69
soldierly	111
soldiery	122
sole	71
solemn	125
solemnity	123
solemnize	144
solenoid	160
solicit	117
solicitation	138
solicitor	125
solicitous	125
solicitude	160
solid	78
solidarity	133
solidify	113
solidity	105
soliloquy	131
solipsism	156
solipsistic	174
solitaire	90
solitary	92
solitude	120
solo	73
soloist	100
solstice	105
soluble	119
solute	115
solution	90
solvable	101
solve	66
solvency	137
solvent	126
solver	100
somatic	149
somber	118
sombrero	91
some	48
somebody	53
someday	63
somehow	80
someone	49
someplace	64
somersault	56
something	50
sometime	65
sometimes	64
someway	71
somewhere	63
sommelier	152
somnambulant	146
somnambulism	172
somnambulistic	168
somnolent	133
son	38
sonar	114
sonata	149
song	43
songbird	75
songbook	64
songster	122
songstress	121
songwriter	77
songwriting	94
sonic	110
sonnet	124
sonogram	115
sonorous	145
soon	48
soot	72
sooth	94
soothe	84
soothing	84
soothsayer	141
soothsaying	143
sooty	111
sop	127
sophistic	137
sophisticate	140
sophisticated	110
sophistication	102
sophistry	156
sophomore	105
sophomoric	131
soporific	152
sopping	98
soppy	99
soprano	114
sorbet	120
sorcerer	114
sorceress	98
sorcery	104
sordid	136
sordidness	138
sore	58
sorehead	114
soreness	76
sorghum	139
sorority	142
sorrel	140
sorrow	84
sorrowful	101
sorrowing	124
sorry	34
sort	68
sorter	110
sortie	134
sot	139
soubise	160
soubrette	173
souffle	118
sough	137
souk	150
soul	62
soulful	114
soulfulness	114
soulless	113
sound	37
sounder	112
soundings	111
soundness	119
soundproof	112
soundtrack	86
soup	54
soupcon	154
soupy	73
sour	49
sourball	90
source	92
sourdough	96
sourpuss	88
sousaphone	151
souse	156
south	61
southbound	97
southeast	86
southeasterly	126
southeastern	96
southerly	140
southern	76
southerner	97
southernmost	108
southpaw	115
southwest	89
southwester	102
southwesterly	112
southwestern	78
souvenir	80
sovereign	130
sovereignty	141
soviet	102
sow	97
sowbelly	147
soy	136
soya	153
soybean	116
spa	111
space	57
spacecraft	68
spaceman	76
spaceport	131
spacer	100
spaceship	47
spacesuit	68
spacing	88
spacious	86
spackle	101
spade	81
spades	80
spadework	145
spaghetti	43
spall	144
spam	136
span	121
spandex	99
spangle	107
spangled	91
spaniel	79
spank	42
spanker	108
spanking	39
spanner	125
spar	109
spare	84
sparerib	101
spareribs	99
spark	80
sparker	81
sparkle	60
sparkler	63
sparkling	76
sparkly	45
sparkplug	96
sparrow	75
sparrowgrass	154
sparse	118
spasm	89
spasmodic	128
spastic	116
spat	88
spate	132
spatial	133
spatter	97
spatula	73
spawn	112
spay	117
speak	36
speakeasy	113
speaker	61
speakerphone	97
spear	72
spearfish	125
spearhead	117
spearmint	72
spec	125
special	50
specialist	100
specialization	112
specialize	113
specialness	94
specialty	90
specie	105
species	83
specific	93
specification	124
specificity	118
specify	92
specimen	117
specious	159
speciousness	169
speck	85
speckled	93
specs	129
spectacle	94
spectacular	90
spectator	109
specter	137
spectral	134
spectrogram	133
spectrograph	143
spectrographic	167
spectrometer	148
spectrometry	162
spectroscope	152
spectroscopic	161
spectroscopy	166
spectrum	122
speculate	113
speculation	126
speculative	129
speculator	118
speculum	143
speech	62
speechify	139
speechless	87
speechmaker	109
speechmaking	105
speechwriter	111
speed	51
speedball	123
speedboat	65
speeder	101
speedometer	94
speedster	94
speedway	90
speedy	66
spell	51
spellbinder	100
spellbinding	116
spellbound	103
spellcheck	114
speller	74
spelling	59
spelunking	125
spend	64
spendable	98
spender	85
spendthrift	132
sperm	111
spermaceti	169
spermatogenesis	167
spermicidal	151
spew	87
sphenoid	158
sphere	83
spherical	122
spheroidal	134
sphincter	138
sphinx	102
sphygmomanometer	173
spic	119
spice	68
spices	67
spick	125
spicy	51
spider	34
spiderweb	49
spidery	100
spiel	128
spiff	140
spiffy	93
spigot	95
spike	76
spiky	77
spill	38
spillage	114
spillover	137
spillway	112
spin	50
spinach	49
spinal	97
spindle	107
spindling	128
spindly	107
spine	74
spineless	110
spinelessness	119
spinet	149
spinnaker	133
spinner	99
spinney	123
spinningwheel	80
spinout	106
spinster	133
spinsterhood	127
spinsterish	154
spiny	102
spiral	89
spire	117
spirit	71
spirited	92
spiritless	123
spirits	86
spiritual	87
spiritualism	115
spiritualist	132
spiritualistic	129
spirituality	90
spiritualize	114
spirituous	125
spit	51
spitball	75
spite	117
spiteful	109
spitefulness	112
spitfire	120
spittle	97
spittoon	111
splash	37
splashdown	105
splashy	60
splat	64
splatter	80
splay	155
spleen	114
spleeny	140
splendid	72
splendiferous	149
splendor	108
splenetic	173
splenic	162
splice	133
splicer	149
splint	92
splinter	47
split	62
splitter	95
splotch	83
splotchy	104
splurge	106
splutter	129
spoil	63
spoiler	103
spoils	89
spoilsport	81
spoke	62
spokesman	90
spokesperson	105
spokeswoman	122
spoliation	151
sponge	50
sponger	146
spongiform	149
spongy	89
sponsor	107
sponsorship	134
spontaneity	130
spontaneous	98
spoof	97
spook	66
spooky	60
spool	80
spoonbill	160
spoonful	54
spoor	129
sporadic	123
spore	108
sporran	165
sport	57
sporting	88
sportive	129
sportscast	92
sportscaster	97
sportsman	108
sportsmanlike	96
sportsmanship	93
sportswear	98
sportswoman	95
sportswriter	119
sporty	70
spot	54
spotless	75
spotlight	79
spotter	116
spotty	68
spousal	126
spouse	99
spout	80
sprain	91
sprawl	96
sprawling	115
spray	58
sprayer	77
spread	57
spreader	92
spreadsheet	146
spree	104
sprig	103
spring	55
springboard	112
springbok	149
springtime	56
springy	89
sprinkle	55
sprinkler	55
sprint	86
sprinter	97
sprit	85
sprite	92
spritsail	174
sprocket	129
sprout	91
spruce	108
spry	123
spud	90
spumoni	143
spunk	108
spunky	84
spur	94
spurge	146
spurious	145
spurn	119
spurt	100
sputter	100
sputum	146
spy	80
spyglass	108
spyware	139
squab	129
squabble	104
squad	96
squadron	135
squalid	137
squall	116
squalor	137
squander	110
square	41
squash	69
squashy	99
squat	82
squatter	114
squatty	110
squaw	82
squawk	93
squawker	108
squeak	58
squeaker	92
squeaky	46
squeal	70
squealer	98
squeamish	102
squeegee	99
squeeze	54
squeezebox	114
squeezer	81
squelch	118
squelching	148
squelchy	147
squib	141
squid	73
squiggle	81
squiggly	66
squint	80
squinty	108
squire	110
squirm	92
squirmy	77
squirrel	44
squirt	65
squish	56
squishier	78
squishy	57
stab	64
stabber	93
stabile	112
stability	109
stabilization	115
stabilize	113
stabilizer	139
stable	89
stableman	102
staccato	103
stack	56
stadium	70
staff	100
staffer	129
staffing	114
stag	124
stage	63
stagecoach	90
stagecraft	154
stagehand	110
stagey	128
stagger	96
stagnant	119
stagnate	121
stagnation	132
stagy	122
staid	114
stain	52
stainable	96
stainless	107
stair	38
staircase	65
stairs	42
stairway	42
stairwell	89
stake	85
stakeout	112
stalagmite	116
stale	76
stalemate	107
stalk	82
stalker	112
stall	78
stallion	94
stalwart	144
stamen	114
stamina	109
stammer	99
stamp	63
stampede	96
stance	100
stanch	136
stanchion	167
stand	44
standard	92
standardization	129
standardize	107
standardized	104
standby	106
standee	137
standoff	96
standoffish	118
standout	106
standpipe	140
standpoint	121
standstill	100
standup	73
stanza	115
staph	135
staphylococcus	146
staple	72
stapler	58
star	39
starboard	137
starch	107
starchy	107
stardom	101
stardust	92
stare	76
starfish	58
stargaze	102
stargazer	115
stark	120
starless	87
starlet	112
starlight	74
starling	130
starlit	96
starry	79
starship	90
start	44
starter	74
startle	92
startling	103
startup	112
starvation	85
starve	83
starveling	142
starving	63
stash	100
stasis	132
stat	126
state	64
statecraft	148
statehood	123
statehouse	119
stateless	137
stately	117
statement	89
stateroom	119
stateside	121
statesman	129
statesmanlike	141
statesmanship	106
statewide	100
static	93
station	71
stationary	72
stationery	84
stationmaster	97
statistic	110
statistical	151
statistician	126
statistics	116
statuary	121
statue	76
statuesque	140
statuette	136
stature	111
status	116
statute	104
statutory	146
staunch	114
stave	127
stay	42
staysail	151
stead	113
steadfast	139
steadfastness	133
steadiness	89
steady	67
steadying	107
steak	66
steakhouse	105
steal	62
stealer	82
stealth	106
stealthy	107
steam	63
steamboat	77
steamer	91
steaming	97
steamroll	111
steamroller	77
steamship	71
steamy	88
steed	109
steel	77
steelhead	114
steelmaking	101
steelworker	103
steely	127
steep	80
steeple	72
steeplechase	125
steeplechaser	130
steeplejack	127
steer	60
steerage	132
steerageway	138
steering	76
steeringwheel	54
steersman	128
stegosaurus	90
stein	143
stele	135
stellar	115
stem	73
stemware	116
stench	92
stencil	69
steno	137
stenographer	135
stenographic	144
stenography	136
stenotype	133
stent	117
step	41
stepbrother	77
stepchild	79
stepdaughter	86
stepfather	84
stepladder	72
stepmother	63
stepparent	89
steppe	123
stepper	89
steppingstone	122
steps	37
stepsister	81
stepson	79
stepstool	80
stereo	60
stereochemistry	147
stereoisomerism	137
stereomicroscope	148
stereophonic	141
stereopticon	148
stereoscopic	125
stereoscopy	165
stereotype	106
stereotyped	133
stereotypical	127
sterile	114
sterility	137
sterilization	117
sterilize	117
sterilizer	108
sterling	107
stern	95
sternal	156
sternness	104
sternum	126
steroid	137
steroids	132
stethoscope	85
stevedore	137
stew	70
steward	122
stewardess	94
stewardship	137
stewpot	92
stick	39
stickball	86
sticker	44
stickiness	72
stickler	120
stickman	69
stickpin	106
stickup	87
sticky	41
stiff	82
stiffen	103
stiffener	109
stiffness	106
stifle	103
stigma	156
stigmatic	151
stigmatism	133
stile	110
stiletto	122
still	53
stillborn	130
stillness	81
stilly	127
stilt	102
stimulant	122
stimulate	100
stimulating	120
stimulation	86
stimulator	118
stimulatory	132
stimulus	146
sting	62
stinger	78
stinginess	88
stinging	68
stingy	78
stink	43
stinkbug	91
stinker	43
stinkpot	99
stinkweed	99
stinky	45
stint	131
stipend	172
stipple	146
stipulate	117
stipulation	138
stir	56
stirrer	86
stirrup	97
stitch	74
stitching	89
stoat	135
stock	92
stockade	119
stockbroker	110
stocker	112
stockholder	128
stocking	67
stockings	54
stockpile	109
stockpot	105
stockroom	104
stocktaking	132
stocky	102
stockyard	111
stodgy	138
stogie	123
stoic	140
stoical	156
stoicism	142
stoke	119
stokehold	151
stole	61
stolid	160
stolidity	168
stoma	163
stomach	53
stomachache	45
stomacher	143
stomp	58
stomper	83
stone	44
stonecutter	104
stonefish	132
stonemason	104
stonemasonry	142
stonewall	102
stoneware	117
stonework	125
stony	87
stooge	86
stool	62
stoolie	127
stoop	98
stopgap	146
stoplight	59
stopover	105
stoppage	110
stopper	76
stopwatch	83
storable	104
storage	76
store	48
storefront	89
storehouse	86
storekeeper	76
storekeeping	96
storeroom	81
storewide	118
storied	122
stork	76
storm	49
storminess	110
stormy	63
story	39
storyboard	116
storybook	49
storyline	102
storyteller	60
storytelling	52
storywriter	68
stoup	110
stout	101
stouthearted	120
stoutness	101
stove	43
stovepipe	95
stow	96
stowaway	95
strabismus	160
straddle	91
strafe	140
straggle	106
straggler	106
straight	68
straightedge	114
straighten	76
straightforward	96
straightforwardness	114
straightjacket	103
straightness	86
strain	86
strainer	96
strait	111
straitjacket	111
straitlaced	117
strand	84
strange	64
strangeness	93
stranger	45
strangle	77
stranglehold	110
strangulation	104
strap	56
strapless	119
strapping	93
stratagem	132
strategic	110
strategist	109
strategize	130
strategy	85
stratification	139
stratosphere	122
stratospheric	149
stratum	149
stratus	134
straw	42
strawberry	42
stray	76
streak	78
streaker	113
streaky	94
stream	65
streamer	71
streamlet	130
streamline	137
streamlined	128
streamliner	139
street	46
streetcar	100
streetlamp	66
streetlight	61
streetwalker	126
streetwalking	124
streetwise	125
strength	62
strengthen	97
strenuous	122
strep	107
streptococcal	148
streptokinase	178
streptomycin	194
stress	100
stressful	96
stressor	122
stretch	55
stretcher	94
stretchy	63
strew	100
stria	167
striated	144
striation	144
striatum	155
stricken	106
strict	76
strictness	86
stricture	139
stride	92
strident	143
strider	128
strife	118
strike	78
strikebreaker	139
strikeout	66
striker	92
string	49
stringed	89
stringency	149
stringent	144
stringer	114
strings	57
stringy	76
strip	76
stripe	40
striped	46
striper	91
stripling	129
stripper	111
striptease	148
stripy	102
strive	90
strobe	108
stroboscope	146
stroboscopic	158
stroganoff	93
stroke	92
stroll	78
stroller	78
strong	46
strongbox	122
stronghold	98
strongman	95
strongpoint	122
strontium	163
strop	128
strophic	162
stroppy	162
structural	113
structure	94
strudel	106
struggle	98
strum	92
strumpet	136
strut	90
strychnine	152
stub	95
stubble	93
stubbly	123
stubborn	72
stubbornness	84
stubby	98
stucco	117
stud	108
student	59
studio	96
studious	113
studiousness	106
study	66
stuff	50
stuffer	107
stuffiness	77
stuffy	68
stultification	169
stumble	79
stumblebum	131
stump	76
stumper	98
stun	96
stunner	113
stunning	97
stunt	87
stunted	107
stuntman	83
stupefy	122
stupendous	97
stupid	44
stupidity	71
stupor	131
sturdy	75
sturgeon	105
stutter	88
stutterer	101
sty	86
stygian	153
style	76
styling	84
stylish	84
stylist	86
stylistic	116
stylization	128
stylize	150
stylized	121
stylus	127
styptic	166
styrene	139
suave	110
suavity	134
sub	66
subaltern	159
subarachnoid	162
subatomic	129
subbasement	124
subchapter	115
subcommittee	120
subcompact	151
subconscious	117
subcontinent	123
subcontract	148
subcontractor	118
subculture	148
subcutaneous	141
subdivide	127
subdivision	103
subdominant	140
subdue	112
subdural	169
subfloor	124
subfreezing	105
subhead	122
subhuman	122
subject	73
subjection	126
subjective	123
subjectivity	147
subjugate	138
subjugation	159
subjunctive	135
sublease	150
sublet	152
sublevel	139
sublimate	130
sublimation	138
sublime	138
subliminal	119
sublimity	150
sublingual	155
sublunar	147
submachine	119
submarine	79
submariner	110
submerge	87
submergence	150
submerse	110
submersible	115
submersion	114
submission	113
submissive	129
submit	86
submitter	106
subnet	153
subnormal	123
suborbital	154
subordinate	147
subordination	128
suborn	111
subornation	129
subpar	119
subparagraph	110
subplot	109
subpoena	143
subroutine	140
subscribe	98
subscriber	99
subscription	104
subsection	140
subsequent	130
subservience	139
subservient	141
subset	117
subside	104
subsidiary	151
subsiding	124
subsidize	140
subsidized	148
subsidy	124
subsist	125
subsistence	132
subsoil	111
subsonic	144
subspace	131
subspecialty	140
substance	97
substandard	138
substantial	107
substantiate	143
substantiation	131
substantive	150
substation	128
substitute	71
substitution	88
substrate	160
substratum	144
substructure	139
subsurface	153
subsystem	129
subterfuge	132
subterranean	126
subtext	135
subtitle	98
subtle	116
subtleness	114
subtlety	125
subtotal	100
subtract	65
subtraction	63
subtype	132
suburb	95
suburban	116
suburbanite	117
suburbanizing	157
suburbia	121
subversion	143
subversive	138
subvert	132
subway	77
subzero	117
succedaneum	162
succeed	82
success	92
successful	86
succession	108
successive	119
successor	122
succinct	142
succor	145
succotash	102
succubus	158
succulent	123
succumb	130
such	64
suchlike	134
suck	56
sucker	61
suckerfish	112
suckle	96
sucrose	140
suction	94
sudden	67
suddenly	74
suddenness	94
suds	68
sudsy	83
sue	110
suede	105
suet	112
suffer	89
sufferance	127
sufferer	93
suffering	75
suffice	123
sufficiency	123
sufficient	110
suffix	92
suffocate	104
suffocation	98
suffragan	180
suffrage	144
suffragette	136
suffragist	150
sugar	40
sugarcane	76
sugarcoat	108
sugared	70
sugarless	88
sugarloaf	103
sugarplum	79
sugary	71
suggest	87
suggestibility	130
suggestible	112
suggestion	99
suggestive	100
suicidal	112
suicide	102
suit	67
suitability	106
suitable	98
suitcase	82
suite	94
suitor	119
sukiyaki	136
sulfa	141
sulfanilamide	180
sulfate	142
sulfide	131
sulfite	149
sulfonamide	160
sulfur	136
sulfuric	117
sulk	78
sulky	91
sullen	116
sully	127
sulphur	106
sulphuric	131
sulphurous	132
sultan	92
sultanate	156
sultry	122
sum	71
sumac	111
summarization	117
summarize	107
summary	80
summation	136
summer	43
summerhouse	103
summertime	52
summery	99
summit	101
summon	113
summons	122
sumo	98
sump	139
sumptuous	138
sumptuousness	141
sun	34
sunbath	96
sunbathe	85
sunbather	90
sunbeam	64
sunbelt	119
sunbird	115
sunburn	73
sunburst	110
sundae	51
sunday	54
sundeck	94
sunder	145
sundial	87
sundown	61
sundowner	150
sundress	93
sundries	126
sundry	130
sunfish	94
sunflower	60
sunglass	53
sunglasses	56
sunken	85
sunlamp	121
sunless	74
sunlight	50
sunlit	80
sunny	62
sunray	76
sunrise	57
sunroof	112
sunroom	94
sunscreen	53
sunset	61
sunshine	46
sunshiny	62
sunspot	122
sunstroke	98
suntan	64
suntanned	79
sunup	81
sup	115
super	53
superagency	161
superb	100
supercargo	131
supercharged	102
supercharger	127
supercilious	149
supercomputer	124
superconducting	141
superconductivity	138
superconductor	138
supercritical	134
superego	154
superficial	128
superfluity	161
superfluous	144
superglue	72
superheat	111
superheated	102
superhero	54
superhighway	111
superhuman	77
superimpose	125
superimposition	132
superintendant	99
superintendent	85
superior	98
superiority	107
superlative	129
supermarket	45
supermodel	104
supermom	103
supernatural	111
supernormal	116
supernova	108
superoxide	147
superposition	133
superpower	75
supersede	135
supersensitive	129
supersensory	129
supersession	135
superset	146
supersize	92
supersonic	101
superstar	102
superstition	104
superstitious	94
superstore	105
superstructure	131
supertanker	121
supervise	110
supervision	89
supervisor	92
supervisory	114
superwoman	84
supine	164
supper	63
suppertime	36
supplant	135
supple	117
supplement	114
supplemental	126
supplementary	121
suppleness	111
supplicant	119
supplicate	161
supplication	122
supplier	100
supply	87
support	85
supportable	112
supporter	88
supportive	96
suppose	82
supposed	87
supposition	122
suppository	120
suppress	129
suppressant	145
suppresser	123
suppression	117
suppressive	133
suppressor	128
suppurate	166
suppuration	168
supremacist	139
supremacy	131
supreme	85
surcease	135
surcharge	125
surd	128
sure	48
surefire	117
surety	124
surf	74
surface	89
surfactant	160
surfeit	132
surfer	76
surge	98
surgeon	86
surgery	77
surgical	106
surliness	141
surly	115
surmise	127
surmount	136
surmountable	132
surname	122
surpass	110
surplice	153
surplus	113
surprise	55
surprised	66
surprising	76
surreal	137
surrealism	139
surrealist	140
surrealistic	135
surrender	76
surreptitious	143
surrogacy	149
surrogate	149
surround	80
surroundings	73
surtax	156
surveillance	113
survey	113
surveyor	117
survivability	117
survivable	109
survival	85
survivalist	125
survive	71
survivor	80
survivorship	135
susceptibility	145
susceptible	99
sushi	112
suspect	86
suspend	91
suspender	74
suspense	95
suspenseful	111
suspension	101
suspensor	121
suspicion	102
suspicious	76
suspiciousness	107
sustain	104
sustainability	134
sustainable	127
sustainer	109
sustenance	132
susurration	120
suture	146
svelte	154
swab	89
swaddle	102
swaddling	109
swag	130
swagger	120
swallow	52
swallower	102
swallowtail	126
swami	111
swamp	80
swampland	82
swampy	78
swan	63
swank	97
swanky	118
swap	75
sward	113
swarm	87
swart	150
swarthy	127
swash	116
swashbuckler	112
swashbuckling	119
swastika	105
swat	72
swatch	107
swath	134
swathe	121
swatter	114
sway	96
swayback	136
swear	72
sweat	73
sweatband	98
sweatbox	119
sweater	52
sweathouse	123
sweatpants	65
sweatshirt	50
sweatshop	113
sweaty	59
sweep	42
sweepback	116
sweeper	82
sweepstake	107
sweet	45
sweetcorn	73
sweeten	78
sweetener	96
sweetheart	63
sweetie	66
sweetness	69
sweetshop	78
swell	74
swellfish	103
swellhead	123
swelter	117
swerve	87
swift	78
swiftness	95
swig	99
swill	140
swim	42
swimmer	51
swimming	46
swimmingpool	42
swimmy	82
swimsuit	56
swimwear	52
swindle	111
swindler	117
swine	107
swing	42
swinger	137
swingman	120
swingy	85
swinish	111
swipe	96
swirl	67
swish	99
swishy	91
switch	48
switchback	124
switchblade	103
switchboard	86
switcheroo	84
switchover	106
swivel	95
swizzle	104
swoon	122
swoony	128
swoop	61
swoosh	72
sword	54
swordfish	93
swordplay	100
swordsman	98
swordsmanship	112
swordswoman	96
sybarite	180
sycamore	111
sycophant	159
sycophantic	172
syllabication	138
syllable	81
syllabus	137
syllogism	150
sylvan	130
sym	143
symbiosis	147
symbiotic	144
symbol	73
symbolic	104
symbolism	107
symbolize	98
symmetric	100
symmetrical	108
symmetry	114
sympathetic	94
sympathize	94
sympathizer	131
sympathy	88
symphonic	135
symphony	83
symposium	148
symptom	87
symptomatic	113
synagogue	117
synapse	149
synaptic	168
sync	132
synchromesh	141
synchronicity	145
synchronistic	146
synchronization	127
synchronize	115
synchronizer	138
synchronous	162
syncopate	130
syncopation	120
syncope	158
syndicate	154
syndication	146
syndrome	117
synecdoche	151
synergistic	161
synergy	148
synod	143
synonym	83
synonymous	115
synopsis	127
synoptic	145
synovial	160
syntax	147
synthesis	118
synthesize	133
synthesizer	109
synthetic	107
syphilis	147
syphilitic	173
syringe	106
syrup	54
syrupy	70
system	99
systematic	121
systemic	143
systemize	137
systolic	172
tab	93
tabernacle	105
table	44
tableau	128
tablecloth	63
tablespoon	66
tablespoonful	76
tablet	68
tabletop	48
tableware	76
tabloid	110
taboo	123
tabula	139
tabulate	133
tabulation	145
tabulator	149
tachometer	144
tachycardia	162
tachyon	179
tacit	124
taciturn	148
tack	66
tackiness	97
tackle	93
tackler	116
tacky	93
taco	77
taconite	113
tact	104
tactful	102
tactic	110
tactical	118
tactician	148
tactics	94
tactile	156
tactless	123
tad	93
tadpole	64
taffeta	144
taffrail	180
taffy	74
tag	50
tagalong	91
tagger	101
tai	138
tail	37
tailback	124
tailbone	92
tailcoat	123
tailgate	113
tailgater	128
tailless	79
taillight	93
tailor	98
tailpipe	90
tailspin	90
tailwind	137
taint	98
taka	174
take	44
takeaway	91
takedown	115
takeoff	74
takeout	83
takeover	102
taker	79
talc	102
talcum	100
tale	63
talebearer	114
talent	70
talented	82
talentless	97
talisman	127
talk	37
talkative	80
talkativeness	85
talker	57
talkie	101
talky	98
tall	50
tallboy	124
tallish	91
tallness	73
tallow	106
tally	102
talon	105
talus	161
tamale	106
tamarind	149
tamarisk	151
tambourine	65
tame	76
tamer	111
tamp	156
tamper	113
tamperproof	137
tampon	121
tan	70
tanager	137
tanbark	123
tandem	116
tang	91
tangelo	144
tangent	122
tangential	137
tangerine	82
tangibility	131
tangible	116
tanginess	104
tangle	63
tango	107
tangy	86
tank	72
tankard	129
tanker	90
tannery	134
tannic	148
tansy	124
tantalize	129
tantalizer	136
tantalum	165
tantamount	152
tantric	162
tantrum	66
tap	58
tape	44
tapeline	114
tapemeasure	83
taper	107
taperecorder	85
tapestry	110
tapeworm	111
tapioca	92
tapir	112
tapper	78
taproom	153
taps	89
tapster	164
tar	72
tarantella	106
tarantula	78
tardiness	87
tardy	73
target	76
tariff	140
tarlatan	176
tarmac	134
tarn	132
tarnish	114
taro	142
tarot	119
tarp	86
tarpaulin	102
tarpon	141
tarragon	138
tarry	113
tart	83
tartan	123
tartar	99
tartaric	150
task	79
taskmaster	114
tassel	94
taste	43
tasteful	91
tasteless	95
tastelessness	108
taster	73
tasty	54
tat	117
tattered	104
tatters	105
tattle	63
tattler	54
tattletale	57
tattoo	78
tattooist	112
tatty	124
tau	158
taunt	81
taupe	128
taut	115
tautness	118
tautology	158
tavern	88
taw	148
tawdry	139
tawny	119
tax	89
taxable	113
taxation	114
taxi	76
taxicab	79
taxidermist	117
taxidermy	122
taxman	127
taxonomic	148
taxpayer	104
taxpaying	103
tea	55
teabag	67
teach	47
teachable	90
teacher	46
teaching	53
teacup	54
teahouse	104
teak	150
teakettle	74
teakwood	130
teal	94
team	60
teammate	62
teamster	126
teamwork	78
teapot	62
tear	49
teardown	104
teardrop	61
tearful	82
teargas	114
tearjerker	111
tearoom	106
teary	62
tease	51
teasel	135
teaser	90
teashop	97
teaspoon	53
teaspoonful	74
teat	119
teatime	67
tech	129
techie	162
technetium	170
technical	105
technicality	133
technician	88
technique	119
techno	139
technocracy	174
technocrat	155
technological	114
technology	91
technophobe	171
tectonic	115
tedious	118
tediousness	117
tedium	136
tee	82
teem	133
teeming	104
teen	80
teenage	69
teenaged	81
teenager	72
teens	78
teensy	71
teeny	54
teenybopper	107
teepee	59
teeter	72
teethe	78
teething	84
teetotal	149
teetotaler	136
telecast	125
telecommunication	144
telecommuter	173
teleconference	155
telegram	108
telegraph	95
telegrapher	108
telegraphic	116
telegraphy	119
telekinesis	144
telekinetic	115
telemarketer	122
telemarketing	142
telemetric	141
telemetry	147
telepath	113
telepathic	119
telepathy	114
telephone	46
telephonic	121
telephonist	119
telephoto	128
teleport	88
teleportation	101
teleprompter	135
telescope	70
telescopic	113
telethon	117
teletype	139
televangelism	144
televangelist	117
televise	103
televised	80
television	41
telex	138
tell	43
teller	99
telltale	116
tellurium	159
tem	110
temblor	160
temerity	141
temp	111
temper	62
tempera	136
temperament	109
temperamental	98
temperance	137
temperate	117
temperature	62
tempest	125
tempestuous	153
templar	151
template	114
temple	88
tempo	97
temporal	158
temporarily	81
temporary	88
tempore	142
temporize	131
tempt	86
temptation	84
tempter	119
tempting	95
temptress	122
tempura	145
tempus	172
ten	36
tenability	167
tenable	147
tenacious	141
tenacity	137
tenancy	144
tenant	103
tenantless	131
tend	98
tendency	126
tendentious	144
tender	71
tenderfoot	109
tenderhearted	90
tenderize	96
tenderizer	113
tenderloin	90
tenderness	88
tendinitis	132
tendon	96
tendonitis	150
tendril	135
tenement	127
tenet	139
tennis	75
tennisracket	73
tenon	155
tenor	126
tense	94
tenseness	110
tensile	142
tension	97
tensor	126
tent	52
tentacle	86
tentative	120
tenterhooks	139
tenth	54
tentmaker	85
tenuous	133
tenure	158
tepee	56
tepid	134
tequila	137
terabyte	154
terahertz	160
terbium	157
tercentenary	138
tergiversation	140
teriyaki	112
term	83
termagant	172
terminal	93
terminate	112
termination	115
terminator	112
terminology	111
terminus	150
termite	79
tern	145
terpsichorean	156
terrace	99
terracotta	142
terrain	110
terrarium	124
terrazzo	122
terrestrial	122
terrible	56
terrier	87
terrific	60
terrified	85
terrify	80
terrifying	83
terrine	133
territorial	101
territorialism	127
territoriality	141
territory	89
terror	88
terrorism	128
terrorist	128
terroristic	155
terrorize	97
terrycloth	121
terse	110
terseness	142
tertiary	144
test	63
testament	91
testator	147
tester	88
testicle	116
testicular	132
testify	100
testimonial	124
testimony	103
testiness	128
testosterone	122
testy	93
tetanus	110
tetchy	163
tether	107
tetherball	94
tetracycline	147
tetrameter	141
tetrazzini	144
text	78
textbook	76
textile	98
textural	139
texture	94
textured	104
thalamus	168
thalidomide	187
thallium	149
than	55
thane	125
thank	38
thankful	55
thankfulness	80
thankless	108
thanks	35
thanksgiving	47
that	55
thatch	107
thatched	113
thaw	81
the	40
theater	69
theatergoer	126
theatric	106
theatrical	94
theatricality	127
theatrics	108
theft	81
their	53
theistic	131
them	49
thematic	138
theme	85
themselves	59
then	67
thence	113
theocracy	130
theologian	145
theological	128
theology	127
theorem	125
theoretic	130
theoretical	134
theorist	118
theorize	135
theory	94
theosophical	160
theosophist	160
therapeutic	124
therapist	109
therapy	120
there	53
thereabout	99
thereat	130
therefore	99
thereunto	128
thermal	110
thermionic	175
thermocouple	150
thermodynamic	136
thermodynamics	150
thermograph	157
thermometer	66
thermonuclear	147
thermoplastic	156
thermos	83
thermosetting	136
thermostat	89
thermostatic	133
thesaurus	93
these	64
thesis	128
thespian	134
theta	153
thew	175
they	49
thiamine	138
thick	56
thicken	86
thickener	92
thicket	79
thickheaded	106
thickness	64
thief	72
thieve	93
thievery	99
thieving	93
thigh	64
thighbone	90
thimble	80
thimbleful	96
thin	65
thing	46
thingamabob	57
thingamajig	72
thingy	58
think	48
thinker	76
thinness	78
third	46
thirst	61
thirsty	39
thirty	59
thirtyish	98
this	49
thistle	106
thistledown	149
thong	124
thoracic	153
thorax	113
thorium	166
thorn	60
thorny	76
thorough	89
thoroughbred	113
thoroughfare	134
thoroughly	102
thoroughness	101
thorp	155
those	50
though	73
thought	59
thoughtful	90
thoughtfulness	93
thoughtless	96
thoughtlessness	100
thousand	66
thousandfold	122
thrall	131
thrash	87
thrasher	108
thread	71
threadbare	118
threadlike	115
threat	71
threaten	90
three	37
threepence	114
threescore	132
threesome	126
thresh	140
thresher	125
threshing	122
threshold	119
thrice	123
thrift	105
thriftiness	119
thrifty	107
thrill	84
thriller	82
thrilling	85
thrive	94
thriving	100
thro	132
throat	51
throaty	97
throb	100
throbbing	94
throes	140
thrombocytopenic	178
thrombosis	183
thrombus	152
throne	73
throng	129
throttle	106
through	58
throughput	158
throve	128
throw	41
throwaway	64
throwback	136
thrower	86
thrum	132
thrush	158
thrust	97
thruster	109
thrusting	115
thud	81
thug	106
thuggish	130
thumb	44
thumbhole	89
thumbnail	86
thumbprint	68
thumbscrew	121
thumbtack	72
thump	76
thumper	72
thunder	49
thunderbolt	66
thunderclap	94
thundercloud	71
thunderhead	116
thunderous	100
thundershower	83
thunderstorm	70
thunderstruck	122
thus	92
thwack	122
thwart	126
thyme	124
thymine	150
thymus	154
thyroid	138
tiara	68
tibia	121
tic	81
tick	60
ticker	99
ticket	53
tickle	44
tickler	66
ticklish	47
tickly	45
tidal	118
tidbit	92
tiddlywinks	96
tide	67
tidewater	109
tidiness	100
tidings	97
tidy	85
tie	47
tiebreaker	85
tiepin	129
tier	122
tierce	146
tiered	113
tiffin	175
tiger	40
tigerish	116
tight	53
tighten	70
tightfisted	125
tightlipped	125
tightness	81
tightrope	77
tights	72
tightwad	102
tigress	90
tile	68
tiling	106
till	69
tiller	113
tilt	88
tilter	103
timber	65
timbre	101
timbrel	160
time	52
timecard	135
timekeeper	102
timekeeping	104
timeless	98
timelessness	108
timely	107
timeout	55
timepiece	93
timer	63
times	67
timesaver	99
timeshare	143
timestamp	138
timetable	106
timid	98
timidity	108
timing	88
timpani	106
timpanist	134
tin	68
tincture	151
tinder	116
tinderbox	122
tine	96
tinfoil	78
ting	100
tinge	103
tingle	90
tinhorn	115
tinker	76
tinkerer	109
tinkle	57
tinkling	85
tinned	125
tinnitus	149
tinny	103
tinplate	109
tinsel	66
tinsmith	114
tint	100
tinting	96
tintinnabulation	150
tintype	173
tiny	53
tip	54
tipoff	110
tipper	102
tippet	118
tipple	143
tippler	108
tipsiness	145
tipster	138
tipsy	127
tiptoe	56
tiptop	80
tirade	126
tire	62
tired	46
tiredness	72
tireless	110
tirelessness	101
tiresome	84
tiring	76
tissue	48
tit	103
titan	112
titanium	136
tithe	115
tithing	119
titillate	143
titillation	144
title	63
titmouse	133
titrate	147
titter	128
tittle	122
titular	143
tizzy	116
to	40
toad	61
toadstool	91
toady	104
toast	47
toaster	67
toasty	79
tobacco	74
tobacconist	146
toboggan	101
toccata	157
tock	65
tocsin	148
today	48
toddle	115
toddler	61
toddy	153
toe	30
toed	84
toehold	119
toeless	86
toenail	51
toffee	62
tofu	119
tog	129
toga	111
together	59
togetherness	72
toggle	126
toil	114
toile	125
toiler	161
toilet	35
toiletpaper	51
toiletry	102
toilette	89
toilsome	143
tokay	135
toke	133
token	76
tolerable	100
tolerance	86
tolerant	108
tolerate	104
toll	84
tollbooth	92
tollgate	106
tollhouse	125
toluene	155
tomahawk	83
tomato	46
tomb	110
tomboy	64
tombstone	80
tomcat	82
tome	132
tomfool	101
tomfoolery	113
tommyrot	134
tomography	141
tomorrow	52
tomtit	125
ton	74
tonal	129
tonality	135
tone	77
toneless	119
toner	142
tong	96
tongs	78
tongue	45
tonic	126
tonight	47
tonnage	121
tonsil	95
tonsillectomy	118
tonsillitis	96
tonsorial	148
tonsure	130
tontine	147
too	51
tool	54
toolbox	67
toolkit	78
toot	55
tooter	111
tooth	36
toothache	65
toothbrush	43
toothless	65
toothpaste	33
toothpick	68
toothsome	91
toothy	91
toots	57
top	39
topaz	112
topcoat	99
toper	116
topflight	113
topgallant	117
topiary	144
topic	78
topical	120
topknot	130
topless	101
topmost	99
topnotch	97
topographic	131
topographical	141
topography	134
topple	74
topsail	109
topside	96
topsoil	96
topspin	112
toque	130
tor	165
torch	78
torchbearer	105
torchlight	85
torchy	123
torment	86
tormentor	104
tornado	62
torpedo	84
torpid	128
torpidity	127
torpor	162
torque	133
torrent	134
torrential	140
torrid	129
torsion	146
torso	93
tort	165
torte	136
tortellini	123
tortilla	83
tortoise	59
tortoiseshell	102
tortuous	126
torture	107
torturer	108
torturous	121
torus	143
toss	41
tosspot	118
tossup	113
tostada	128
tot	70
total	68
totalitarian	142
totalitarianism	151
totality	120
tote	107
totem	82
totemic	124
totempole	87
totter	71
toucan	87
touch	52
touchdown	79
touchhole	148
touchline	112
touchstone	145
touchup	92
touchy	100
tough	55
toughen	84
toughie	91
toughness	87
toupee	96
tour	72
tourism	95
tourist	88
touristy	116
tournament	78
tournedos	152
tourney	112
tourniquet	127
tout	125
tow	86
toward	63
towards	63
towel	32
tower	63
towering	97
towhead	120
towheaded	113
towline	116
town	51
townhouse	126
townie	117
townsfolk	91
township	115
townsman	93
townspeople	79
townswoman	98
towpath	151
toxemia	167
toxic	91
toxicity	137
toxicological	155
toxicologist	148
toxicology	146
toxin	93
toy	30
toymaker	59
trace	68
traceable	103
tracer	101
tracery	116
trachea	120
tracheal	150
tracheotomy	146
trachoma	180
track	69
tracker	96
trackless	111
trackside	112
tracksuit	105
tract	137
tractable	119
traction	110
tractor	55
trade	64
tradecraft	126
trademark	104
tradeoff	100
trader	88
tradesman	114
trading	64
tradition	80
traditional	100
traditionalism	126
traditionalist	125
traffic	62
trafficker	135
trafficking	146
tragedian	156
tragedy	102
tragic	84
tragicomedy	144
trail	56
trailblazer	107
trailbreaker	107
trailer	64
train	40
traindriver	83
trainee	118
trainer	100
training	85
trainload	91
trainman	69
traipse	124
trait	106
traitor	94
traitorous	109
trajectory	119
tram	105
tramline	147
tramp	84
trample	92
trampoline	68
tramway	121
trance	100
trancelike	130
tranquil	134
tranquilize	117
tranquilized	113
tranquilizer	116
tranquilizers	117
transact	118
transaction	112
transactional	152
transatlantic	116
transaxle	141
transceiver	135
transcend	140
transcendence	148
transcendent	133
transcendental	136
transcendentalism	139
transcendentalist	168
transcontinental	120
transcribe	132
transcriber	124
transcript	135
transcription	125
transducer	141
transect	117
transept	154
transfer	103
transferable	101
transference	143
transferral	126
transfiguration	131
transform	82
transformation	112
transformational	141
transformative	145
transformer	101
transfuse	127
transfusion	120
transgender	147
transgendered	165
transgenic	140
transgress	153
transgression	122
transgressor	126
transience	145
transient	143
transistor	127
transit	112
transition	104
transitional	122
transitive	120
transitory	149
translatable	112
translate	100
translation	97
translator	91
translucence	142
translucent	120
transmigration	139
transmission	119
transmit	98
transmittable	125
transmitter	119
transmogrification	157
transmutation	158
transmute	142
transnational	151
transoceanic	128
transom	134
transonic	162
transpacific	130
transparency	110
transparent	107
transpersonal	131
transpire	118
transplant	104
transplantation	115
transponder	151
transport	104
transportable	104
transportation	81
transporter	107
transpose	141
transposition	140
transsexual	137
transshipment	146
transubstantiate	164
transubstantiation	146
transverse	148
transvestite	139
trap	64
trapdoor	92
trapeze	93
trapezium	160
trapezoid	121
trapezoidal	137
trapper	91
trapshooting	136
trash	45
trashcan	45
trashy	79
trauma	97
traumatic	105
traumatism	134
traumatize	117
travail	149
travel	59
traveler	69
travelogue	154
traverse	147
travertine	118
travesty	121
travois	176
trawl	136
trawler	131
tray	60
treacherous	123
treachery	124
treacle	166
tread	88
treadmill	112
treason	114
treasonable	127
treasonous	130
treasure	61
treasured	85
treasurer	99
treasury	112
treat	46
treatable	97
treatise	133
treatment	81
treaty	98
treble	99
trebuchet	154
tree	36
treed	124
treeless	92
treelike	86
treetop	56
trek	96
trekker	117
trellis	112
tremble	89
trembler	130
tremendous	106
tremolo	130
tremor	107
tremulous	154
trench	102
trenchant	156
trend	108
trendiness	121
trendsetter	127
trendsetting	122
trendy	108
trepan	176
trepanation	162
trephination	143
trepidation	149
trespass	92
trespasser	79
tress	113
tresses	108
trestle	138
triad	122
triage	144
trial	92
triangle	49
triangular	78
triangulate	129
triangulation	148
triathlon	131
tribal	86
tribe	82
tribesman	101
tribeswoman	104
tribulation	150
tribunal	136
tribune	124
tributary	127
tribute	104
trice	125
triceps	113
triceratops	53
trichinosis	189
trick	60
trickery	96
trickle	82
trickster	90
tricky	55
tricolor	125
tricuspid	155
tricycle	40
trident	116
trifle	122
trifling	120
trifocals	129
trig	139
trigger	83
triggerman	136
triglyceride	158
trigonometry	133
trilby	160
trilingual	132
trill	94
trillion	89
trillium	169
trilogy	107
trim	70
trimester	121
trimeter	141
trimmer	90
trine	116
trinket	94
trinomial	139
trio	84
triode	146
trip	42
tripe	126
triple	68
triplet	81
triplex	133
triplicate	144
tripod	93
triptych	127
tripwire	133
trireme	117
triskaidekaphobia	171
trite	130
tritium	160
triumph	102
triumphal	122
triumphant	89
triumvirate	165
triune	166
trivet	128
trivia	84
trivial	118
triviality	131
trivialize	130
trochaic	146
troglodytic	180
troll	57
trolley	85
trollop	148
trombone	78
tromp	117
troop	84
trooper	113
troops	78
troopship	116
trophy	56
tropic	104
tropical	90
tropics	105
trot	73
troth	142
troubadour	132
trouble	46
troubled	72
troublemaker	82
troubleshooter	130
troublesome	81
troublous	128
trough	84
trounce	115
troupe	132
trouper	95
trouser	72
trousers	79
trousseau	151
trout	86
trove	144
trow	127
trowel	122
truancy	137
truant	120
truce	88
truck	38
trucker	72
truckle	140
truckload	80
truculent	144
trudge	127
true	46
truehearted	108
truffle	136
truism	135
trump	112
trumpery	190
trumpet	63
truncheon	151
trundle	113
trunk	83
truss	134
trust	66
trustable	81
trustee	128
trusteeship	163
trustful	90
trustworthiness	100
trustworthy	80
trusty	62
truth	44
truthful	63
truthfulness	75
try	34
tryout	90
tryptophan	167
tryst	175
tsar	121
tsetse	110
tsunami	130
tub	40
tuba	70
tubby	101
tube	55
tuber	105
tubercle	126
tubercular	139
tuberculin	141
tuberculosis	121
tubful	82
tubing	108
tubular	115
tuck	58
tuft	99
tufted	134
tug	52
tugboat	62
tuition	108
tulip	71
tulle	124
tumble	79
tumbler	104
tumbleweed	80
tumbrel	124
tumescence	180
tumescent	133
tumid	157
tummy	37
tumor	103
tumult	124
tumultuous	142
tumulus	162
tuna	57
tundra	121
tune	73
tuneable	130
tuneless	106
tuner	87
tunesmith	116
tungsten	148
tunic	114
tunnel	59
tunny	125
turban	102
turbid	158
turbine	111
turbo	122
turbocharger	132
turbojet	106
turboprop	162
turbot	137
turbulence	115
turbulent	128
turd	84
tureen	141
turf	110
turgid	160
turkey	40
turmeric	150
turmoil	128
turn	41
turnabout	139
turnaround	106
turncoat	120
turndown	104
turner	96
turnip	70
turnkey	143
turnoff	111
turnout	110
turnover	104
turnpike	111
turnstile	137
turntable	104
turpentine	100
turpitude	134
turquoise	77
turret	120
turreted	129
turtle	42
turtleback	99
turtledove	88
turtlehead	101
turtleneck	68
tush	83
tusk	77
tusker	147
tussle	108
tut	108
tutee	105
tutelage	142
tutelary	140
tutor	86
tutorial	100
tutoring	93
tutu	70
tux	98
tuxedo	83
tv	35
twaddle	110
twain	118
twang	119
twat	154
tweak	111
twee	147
tweed	121
tweet	130
tweeting	166
tweeze	91
tweezer	99
tweezers	72
twelfth	71
twelve	45
twelvemonth	107
twerp	80
twice	59
twiddle	96
twig	63
twilight	100
twilit	128
twill	108
twin	61
twine	94
twinge	118
twinkle	45
twinkly	68
twirl	37
twirler	78
twist	65
twister	75
twisty	65
twit	120
twitch	88
twitchy	94
twitter	181
two	42
twofer	159
twosome	118
tycoon	97
tyke	87
tympanic	133
type	66
typecast	135
typeface	133
typeset	111
typesetter	124
typesetting	134
typewrite	115
typewriter	67
typewritten	85
typhoid	136
typhoon	98
typhus	131
typical	86
typify	152
typist	86
typo	107
typographical	116
tyrannical	130
tyrannosaur	64
tyrannosaurus	74
tyrannous	130
tyranny	121
tyrant	112
tyrosine	157
ubiquitous	164
ubiquity	174
udder	73
ugliness	63
ugly	42
ukulele	108
ulcer	127
ulcerate	158
ulcerated	155
ulceration	148
ulcerative	145
ulna	139
ulster	142
ulterior	125
ultimate	104
ultimately	104
ultimatum	115
ultra	93
ultrahigh	134
ultralow	113
ultramodern	136
ultranationalist	156
ultrasonic	147
ultrasound	122
ultraviolet	107
umber	142
umbilical	116
umbilicus	151
umbrage	139
umbrella	57
umlaut	156
ump	96
umpire	76
unabashed	142
unabated	139
unable	78
unabridged	141
unacceptability	98
unacceptable	99
unaccommodating	124
unaccompanied	114
unaccomplished	112
unaccountable	114
unaccounted	102
unaccustomed	110
unachievable	119
unacknowledged	133
unacquainted	112
unadorned	127
unadulterated	150
unadvised	120
unaesthetic	135
unaffected	110
unaffiliated	137
unaffordable	112
unafraid	91
unaided	106
unalienable	127
unalike	96
unalloyed	165
unalterable	116
unaltered	104
unambiguous	151
unanchored	109
unanimity	122
unanimous	105
unannounced	89
unanswerable	92
unanswered	79
unanticipated	123
unapologetic	103
unappealing	104
unappeased	141
unappetizing	107
unappreciated	94
unappreciative	92
unapproachable	118
unapproved	100
unapt	150
unarmed	100
unashamed	98
unasked	102
unassailable	146
unassigned	104
unassisted	89
unassuming	110
unattached	106
unattainable	111
unattended	98
unattractive	82
unattributed	131
unauthorized	103
unavailability	97
unavailable	96
unavailing	134
unavoidable	83
unaware	99
unbaked	91
unbalance	81
unbalanced	106
unbarred	133
unbearable	102
unbeatable	76
unbeaten	99
unbeautiful	91
unbecoming	118
unbefitting	138
unbelief	98
unbelievable	83
unbeliever	89
unbelieving	109
unbend	82
unbending	109
unbiased	136
unbidden	135
unbilled	124
unbind	116
unbleached	119
unblemished	121
unblended	105
unblessed	93
unblinking	102
unblock	90
unblocked	96
unbolt	98
unborn	102
unbounded	105
unbowed	121
unbraid	91
unbreakable	81
unbridgeable	119
unbridled	109
unbroken	79
unbuckle	61
unbuckled	56
unburden	130
unburied	85
unburned	83
unbury	96
unbutton	51
unbuttoned	52
uncalculated	103
uncalled	86
uncanny	125
uncap	75
uncaring	82
uncase	111
uncatchable	77
uncaught	94
unceasing	105
uncelebrated	123
uncensored	118
unceremonious	147
uncertain	84
uncertainty	122
unchain	75
unchained	84
unchallenged	105
unchallenging	108
unchangeable	107
unchanged	85
unchanging	92
uncharacteristic	112
uncharitable	104
uncharted	110
unchartered	126
unchaste	138
uncheck	87
unchecked	106
unchristian	101
uncircumcised	130
uncivil	123
uncivilized	108
unclaimed	97
unclasp	100
unclassified	118
uncle	45
unclean	68
uncleanness	77
unclear	82
unclench	109
unclick	100
unclip	97
uncloak	113
unclog	83
unclose	102
unclouded	94
uncluttered	99
uncoil	99
uncollected	96
uncombed	66
uncomfortable	72
uncommitted	122
uncommon	90
uncommunicative	122
uncomplaining	128
uncompleted	88
uncomplicated	116
uncomplimentary	125
uncompounded	138
uncomprehending	126
uncompromised	114
uncompromising	126
unconcern	94
unconcerned	96
unconditional	104
unconditioned	134
unconfined	133
unconfirmed	110
unconfused	91
unconnected	94
unconquerable	127
unconquered	97
unconscionable	136
unconscious	94
unconsciousness	95
unconsecrated	121
unconstitutional	139
unconstitutionality	120
unconstrained	132
unconsummated	148
uncontained	115
uncontaminated	118
uncontestable	143
uncontested	111
uncontrollable	101
uncontrolled	97
uncontroversial	132
unconventional	117
unconventionality	132
unconvinced	108
unconvincing	107
uncooked	80
uncooperative	88
uncoordinated	94
uncork	108
uncorrected	80
uncorroborated	135
uncorrupted	110
uncountable	107
uncounted	92
uncouple	133
uncoupled	125
uncouth	114
uncover	72
uncrated	99
uncreated	113
uncreative	80
uncritical	120
uncross	76
uncrossed	99
uncrowned	113
uncrushable	114
uncrushed	78
unction	148
unctuous	157
uncultured	123
uncurious	88
uncurl	83
uncut	85
undamaged	93
undated	95
undaunted	133
undead	96
undeceive	118
undecided	78
undeclared	129
undecorated	92
undefeatable	100
undefeated	90
undefended	114
undefiled	162
undefined	112
undeliverable	110
undelivered	102
undemanding	125
undemocratic	128
undemonstrative	139
undeniable	109
undependable	78
under	59
underachievement	105
underachiever	100
underage	110
underappreciated	103
underarm	73
underbelly	110
underbid	135
underbrush	101
undercapitalization	153
undercarriage	113
undercharged	122
underclass	114
underclassman	127
underclothes	77
underclothing	70
undercoat	128
undercooked	96
undercover	97
undercroft	139
undercurrent	113
undercut	124
underdevelop	109
underdeveloped	114
underdog	104
underdone	100
underdressed	101
underestimate	96
underexpose	120
underexposed	126
underfed	115
underfunded	120
undergarment	102
undergird	136
undergo	109
undergrad	137
undergraduate	124
underground	74
undergrowth	113
underhanded	110
underinsured	162
underlay	124
underlie	108
underline	67
underling	123
underlip	101
underlying	121
undermanned	137
undermine	125
undermost	112
undernourished	116
undernourishment	127
underpants	34
underpass	92
underpay	113
underplay	140
underpowered	108
underprepared	112
underprivileged	101
underrate	132
underrated	118
underscore	122
undersea	62
undersecretary	150
undersell	139
undersexed	146
undersheriff	146
undershirt	56
undershoot	131
undershorts	62
undershot	113
underside	100
undersigned	129
undersize	84
undersized	91
underslung	136
understaffed	127
understand	62
understandable	84
understanding	78
understate	123
understatement	104
understudy	121
undertake	115
undertaker	103
undertaking	103
undertone	116
undertow	129
underutilized	128
underwear	39
underweight	77
underwhelmed	124
underworld	94
underwrite	122
underwriter	152
underwriting	147
undeserved	100
undeserving	111
undesirable	106
undesired	107
undetectable	110
undetected	99
undetermined	117
undeterred	109
undeveloped	102
undeviating	146
undiagnosed	125
undigested	107
undignified	135
undiluted	108
undiminished	117
undimmed	107
undiplomatic	144
undirected	111
undisciplined	105
undisclosed	114
undiscovered	85
undisguised	106
undisputable	113
undisputed	105
undistinguished	130
undistorted	121
undistracted	102
undisturbed	94
undividable	115
undivided	93
undo	78
undoable	108
undock	97
undocumented	130
undoing	81
undomesticated	147
undoubted	107
undraped	128
undreamed	96
undress	53
undressed	40
undrinkable	74
undue	109
undulating	148
undulation	151
undulatory	154
undying	104
unearned	102
unearth	111
unearthly	115
unease	84
uneasiness	94
uneasy	92
uneatable	85
uneaten	78
unedited	107
uneducable	169
uneducated	100
unelectable	145
unelected	105
unembarrassed	117
unemotional	98
unemployable	122
unemployed	113
unemployment	110
unenclosed	116
unencumbered	145
unending	90
unendurable	128
unenforceable	119
unengaged	124
unenlightened	138
unenlightening	127
unenthused	116
unenviable	135
unequal	93
unequaled	112
unequipped	123
unequivocal	149
unerring	136
unescorted	126
unessential	102
unethical	143
uneven	73
uneventful	104
unexamined	115
unexampled	132
unexcelled	101
unexceptional	106
unexciting	85
unexcused	91
unexpected	102
unexpired	101
unexplainable	91
unexplained	81
unexploded	101
unexploited	142
unexplored	84
unexposed	123
unexpressed	110
unexpurgated	121
unfailing	116
unfair	56
unfairness	74
unfaithful	104
unfaithfulness	114
unfamiliar	90
unfamiliarity	118
unfashionable	96
unfasten	79
unfastened	80
unfathomable	150
unfathomed	126
unfazed	107
unfeasible	148
unfed	88
unfeeling	99
unfelt	110
unfeminine	116
unfertilized	122
unfettered	139
unfiltered	103
unfinished	77
unfired	101
unfit	106
unfitness	125
unfix	104
unflagging	135
unflappable	133
unflattering	104
unflinching	113
unfocused	103
unfold	80
unforced	91
unforeseeable	116
unforeseen	121
unforgettable	89
unforgivable	96
unforgiving	95
unformed	99
unfortunate	91
unfortunately	79
unfounded	123
unfreeze	72
unfreezing	90
unfriendliness	64
unfriendly	70
unfrocked	124
unfroze	82
unfrozen	64
unfulfilled	114
unfulfilling	106
unfunny	88
unfurl	122
unfurnished	106
ungainly	104
ungallant	120
ungenerous	107
ungentlemanly	98
unglued	73
ungodliness	94
ungodly	87
ungovernable	118
ungoverned	115
ungraceful	87
ungracious	111
ungraded	107
ungrammatical	118
ungrateful	92
ungrounded	101
unguarded	106
unguent	131
unguided	108
unhallowed	132
unhand	116
unhandsome	98
unhappiness	68
unhappy	49
unharmed	92
unharmonious	126
unharnessed	103
unhealthy	68
unheard	85
unheated	85
unheeded	123
unhelpful	82
unhindered	122
unhinge	114
unhip	124
unhitch	93
unhittable	106
unholy	94
unhook	72
unhorse	97
unhurt	72
unhygienic	116
unicellular	124
unicorn	48
unicycle	73
unicyclist	82
unidentifiable	106
unidentified	100
unidirectional	138
unification	143
unified	114
uniform	56
uniformed	79
uniformity	118
unify	104
unifying	117
unilateral	141
unimaginable	105
unimaginative	103
unimpaired	114
unimpeachable	127
unimpeded	141
unimportance	99
unimportant	78
unimpressed	95
unimpressive	97
unimproved	98
unindicted	154
uninfected	101
uninformed	124
uninhabitable	119
uninhabited	93
uninhibited	132
uninitiated	116
uninjured	88
uninspected	110
uninspired	110
uninspiring	113
uninsured	133
unintelligent	107
unintelligible	141
unintended	112
unintentional	93
uninterested	91
uninteresting	101
uninterrupted	95
uninvited	90
uninviting	98
uninvolved	110
union	94
unionism	150
unionist	139
unionize	156
unique	86
uniqueness	107
unisex	114
unison	111
unit	78
unitarian	140
unite	79
unity	95
universal	102
universalist	136
universe	93
university	107
unjust	113
unjustified	114
unkempt	130
unkind	72
unkindness	77
unknowable	98
unknowing	85
unknown	81
unlace	82
unladylike	104
unlamented	138
unlatch	85
unlawful	113
unleaded	116
unlearn	106
unleash	84
unleavened	129
unless	72
unlicensed	113
unlighted	87
unlikable	86
unlikeable	80
unlikelihood	110
unlikely	88
unlimber	132
unlimited	91
unlink	123
unlisted	112
unlit	76
unlivable	97
unlived	112
unload	79
unlock	71
unlogged	131
unlooked	103
unloose	116
unloosen	88
unlovable	87
unloved	73
unlovely	101
unloving	90
unlucky	70
unmade	90
unmake	113
unman	134
unmanageable	111
unmanliness	116
unmanly	107
unmanned	114
unmannered	99
unmannerly	96
unmapped	108
unmarked	80
unmarketable	123
unmarried	90
unmask	93
unmatched	98
unmeet	116
unmentionable	112
unmentionables	132
unmentioned	112
unmerciful	101
unmet	124
unmilitary	116
unmissed	109
unmistakable	102
unmitigated	158
unmixed	79
unmodified	132
unmolested	135
unmonitored	119
unmoor	133
unmotivated	104
unmoving	81
unmusical	91
unnamable	111
unnamed	87
unnatural	94
unnecessary	95
unneeded	106
unnerve	118
unnoticeable	104
unnoticed	96
unnumbered	92
unobserved	106
unobstructed	107
unobtainable	140
unobtrusive	138
unobvious	121
unoccupied	88
unofficial	112
unopened	71
unopposed	114
unorganized	101
unoriginal	110
unoriginality	115
unornamented	116
unorthodox	122
unpack	75
unpaid	88
unpainted	77
unpalatable	137
unparalleled	124
unpardonable	135
unpatriotic	112
unpatrolled	111
unpaved	87
unpeel	65
unperceptive	137
unperturbed	128
unpick	93
unpin	84
unplanned	82
unpleasant	93
unpleasantness	90
unpleasing	93
unplug	74
unplugged	54
unpolished	90
unpolluted	92
unpopular	82
unpopularity	106
unpopulated	96
unpractical	116
unpracticed	116
unprecedented	132
unpredictability	121
unpredictable	78
unprejudiced	112
unpremeditated	136
unprepared	80
unpreparedness	112
unprepossessing	144
unpreserved	110
unpretending	98
unpretentious	140
unprincipled	129
unprintable	120
unprocessed	105
unproduced	115
unproductive	105
unprofessional	108
unprofitable	110
unprogressive	131
unpromising	122
unprompted	105
unpronounceable	119
unprotected	93
unproven	101
unprovoked	123
unpublished	120
unpunctual	128
unpunctuality	102
unpunished	80
unqualified	122
unquenchable	112
unquestionable	111
unquestioned	106
unquestioning	104
unquiet	86
unquote	126
unranked	106
unrated	87
unravel	102
unraveled	79
unreachable	102
unread	81
unreadable	88
unreal	74
unrealistic	96
unreality	112
unrealized	107
unreason	119
unreasonable	92
unreasonableness	119
unreasoned	108
unreasoning	124
unrecognizable	117
unrecognized	90
unreconstructed	156
unrecorded	119
unrecoverable	108
unrecovered	99
unredeemable	123
unredeemed	136
unreel	100
unrefined	115
unrefrigerated	97
unregistered	104
unregulated	118
unrehearsed	113
unreinforced	112
unrelated	96
unreleased	107
unrelenting	127
unreliability	103
unreliable	89
unrelieved	114
unreligious	103
unremarkable	111
unremarked	120
unremembered	93
unremitting	155
unremorseful	113
unrepaired	90
unrepeatable	90
unrepentant	118
unreported	109
unrepresented	109
unrequested	105
unrequited	151
unresolved	100
unresponsive	110
unrest	105
unrestrained	128
unrestricted	116
unreturned	90
unrevealed	108
unrevealing	116
unrewarded	97
unrewarding	107
unriddle	128
unrighteous	99
unrighteousness	127
unripe	75
unrivalled	128
unroll	66
unromantic	114
unruffled	92
unruly	97
unsaddle	100
unsafe	47
unsalted	73
unsalvageable	137
unsanctified	137
unsanctioned	141
unsanitary	110
unsatisfactory	90
unsatisfied	84
unsaturated	142
unsaved	89
unsavory	136
unsay	124
unscathed	115
unscented	87
unscheduled	99
unschooled	99
unscientific	118
unscramble	101
unscrambled	112
unscreened	110
unscrew	68
unscripted	123
unscrupulous	142
unseal	89
unsearchable	113
unseasonable	111
unseasoned	124
unseat	103
unsecured	114
unseeing	102
unseemliness	123
unseen	96
unselfconscious	120
unselfish	90
unselfishness	99
unsentimental	123
unserious	91
unset	100
unsettle	97
unsettlement	117
unsex	126
unshackle	113
unshackled	100
unshakable	116
unshaken	98
unshaved	97
unshaven	100
unsheathe	122
unshelled	98
unshielded	112
unshod	127
unshorn	133
unsightly	108
unsigned	97
unsinkable	96
unskilled	100
unskillful	98
unsleeping	75
unsmiling	88
unsnarl	116
unsociable	116
unsocial	95
unsold	87
unsolicited	137
unsolvable	104
unsolved	92
unsophisticated	126
unsought	116
unsound	117
unsown	117
unsparing	129
unspeakable	104
unspecific	121
unspecified	113
unspent	104
unspoiled	93
unspoken	93
unsponsored	121
unsporting	127
unsportsmanlike	80
unspotted	79
unstable	104
unstained	88
unstated	107
unsteadiness	112
unsteady	77
unsterilized	120
unstop	90
unstoppable	85
unstopped	88
unstrapped	90
unstring	96
unstructured	130
unstuck	73
unstudied	111
unsubstantial	132
unsubstantiated	125
unsuccessful	94
unsuitability	119
unsuitable	112
unsuited	135
unsullied	114
unsung	126
unsupervised	94
unsupportable	124
unsupported	96
unsure	83
unsurpassed	128
unsuspected	121
unsuspecting	97
unsustainable	137
unsweetened	82
unswerving	118
unsympathetic	106
untainted	109
untalented	91
untamable	132
untamed	98
untangle	68
untangled	74
untapped	127
untarnished	126
untaught	125
untaxed	127
untelevised	104
untenable	154
untended	114
untested	101
unthankful	63
unthawed	106
unthinkable	101
unthinking	94
unthreatened	110
unthreatening	98
unthrifty	121
untidiness	76
untidy	87
untie	48
until	59
untimed	95
untimely	100
untiring	122
untitled	98
untold	88
untouchable	94
untouched	77
untoward	129
untraceable	116
untraced	104
untracked	102
untraditional	113
untrained	90
untrammeled	120
untranslatable	116
untreatable	112
untreated	99
untried	118
untroubled	98
untrue	65
untrusting	103
untrustworthy	111
untruth	76
untruthful	67
untruthfulness	90
unturned	99
untutored	112
untwine	115
untwist	73
unusable	82
unused	79
unusual	86
unutterable	133
unuttered	126
unvalued	102
unvanquished	135
unvarnished	118
unveil	110
unvented	139
unventilated	121
unverifiable	137
unverified	111
unviable	129
unwanted	64
unwarned	98
unwarrantable	150
unwarranted	128
unwary	126
unwashed	75
unwatchable	102
unwatched	87
unwavering	127
unwearied	122
unweave	111
unwed	111
unwedded	121
unwelcome	86
unwelcomed	88
unwelcoming	109
unwell	75
unwholesome	117
unwieldiness	137
unwieldy	124
unwilling	86
unwillingness	95
unwind	84
unwinnable	114
unwire	89
unwise	74
unwished	89
unwitting	124
unworkable	100
unworldly	114
unworn	74
unworthiness	112
unworthy	108
unwrap	48
unwrapped	66
unwrinkled	85
unwritten	107
unyielding	135
unzip	61
upbeat	116
upbringing	93
upcoming	92
upcountry	120
update	90
updraft	108
upend	112
upgrade	92
upheaval	128
uphold	106
upholstery	126
upkeep	112
upland	113
uplift	100
uplifting	102
uplink	139
upload	133
upon	62
upper	76
upperclassman	129
uppercut	120
uppermost	98
uppity	98
upright	80
uprise	120
uprising	112
uproar	96
uproarious	120
uproot	100
uprooted	102
upscale	110
upset	53
upshot	135
upsides	93
upsilon	157
upslope	121
upstage	106
upstairs	39
upstanding	109
upstart	110
upstroke	97
upsurge	139
upswing	129
uptake	120
uptick	151
uptight	98
upturned	90
upward	61
upwards	74
upwelling	112
upwind	118
uranium	106
urban	98
urbane	124
urbanite	159
urbanization	138
urchin	109
urea	142
uremia	169
uremic	130
ureter	151
urethane	144
urethra	127
urethral	147
urge	91
urgency	98
urgent	87
uric	144
urinal	85
urinalysis	147
urinary	126
urinate	76
urination	96
urine	98
urn	99
urologic	156
urological	183
urologist	147
urology	162
ursine	142
urticaria	187
us	42
usable	77
usage	107
use	45
useable	93
useful	64
usefulness	103
useless	70
uselessness	84
user	96
usher	94
usherette	131
usual	89
usurer	134
usurious	182
usurp	148
usurpation	136
usurper	139
usury	169
utensil	77
uterine	138
uterus	128
utile	146
utilitarian	155
utility	114
utilization	118
utilize	106
utmost	105
utopian	133
utopianism	141
utter	90
utterance	135
uttermost	127
uvula	117
uxorious	175
vacancy	80
vacant	96
vacate	103
vacation	52
vacationer	89
vacationland	90
vaccinate	107
vaccination	92
vaccine	82
vacillate	146
vacillator	153
vacuolization	160
vacuous	156
vacuum	67
vacuumcleaner	57
vagabond	124
vagary	148
vagina	89
vaginal	119
vagrancy	133
vagrant	132
vague	98
vagueness	142
vail	103
vain	107
vainglorious	141
vainglory	157
valance	138
vale	117
valediction	150
valedictorian	130
valedictory	136
valency	138
valerian	160
valet	137
valetudinarian	165
valiant	112
valid	89
validate	129
validation	121
validity	135
valise	136
valium	137
valley	79
valor	134
valorize	149
valorous	128
valuable	86
valuables	78
valuate	133
valuation	127
value	68
valueless	110
valve	108
valvular	173
vamoose	120
vamp	151
vampire	72
vampirism	109
van	52
vanadium	154
vandal	107
vandalism	120
vandalistic	120
vandalize	105
vane	106
vanguard	131
vanilla	48
vanish	86
vanishing	83
vanity	114
vanload	103
vanquish	107
vanquished	126
vanquisher	123
vanquishing	136
vantage	121
vapid	147
vapidity	150
vapor	84
vaporization	118
vaporize	108
vaporizer	107
vaporous	133
vaporware	132
vaquero	113
variability	126
variable	105
variance	140
variant	117
variation	101
varicolored	135
varicose	122
variegated	125
variegation	146
varietal	142
variety	79
various	96
varlet	136
varmint	112
varnish	103
varsity	116
vary	89
varying	101
vas	127
vascular	151
vase	79
vasectomy	140
vasoconstriction	174
vasoconstrictor	163
vasodilator	176
vasomotor	171
vasopressin	174
vassal	129
vast	96
vastness	115
vasty	150
vat	98
vatic	170
vault	92
vaunted	134
veal	112
vector	111
veer	115
vegan	142
veganism	141
vegetable	42
vegetal	134
vegetarian	91
vegetarianism	116
vegetation	106
vegetative	126
veggie	66
vehement	140
vehicle	66
vehicular	110
veil	97
veiled	115
vein	85
velar	195
velcro	115
vellum	156
velocipede	148
velocity	126
velour	129
velours	133
velum	164
velvet	76
velveteen	89
velvety	80
vena	144
venal	141
venality	144
venation	140
vend	103
vendee	156
vendetta	132
vending	113
vendingmachine	70
vendor	102
veneer	116
venerable	148
venerate	170
veneration	161
venereal	153
venetian	131
vengeance	106
vengeful	117
venison	116
venom	80
venomous	86
venous	144
vent	101
ventilate	128
ventilating	118
ventilation	104
ventilator	114
ventral	139
ventricle	135
ventricular	146
ventriloquism	115
ventriloquist	85
venture	112
venturesome	134
venue	122
venus	86
veracity	151
veranda	119
verb	80
verbal	84
verbalization	108
verbalize	112
verbiage	152
verbose	127
verboten	145
verdant	130
verdict	110
verdigris	158
verge	114
verifiable	133
verification	113
verify	103
verisimilitude	160
veritable	133
verity	151
vermicelli	148
vermiform	198
vermilion	118
vermin	108
vermouth	171
vernacular	143
vernal	115
vernier	127
versatile	122
versatility	136
verse	82
versify	123
version	81
versus	85
vertebra	107
vertebral	124
vertebrate	106
vertex	131
vertical	97
vertigo	136
verve	100
very	49
vesicle	143
vesper	133
vespers	133
vessel	99
vest	58
vestal	154
vestibule	114
vestige	133
vestigial	161
vestment	142
vestry	138
vesture	159
vet	78
veteran	99
veterinarian	89
veterinary	78
veto	114
vex	144
vexation	148
vexatious	141
viability	143
viable	141
viaduct	133
vial	101
viands	186
vibe	110
vibes	100
vibrant	111
vibraphone	134
vibrate	102
vibration	96
vibrato	125
vibrator	134
vibratory	144
vicar	125
vicarage	136
vicarious	145
vice	125
vicegerent	175
viceroy	162
vichyssoise	134
vicinity	103
vicious	95
viciousness	123
vicissitude	138
victim	94
victimization	134
victimize	120
victimizer	134
victimless	128
victorious	100
victory	75
victuals	113
vicuna	200
video	81
videocassette	71
videophone	131
videotape	94
vie	128
view	56
viewer	92
viewership	128
viewfinder	98
viewing	73
viewpoint	110
viewport	129
vigil	94
vigilance	112
vigilant	132
vigilante	124
vigilantism	140
vigor	106
vigorous	101
vile	117
vileness	109
vilify	155
villa	105
village	78
villager	83
villain	83
villainess	118
villainous	115
villainy	98
villanelle	180
villous	150
vim	125
vinaigrette	122
vindicate	118
vindication	136
vindicator	135
vindictive	142
vindictiveness	142
vine	70
vinegar	71
vinegary	105
vineyard	110
vinous	143
vintage	120
vinyl	107
viol	154
violable	141
violate	105
violation	109
violator	109
violence	64
violent	76
violet	75
violin	74
violinist	92
violoncello	126
viper	98
virago	152
viral	141
vireo	146
virgin	106
virginal	122
virginity	115
viridian	166
virile	144
virility	161
virologist	161
virology	159
virtual	104
virtually	118
virtue	115
virtuosity	135
virtuoso	129
virtuous	121
virulent	161
virus	95
visa	122
visage	130
viscera	146
visceral	154
viscose	132
viscosity	135
viscount	159
viscous	133
viselike	132
visibility	108
visible	80
vision	66
visionary	122
visit	58
visitant	121
visitation	105
visitor	64
visor	78
vista	127
visual	91
visualization	109
visualize	99
visualizer	127
vita	149
vital	103
vitalism	115
vitality	129
vitals	117
vitamin	54
vitamins	62
vitiate	163
vitiation	165
vitreous	142
vitrify	180
vitriol	153
vitriolic	148
vitro	148
vituperation	138
viva	116
vivace	148
vivacious	134
vivacity	134
vivant	114
vivid	118
vividness	114
vivification	157
vivisection	168
vivisectionist	160
vixen	110
vizier	160
voc	150
vocabulary	67
vocal	80
vocalic	142
vocalist	106
vocalization	110
vocalize	94
vocation	126
vocational	130
vocative	143
vociferous	155
vodka	111
vogue	116
voguish	148
voice	48
voiceless	111
voicemail	118
voiceprint	142
void	106
voile	144
volatile	130
volatility	153
volatilize	137
volcanic	83
volcanism	111
volcano	67
vole	120
volition	133
volley	102
volleyball	70
volt	110
voltage	118
voltaic	159
voltmeter	133
volubility	150
voluble	141
volume	64
volumes	96
voluminous	141
voluntary	92
volunteer	69
volunteerism	108
voluptuary	162
voluptuous	127
vomit	57
voodoo	105
voracious	122
voraciousness	132
vortex	129
vote	78
voter	79
votive	117
vouch	114
voucher	103
vouchsafe	136
vow	93
vowel	65
voyage	78
voyeur	146
voyeurism	144
voyeuristic	144
vulcanization	148
vulcanize	149
vulcanized	143
vulgar	116
vulgarian	136
vulgarism	129
vulgarity	119
vulnerability	100
vulnerable	123
vulture	89
vulva	131
wackiness	79
wacko	90
wacky	77
wad	88
wadding	119
waddle	78
wade	86
wader	106
wafer	69
waffle	53
waft	116
wag	45
wage	111
wager	101
wages	96
waggish	158
waggle	100
wagon	52
wagonload	88
waif	128
wail	94
wailer	108
wain	139
wainscot	137
wainscoting	152
wainwright	145
waist	64
waistband	95
waistcoat	119
waistline	87
wait	43
waiter	83
waitperson	85
waitress	72
waive	126
waiver	112
wake	56
wakeful	95
wakefulness	113
waken	82
wakeup	51
walk	34
walkabout	128
walkaway	77
walkman	103
walkout	110
walkup	102
walkway	80
wall	38
wallaby	124
wallboard	93
wallet	59
walleye	129
walleyed	127
wallflower	116
wallop	101
walloping	101
wallow	93
wallpaper	66
walnut	62
walrus	51
waltz	104
wampum	119
wand	64
wander	69
wanderer	96
wanderlust	131
wane	135
wangle	130
wannabe	113
want	42
wanton	137
wantonness	127
war	77
warble	109
warbler	116
ward	107
warden	110
warder	103
wardrobe	78
wardroom	133
ware	107
warehouse	86
warehousing	104
warfare	90
warhead	105
warhorse	132
wariness	119
warless	124
warlike	82
warlock	97
warlord	120
warm	46
warmhearted	94
warmonger	132
warmouth	171
warmth	63
warn	57
warning	61
warp	89
warpath	101
warped	94
warplane	82
warrant	114
warrantee	126
warrantless	136
warranty	112
warring	104
warrior	82
warship	104
wart	72
warthog	78
wartime	82
warty	93
wary	101
wasabi	140
wash	40
washable	77
washbasin	85
washboard	86
washbowl	73
washcloth	42
washday	95
washer	63
washerwoman	84
washhouse	109
washingmachine	48
washout	107
washrag	64
washroom	60
washstand	107
washtub	71
washwoman	105
washy	92
wasp	56
waspish	141
wassail	140
wastage	116
waste	65
wastebasket	57
wasteful	71
wastefulness	94
wasteland	124
wastepaper	83
waster	76
wastewater	115
watch	43
watchable	90
watchband	72
watchdog	94
watcher	63
watchful	82
watchfulness	97
watchmaker	84
watchman	105
watchtower	90
watchword	125
waterbed	72
waterbird	102
watercolor	77
watercolorist	108
watercress	131
waterfall	55
waterfowl	117
waterfront	82
waterhole	76
wateringcan	72
waterline	104
waterlogged	115
watermark	123
watermarked	144
watermelon	42
waterproof	87
waterproofing	108
watershed	117
waterspout	76
watertight	128
waterway	94
waterwheel	99
waterworks	80
watery	66
watt	123
wattage	93
wattle	114
wave	43
waveform	144
wavelength	120
waver	113
wavy	59
wax	60
waxed	86
waxen	106
waxwing	152
waxwork	119
waxy	80
way	54
waybill	143
wayfarer	157
wayfaring	139
waylay	130
wayside	114
wayward	105
we	50
weak	56
weaken	80
weakling	96
weakness	84
weal	148
weald	149
wealth	88
wealthy	79
wean	97
weapon	70
weaponless	106
weaponry	113
wear	46
wearable	97
wearer	72
weariness	118
weary	96
weasel	72
weather	59
weathercock	117
weatherman	71
weatherproof	105
weathertight	123
weatherworn	113
weave	99
web	54
webbed	86
webbing	104
webby	101
webcam	156
webcast	169
webcasting	157
webmaster	162
webpage	120
website	127
wed	70
wedded	98
wedding	60
wedge	94
wedgie	79
wedlock	109
wee	64
weed	68
weeds	58
weedy	108
week	51
weekday	68
weekend	48
weekender	119
weeklong	78
weekly	74
weeknight	65
weenie	61
weensy	93
weeny	79
weep	85
weeper	106
weeping	67
weepy	82
weft	162
weigh	66
weight	65
weightless	93
weightlessness	86
weightlift	94
weightlifter	83
weightlifting	95
weighty	106
weird	56
weirdness	86
weirdo	82
welch	95
welcome	41
weld	116
welder	94
welding	102
welfare	111
welkin	185
well	62
wellbeing	116
wellborn	111
wellhead	165
wellmannered	82
wellness	100
wellspring	136
welsh	129
welt	92
welter	124
welterweight	114
wench	107
wend	128
werewolf	72
weskit	149
west	59
westbound	103
westerly	116
western	67
westerner	92
westernization	138
westernmost	96
wetback	134
wetland	108
wetness	76
wetsuit	88
whack	62
whacker	111
whale	55
whaleboat	95
whalebone	92
whaler	115
whaling	103
wham	74
whammy	91
whap	88
wharf	109
what	39
whatever	61
whatnot	96
wheat	65
wheaten	117
wheatgrass	127
wheedle	108
wheel	44
wheelbarrow	68
wheelbase	141
wheelchair	69
wheelhouse	126
wheelie	63
wheelman	128
wheelwright	116
wheeze	86
wheezy	100
whelk	129
whelp	104
when	42
whence	141
whenever	64
where	41
whereabouts	94
whereas	107
whereby	108
wherefore	126
wherever	70
wherewithal	121
wherry	123
whet	124
whether	71
whetstone	128
whey	102
which	66
whichever	83
whicker	112
whiff	97
whiffletree	138
whig	108
while	71
whilst	113
whim	107
whimper	82
whimsical	111
whimsicality	127
whimsy	103
whine	55
whiner	72
whiney	76
whinny	74
whiny	72
whip	70
whiplash	117
whippersnapper	95
whippet	131
whippoorwill	123
whir	104
whirl	74
whirligig	117
whirlpool	90
whirlwind	105
whirly	85
whirlybird	124
whish	85
whisk	87
whiskbroom	112
whisker	50
whiskered	85
whiskers	51
whiskey	94
whisper	43
whisperer	81
whispery	107
whist	153
whistle	54
whistling	63
whit	107
white	41
whitecaps	116
whitefish	104
whiten	71
whiteness	79
whiteout	90
whitetail	101
whitewall	109
whitewash	110
whither	111
whithersoever	153
whiting	128
whitish	87
whittle	111
whittler	89
whiz	83
whizzer	106
who	38
whodunit	116
whoever	65
whole	69
wholegrain	132
wholehearted	121
wholeness	102
wholesale	117
wholesaler	126
wholesome	95
wholesomeness	96
whom	84
whoop	101
whoopee	78
whop	90
whopper	78
whopping	81
whore	122
whorehouse	119
whoremaster	164
whoremonger	134
whoreson	158
whorish	134
whorl	134
whoso	147
why	40
wick	78
wicked	83
wickedness	88
wicker	95
wicket	136
wicking	135
wide	58
widen	68
wideness	87
widescreen	138
widespread	94
widget	144
widow	90
widowed	102
widower	94
widowhood	104
width	88
wield	113
wielder	129
wiener	74
wienie	72
wife	57
wifehood	133
wifeless	105
wifely	114
wig	56
wiggle	40
wiggler	67
wigless	113
wigmaker	101
wigwag	122
wigwam	89
wiki	185
wild	61
wildcard	97
wildcat	74
wildcatter	164
wildebeest	113
wilderness	90
wildfire	96
wildflower	64
wildlife	62
wildness	85
wile	118
wiliness	133
will	75
willies	89
willing	86
willingness	88
willow	68
willowy	110
willpower	106
wilt	78
wily	109
wimp	73
wimple	146
wimpy	88
win	42
wince	89
winch	122
wind	39
windage	125
windbag	106
windblown	93
windbreak	90
windbreaker	68
windburn	96
windcheater	162
winder	82
windfall	126
windlass	153
windless	95
windmill	53
window	47
windowless	86
windowpane	86
windowsill	52
windpipe	93
windproof	92
windscreen	109
windshield	78
windsock	120
windstorm	82
windsurf	114
windsurfer	107
windsurfing	113
windswept	110
windup	82
windy	54
wine	79
wineglass	88
winegrower	113
winemaker	111
winemaking	105
winery	108
wing	48
wingding	117
winged	86
winger	133
wingless	78
wingman	128
wingspan	96
wingspread	94
wingtip	124
wink	76
winker	84
winless	116
winnable	104
winner	56
winnings	71
wino	112
winsome	119
winsomeness	154
winter	44
winterberry	124
wintergreen	84
winterize	102
wintertime	56
wintery	86
wintry	86
wipe	48
wipeout	75
wiper	84
wire	49
wiregrass	136
wirehair	123
wireless	140
wireman	130
wiretap	130
wiring	92
wiry	98
wisdom	96
wise	68
wiseacre	111
wisecrack	92
wisenheimer	124
wish	38
wishbone	72
wisher	70
wishful	85
wisp	97
wispy	101
wistful	115
wistfulness	131
wit	110
witch	48
witchcraft	97
witchery	100
witching	121
witchy	83
with	44
withdraw	99
withdrawal	98
wither	93
withering	102
withhold	123
withholder	134
withholding	128
within	76
without	65
withstand	100
withy	136
witless	113
witness	87
wits	103
witticism	144
witting	139
witty	103
wiz	89
wizard	63
wizardry	88
wizened	146
woad	150
wobble	66
wobbly	60
woe	108
woebegone	128
woeful	96
wok	123
wold	152
wolf	45
wolfhound	117
wolfish	122
wolfsbane	133
wolverine	102
woman	50
womanhood	106
womanish	99
womanize	136
womanizer	131
womankind	116
womanlike	98
womanly	110
womb	95
wombat	113
womenfolk	98
wonder	76
wonderful	65
wonderfulness	92
wonderment	124
wondrous	110
wonk	119
wonky	123
wont	76
wonton	132
woo	109
wood	46
woodblock	86
woodcarver	89
woodcarving	82
woodchopper	83
woodchuck	83
woodcock	136
woodcraft	90
woodcutter	79
woodcutting	80
wooded	87
wooden	59
woodenhead	136
woodland	72
woodpecker	65
woodpile	68
woods	49
woodshed	77
woodshop	95
woodsman	98
woodsy	90
woodwind	94
woodwork	104
woodworker	92
woodworking	89
woodworm	123
wooer	128
woof	35
woofer	136
wool	81
woolen	78
woolgathering	121
woozy	78
wop	117
word	44
wordage	128
wording	102
wordless	102
wordplay	110
wordsmith	111
wordy	109
work	59
workability	111
workable	99
workaday	104
workaholic	101
workbench	68
workbook	66
workbox	93
workday	91
worker	67
workfare	144
workforce	112
workhorse	105
workhouse	117
workingman	106
workings	82
workload	104
workman	61
workmanship	124
workout	87
workplace	101
workroom	97
worksheet	80
workshop	78
workspace	88
workstation	113
workup	121
workweek	100
world	53
worldliness	121
worldly	106
worldview	123
worldwide	94
worm	39
wormhole	124
wormless	99
wormwood	149
wormy	68
worried	66
worrier	70
worriment	156
worrisome	90
worry	66
worrying	65
worrywart	94
worsen	83
worsening	108
worship	70
worshipful	98
worshipper	78
worsted	133
wort	109
worth	71
worthiness	113
worthless	93
worthlessness	98
worthwhile	106
worthy	103
would	53
wound	75
wrack	129
wraith	131
wrangle	103
wrangler	103
wrap	70
wraparound	120
wrapper	61
wrath	102
wrathful	108
wreak	90
wreaker	105
wreath	71
wreathe	90
wreck	76
wreckage	85
wrecker	107
wren	94
wrench	78
wrest	126
wrestle	50
wrestler	75
wrestling	69
wretch	102
wretched	102
wretchedness	127
wriggle	65
wring	82
wringer	87
wrinkle	72
wrinkled	73
wrinkly	76
wrist	59
wristband	80
wristlet	129
wristwatch	73
writ	152
write	49
writeable	91
writer	73
writhe	110
writing	48
wrong	42
wrongdoer	88
wrongdoing	98
wrongful	87
wrongness	86
wroth	129
wry	134
wunderkind	134
wyvern	139
xenon	146
xenophobe	165
xenophobia	156
xenophobic	139
xylem	136
xylophone	71
xylophonist	121
yacht	101
yachting	115
yachtsman	111
yahoo	121
yak	78
yakitori	200
yam	83
yammer	132
yammerer	140
yank	73
yap	78
yappy	93
yard	39
yardage	112
yardarm	150
yardman	112
yardmaster	135
yardstick	68
yare	133
yarmulke	140
yarn	66
yaw	125
yawl	114
yawn	53
yawner	83
yawp	128
yea	63
year	52
yearbook	104
yearling	113
yearlong	101
yearn	116
yeast	95
yell	38
yeller	79
yellow	32
yellowing	100
yellowness	66
yellowtail	113
yellowy	86
yelp	77
yen	127
yenta	185
yeoman	133
yerba	190
yeshiva	142
yester	126
yesterday	46
yesteryear	111
yet	70
yeti	109
yew	105
yield	80
yodel	82
yoga	132
yogic	151
yogurt	37
yoke	79
yokel	122
yolk	59
yond	126
yonder	89
yoni	190
yore	115
you	43
young	46
youngberry	138
youngish	91
youngster	61
younker	178
your	41
yours	45
yourself	50
youth	69
youthful	88
yowl	129
yoyo	56
yucca	133
yucky	42
yule	100
yuletide	103
yummy	34
yuppie	133
yurt	186
zabaglione	162
zaftig	100
zaibatsu	183
zany	106
zap	66
zapper	78
zeal	131
zealot	123
zealotry	126
zealous	128
zealousness	138
zebra	48
zee	140
zeitgeist	133
zenith	129
zephyr	137
zero	53
zest	106
zesty	93
zeta	143
ziggurat	142
zigzag	61
zilch	94
zillion	87
zillionth	94
zinc	125
zinfandel	172
zing	98
zinger	100
zip	53
zipper	50
zippered	68
zippy	73
zircon	120
zirconium	151
zit	109
zither	175
ziti	121
zloty	157
zodiac	98
zodiacal	153
zombie	77
zone	88
zoning	118
zoo	38
zoological	124
zoologist	111
zoology	102
zoom	86
zoon	124
zucchini	68
zwieback	161
zygote	154
